repository,commit_hash,timestamp,temporal_marker,files_changed,lines_added,lines_deleted,branch_or_ref,branch_or_ref_source,ID_Equipe,Semestre,ID_Autor_Local,source_type
extensao3-2026_1-team4-SmartFlow-WhatsApp-AI-2d2e1132b2a4,9873222640e80e7460fa79b4067345e676cff8f3,2026-02-28T13:02:40-03:00,T1,3,230,0,chat-frontend,git_branch_contains,TEAM_04,2026.1,Dev_D,git_commit
extensao3-2026_1-team4-SmartFlow-WhatsApp-AI-2d2e1132b2a4,590f393954d1c509db8d7da32bc06f1482956f12,2026-02-28T23:34:10-03:00,T1,1,89,0,chat-frontend,git_branch_contains,TEAM_04,2026.1,Dev_B,git_commit
extensao3-2026_1-team4-SmartFlow-WhatsApp-AI-2d2e1132b2a4,318c51863480308fbe65f8e8ade3e6f46db1d02f,2026-03-01T00:35:33-03:00,T1,8,39,0,chat-frontend,git_branch_contains,TEAM_04,2026.1,Dev_B,git_commit
extensao3-2026_1-team4-SmartFlow-WhatsApp-AI-2d2e1132b2a4,68e349cb8d0b277c1b131fdea7a149b083f04d3c,2026-03-06T13:12:10-03:00,T1,9,147,27,chat-frontend,git_branch_contains,TEAM_04,2026.1,Dev_B,git_commit
extensao3-2026_1-team4-SmartFlow-WhatsApp-AI-2d2e1132b2a4,12b03f9bed50215d0af568374ecc4b1ab0e120fa,2026-03-07T00:28:38-03:00,T1,18,1444,2,chat-frontend,git_branch_contains,TEAM_04,2026.1,Dev_B,git_commit
extensao3-2026_1-team4-SmartFlow-WhatsApp-AI-2d2e1132b2a4,ca541f9d62c3e368537763805a00d79d5c0314cb,2026-03-07T22:05:43-03:00,T1,1,6,6,chat-frontend,git_branch_contains,TEAM_04,2026.1,Dev_B,git_commit
extensao3-2026_1-team4-SmartFlow-WhatsApp-AI-2d2e1132b2a4,9221b30205b9f6ab8d89f35a10b39a8f970e743b,2026-03-07T23:37:02-03:00,T1,1,44,6,chat-frontend,git_branch_contains,TEAM_04,2026.1,Dev_B,git_commit
extensao3-2026_1-team4-SmartFlow-WhatsApp-AI-2d2e1132b2a4,9e524ab327eda582848b4aa45bc05dc0ba5749f5,2026-03-08T00:28:37-03:00,T1,1,12,0,chat-frontend,git_branch_contains,TEAM_04,2026.1,Dev_B,git_commit
extensao3-2026_1-team4-SmartFlow-WhatsApp-AI-2d2e1132b2a4,a27423cb8b98623a8bc4ebac393b671f8a7841c9,2026-03-08T19:51:12-03:00,T1,3,77,4,chat-frontend,git_branch_contains,TEAM_04,2026.1,Dev_B,git_commit
extensao3-2026_1-team4-SmartFlow-WhatsApp-AI-2d2e1132b2a4,baac492918fe38a648bc90b686b7e8778b579649,2026-03-09T22:16:34-03:00,T1,2,105,0,chat-frontend,git_branch_contains,TEAM_04,2026.1,Dev_B,git_commit
extensao3-2026_1-team4-SmartFlow-WhatsApp-AI-2d2e1132b2a4,d741a9e2c9c9361d8ad8245f4e3b53a9257fc4e3,2026-06-14T12:29:15-03:00,T3,95,13031,0,chat-frontend,git_branch_contains,TEAM_04,2026.1,Dev_C,git_commit
extensao3-2026_1-team4-SmartFlow-WhatsApp-AI-2d2e1132b2a4,332fb15e87192d75453229597506f5889dd1b552,2026-06-14T12:51:54-03:00,T3,6,78,22,chat-frontend,git_branch_contains,TEAM_04,2026.1,Dev_C,git_commit
extensao3-2026_1-team4-SmartFlow-WhatsApp-AI-2d2e1132b2a4,9de7552b62a4f033b725376edfc766ca5debd5e7,2026-06-14T14:23:53-03:00,T3,1,26,6,chat-frontend,git_branch_contains,TEAM_04,2026.1,Dev_C,git_commit
extensao3-2026_1-team4-SmartFlow-WhatsApp-AI-2d2e1132b2a4,dfeb2fd938ea4a3b16910d544191a3caa847d196,2026-06-17T16:14:20-03:00,T3,112,1455,3554,chat-frontend,git_branch_contains,TEAM_04,2026.1,Dev_A,git_commit
extensao3-2026_1-team4-SmartFlow-WhatsApp-AI-2d2e1132b2a4,0eae1dc6ba31f89406731b8381b82f604cf6cc55,2026-06-17T16:24:51-03:00,T3,1,1,50,chat-frontend,git_branch_contains,TEAM_04,2026.1,Dev_A,git_commit
extensao3-2026_1-team4-SmartFlow-WhatsApp-AI-2d2e1132b2a4,8d556d825d3500bb3955c6b49acc61ddd155253e,2026-06-17T16:26:33-03:00,T3,1,4,4,chat-frontend,git_branch_contains,TEAM_04,2026.1,Dev_A,git_commit
extensao3-2026_1-team4-SmartFlow-WhatsApp-AI-2d2e1132b2a4,696a46c1f635db7f565d33d529185b4606eba8ac,2026-06-17T20:07:12-03:00,T3,96,13075,0,chat-frontend,git_branch_contains,TEAM_04,2026.1,Dev_C,git_commit
extensao3-2026_1-team4-SmartFlow-WhatsApp-AI-2d2e1132b2a4,b7372a5f2fc9799e2385a1009a83f406fb2b8dc9,2026-06-18T01:51:57-03:00,T3,105,285,13170,chat-frontend,git_branch_contains,TEAM_04,2026.1,Dev_A,git_commit
extensao3-2026_1-team4-SmartFlow-WhatsApp-AI-2d2e1132b2a4,c1a79e0b9b3883f5f8f21431130f2793d89ef5ae,2026-06-18T03:29:32-03:00,T3,1,53,62,chat-frontend,git_branch_contains,TEAM_04,2026.1,Dev_A,git_commit
extensao3-2026_1-team4-SmartFlow-WhatsApp-AI-2d2e1132b2a4,a705f9df13a0c767a5125a2cb850dff134c75acc,2026-06-19T09:27:05-03:00,T3,2,16,15,chat-frontend,git_branch_contains,TEAM_04,2026.1,Dev_A,git_commit
extensao3-2026_1-team4-SmartFlow-WhatsApp-AI-2d2e1132b2a4,2263894435ed1b3dd83e05e4134bb1a56d7501d2,2026-06-19T10:08:23-03:00,T3,1,12,0,chat-frontend,git_branch_contains,TEAM_04,2026.1,Dev_A,git_commit
extensao3-2026_1-team4-SmartFlow-WhatsApp-AI-2d2e1132b2a4,287427ad045d9e300dd8802c171a4d6555c2d908,2026-06-19T10:10:31-03:00,T3,1,0,0,chat-frontend,git_branch_contains,TEAM_04,2026.1,Dev_A,git_commit
extensao3-2026_1-team4-SmartFlow-WhatsApp-AI-2d2e1132b2a4,7b68efb529abf1d74e2d3cb049c5235680858447,2026-06-19T10:18:58-03:00,T3,1,42,0,chat-frontend,git_branch_contains,TEAM_04,2026.1,Dev_A,git_commit
extensao3-2026_1-team4-SmartFlow-WhatsApp-AI-2d2e1132b2a4,8cac5ac78a45d710239711b4d24587075969f281,2026-06-19T10:22:44-03:00,T3,2,74,54,chat-frontend,git_branch_contains,TEAM_04,2026.1,Dev_A,git_commit
extensao3-2026_1-team4-SmartFlow-WhatsApp-AI-2d2e1132b2a4,1b8e2a61b80b3594f240fb2bb997fd1bfb7d506d,2026-06-19T15:03:22-03:00,T3,4,43877,0,chat-frontend,git_branch_contains,TEAM_04,2026.1,Dev_C,git_commit
extensao3-2026_1-team4-SmartFlow-WhatsApp-AI-2d2e1132b2a4,98e0caf2665ef7235b796f9999422fc5e9aa0c17,2026-06-19T15:13:51-03:00,T3,1,0,0,chat-frontend,git_branch_contains,TEAM_04,2026.1,Dev_C,git_commit
extensao3-2026_1-team4-SmartFlow-WhatsApp-AI-2d2e1132b2a4,2bb4170f359b05a180b10fc3285f681c41897e95,2026-06-19T15:14:21-03:00,T3,1,0,0,chat-frontend,git_branch_contains,TEAM_04,2026.1,Dev_C,git_commit
extensao3-2026_1-team5-enembot-836dc10bc759,abb666e33b2ba1508b4a61d32fa121d089c3ea79,2026-03-16T14:05:09-03:00,T1,5,245,0,main,git_branch_contains,TEAM_05,2026.1,Dev_F,git_commit
extensao3-2026_1-team5-enembot-836dc10bc759,9992bb04ce7d0fabf05604a31eab9f654aac2f4b,2026-03-16T14:18:07-03:00,T1,1,40,0,main,git_branch_contains,TEAM_05,2026.1,Dev_F,git_commit
extensao3-2026_1-team5-enembot-836dc10bc759,e48a6a83ed9d8273020901b564e73dc6f76083d0,2026-03-21T20:18:41-03:00,T1,2,673,0,main,git_branch_contains,TEAM_05,2026.1,Dev_A,git_commit
extensao3-2026_1-team5-enembot-836dc10bc759,57dc9a6a8be448b9098a672994befb0adf9f997d,2026-03-27T16:34:50-03:00,T1,1,4,0,main,git_branch_contains,TEAM_05,2026.1,Dev_A,git_commit
extensao3-2026_1-team5-enembot-836dc10bc759,46fbb9bdd8217801dc7996925449ce385385030a,2026-03-27T16:37:08-03:00,T1,3,0,0,main,git_branch_contains,TEAM_05,2026.1,Dev_A,git_commit
extensao3-2026_1-team5-enembot-836dc10bc759,6c95738b3c38eddb3033d8ef3f723c535d69cbfc,2026-03-27T17:13:12-03:00,T1,10,36,0,main,git_branch_contains,TEAM_05,2026.1,Dev_A,git_commit
extensao3-2026_1-team5-enembot-836dc10bc759,06b4ff56256ca8becc029ba25d604a7210ef302e,2026-03-27T17:52:15-03:00,T1,4,36,6,main,git_branch_contains,TEAM_05,2026.1,Dev_A,git_commit
extensao3-2026_1-team5-enembot-836dc10bc759,bd9b7d123d2a5cd2c5325451a93eddc298d9b139,2026-03-27T18:07:47-03:00,T1,4,8,8,main,git_branch_contains,TEAM_05,2026.1,Dev_A,git_commit
extensao3-2026_1-team5-enembot-836dc10bc759,3396a5950642a20fff85cceba72feebc657895d7,2026-03-31T13:50:03-03:00,T1,2,85,3,main,git_branch_contains,TEAM_05,2026.1,Dev_B,git_commit
extensao3-2026_1-team5-enembot-836dc10bc759,29a1d5accd4c21393018ca9aabe0291dc761ce74,2026-04-01T21:23:15-03:00,T1,4,65,42,main,git_branch_contains,TEAM_05,2026.1,Dev_B,git_commit
extensao3-2026_1-team5-enembot-836dc10bc759,83992de18631e7cfcb0fe4eb6e4eb000f00f4377,2026-04-02T13:11:44+00:00,T1,1,1,8,main,git_branch_contains,TEAM_05,2026.1,Dev_D,git_commit
extensao3-2026_1-team5-enembot-836dc10bc759,7e814d00532c30d5373bf169a0b177487f311675,2026-04-03T18:03:18-03:00,T1,10,1107,0,main,git_branch_contains,TEAM_05,2026.1,Dev_E,git_commit
extensao3-2026_1-team5-enembot-836dc10bc759,fd29718fc11edb9190fe41a0404267fb5e010811,2026-04-03T18:08:32-03:00,T1,1,51,1,main,git_branch_contains,TEAM_05,2026.1,Dev_G,git_commit
extensao3-2026_1-team5-enembot-836dc10bc759,3025fac48f8f2f76229902c067dba1eabb17fc40,2026-04-10T20:46:09-03:00,T1,1,22,0,main,git_branch_contains,TEAM_05,2026.1,Dev_A,git_commit
extensao3-2026_1-team5-enembot-836dc10bc759,d157aac439b186db9648e16a1b40465a790eeaef,2026-04-11T10:23:27-03:00,T1,5,133,0,main,git_branch_contains,TEAM_05,2026.1,Dev_A,git_commit
extensao3-2026_1-team5-enembot-836dc10bc759,ed889ccb5d07b6c72f6994733b1f44e9d31cd229,2026-04-11T13:01:21-03:00,T1,9,98,26,main,git_branch_contains,TEAM_05,2026.1,Dev_A,git_commit
extensao3-2026_1-team5-enembot-836dc10bc759,deb1b5bb5c876a374f8ae877efcca3b377e331a5,2026-04-11T14:34:58-03:00,T1,11,89,14,main,git_branch_contains,TEAM_05,2026.1,Dev_A,git_commit
extensao3-2026_1-team5-enembot-836dc10bc759,b58f15d9eb9ff58dfdbec4cc12f5ce5ee30ac0ae,2026-04-11T15:32:22-03:00,T1,10,204,19,main,git_branch_contains,TEAM_05,2026.1,Dev_A,git_commit
extensao3-2026_1-team5-enembot-836dc10bc759,f468e663d13483555c3365d300e5b853c11095c3,2026-04-11T17:07:06-03:00,T1,17,251,10,main,git_branch_contains,TEAM_05,2026.1,Dev_A,git_commit
extensao3-2026_1-team5-enembot-836dc10bc759,84ba26f2b20a51729b8d36dc2c3022c56a552551,2026-04-15T17:18:33-03:00,T1,0,0,0,main,git_branch_contains,TEAM_05,2026.1,Dev_G,git_commit
extensao3-2026_1-team5-enembot-836dc10bc759,aa1f793cd54fff5e6cd1d0709f334890cce8a72a,2026-04-15T20:19:49-03:00,T1,8,579,5,main,git_branch_contains,TEAM_05,2026.1,Dev_E,git_commit
extensao3-2026_1-team5-enembot-836dc10bc759,2ac0adea007ae5422a8d149a4a676eaed75ce372,2026-04-16T17:28:17-03:00,T1,10,146,5,main,git_branch_contains,TEAM_05,2026.1,Dev_A,git_commit
extensao3-2026_1-team5-enembot-836dc10bc759,908cc7e9125b8d50c30896337b5fa8573e750b62,2026-04-16T19:13:02-03:00,T1,8,579,5,main,git_branch_contains,TEAM_05,2026.1,Dev_C,git_commit
extensao3-2026_1-team5-enembot-836dc10bc759,242ee73d3b404fe33d2058d7e12255eebd7f3514,2026-04-16T19:15:54-03:00,T1,5,735,1,main,git_branch_contains,TEAM_05,2026.1,Dev_C,git_commit
extensao3-2026_1-team5-enembot-836dc10bc759,44a994200540754599adf7eac322713e6fb6d1b2,2026-04-16T19:18:49-03:00,T1,12,1577,5,main,git_branch_contains,TEAM_05,2026.1,Dev_C,git_commit
extensao3-2026_1-team5-enembot-836dc10bc759,b02b4312355a8b47e79ceaf1b3eea1013a27592b,2026-04-16T19:24:22-03:00,T1,16,1355,287,main,git_branch_contains,TEAM_05,2026.1,Dev_C,git_commit
extensao3-2026_1-team5-enembot-836dc10bc759,0b31272f69eeff5f46e1ee40b82853c12e7f2688,2026-04-16T19:25:15-03:00,T1,1,123,0,main,git_branch_contains,TEAM_05,2026.1,Dev_C,git_commit
extensao3-2026_1-team5-enembot-836dc10bc759,e17caeaf5f2b1d107d7a3c024172fb872fec2920,2026-04-16T19:40:45-03:00,T1,0,0,0,main,git_branch_contains,TEAM_05,2026.1,Dev_G,git_commit
extensao3-2026_1-team5-enembot-836dc10bc759,9ec5879cd6365f82cd99408cc40d474adcc155dc,2026-04-16T20:04:56-03:00,T1,2,2875,141,main,git_branch_contains,TEAM_05,2026.1,Dev_C,git_commit
extensao3-2026_1-team5-enembot-836dc10bc759,4fa4fa9ba4e0f00b2d2a1bd6ebcbbcc3c82381b1,2026-04-16T20:05:06-03:00,T1,3,1147,764,main,git_branch_contains,TEAM_05,2026.1,Dev_C,git_commit
extensao3-2026_1-team5-enembot-836dc10bc759,810ed19fc2f13cf6133237cc15465c48e4268703,2026-04-16T20:05:21-03:00,T1,4,673,89,main,git_branch_contains,TEAM_05,2026.1,Dev_C,git_commit
extensao3-2026_1-team5-enembot-836dc10bc759,9023b8bf2afc69887209550b603bbfb5e3d42b9c,2026-04-16T20:05:43-03:00,T1,13,1246,178,main,git_branch_contains,TEAM_05,2026.1,Dev_C,git_commit
extensao3-2026_1-team5-enembot-836dc10bc759,db057d729829435ccb41d72a1216678108a97462,2026-04-16T20:06:07-03:00,T1,16,957,175,main,git_branch_contains,TEAM_05,2026.1,Dev_C,git_commit
extensao3-2026_1-team5-enembot-836dc10bc759,a1965683218dc44520b6d3c974ed21ea9850f7fe,2026-04-16T20:12:31-03:00,T1,0,0,0,main,git_branch_contains,TEAM_05,2026.1,Dev_H,git_commit
extensao3-2026_1-team5-enembot-836dc10bc759,b7c3c6e466c8481f9b29da5e0c44c3c6fb984317,2026-04-16T20:13:39-03:00,T1,7,129,12,main,git_branch_contains,TEAM_05,2026.1,Dev_A,git_commit
extensao3-2026_1-team5-enembot-836dc10bc759,7a8cbef83e87712cdd80ffb6db2d9292e7ad6618,2026-04-16T20:15:02-03:00,T1,0,0,0,main,git_branch_contains,TEAM_05,2026.1,Dev_H,git_commit
extensao3-2026_1-team5-enembot-836dc10bc759,22d74691e57ee58387ea434ddf91e38968dfeda2,2026-04-16T21:29:57-03:00,T1,6,9,9,main,git_branch_contains,TEAM_05,2026.1,Dev_A,git_commit
extensao3-2026_1-team5-enembot-836dc10bc759,bd6c1657c5e958e08c3d978ca2b12f83a4d21d14,2026-04-17T04:54:30-03:00,T1,1,13,0,main,git_branch_contains,TEAM_05,2026.1,Dev_A,git_commit
extensao3-2026_1-team5-enembot-836dc10bc759,2555e7f50d08162fc3525f145a3e6cc0ecb69ca5,2026-04-17T04:56:36-03:00,T1,0,0,0,main,git_branch_contains,TEAM_05,2026.1,Dev_H,git_commit
extensao3-2026_1-team5-enembot-836dc10bc759,a42087c831bbdcef250adcf25798bdffe5c83991,2026-04-17T07:48:01-03:00,T1,1,7,0,main,git_branch_contains,TEAM_05,2026.1,Dev_H,git_commit
extensao3-2026_1-team5-enembot-836dc10bc759,16d87291d396c620827e9a65d368fca61cbf142a,2026-04-30T17:50:01-03:00,T2,19,792,67,main,git_branch_contains,TEAM_05,2026.1,Dev_B,git_commit
extensao3-2026_1-team5-enembot-836dc10bc759,e32f668aacdbb0f40000053ad8cf1762965f75a7,2026-04-30T21:05:27-03:00,T2,7,92,3,main,git_branch_contains,TEAM_05,2026.1,Dev_B,git_commit
extensao3-2026_1-team5-enembot-836dc10bc759,7c5ba806a6b76a82a840d46f8b84c1f6d61882ce,2026-04-30T22:13:39-03:00,T2,6,321,6,main,git_branch_contains,TEAM_05,2026.1,Dev_B,git_commit
extensao3-2026_1-team5-enembot-836dc10bc759,a9868b01e376b2f8d687745be454ee58fd80dfe6,2026-05-01T17:49:27-03:00,T2,19,128,112,main,git_branch_contains,TEAM_05,2026.1,Dev_B,git_commit
extensao3-2026_1-team5-enembot-836dc10bc759,ec8fdb47e85361184ce3159dc3b86f449584e4fe,2026-05-01T19:24:15-03:00,T2,7,122,56,main,git_branch_contains,TEAM_05,2026.1,Dev_B,git_commit
extensao3-2026_1-team5-enembot-836dc10bc759,34aa3589094d9dad48b06ff6ef96d59a69b13b2b,2026-05-02T10:19:26-03:00,T2,3,125,0,main,git_branch_contains,TEAM_05,2026.1,Dev_A,git_commit
extensao3-2026_1-team5-enembot-836dc10bc759,45809cdfe724b0abf94b55250d17050893b33f8c,2026-05-02T11:58:42-03:00,T2,17,327,4,main,git_branch_contains,TEAM_05,2026.1,Dev_A,git_commit
extensao3-2026_1-team5-enembot-836dc10bc759,14ac3232c7a931f29e956ce0dfe3fb2d47900d1b,2026-05-02T12:21:21-03:00,T2,1,2,0,main,git_branch_contains,TEAM_05,2026.1,Dev_A,git_commit
extensao3-2026_1-team5-enembot-836dc10bc759,3c8833c045bb44ea4569bdc90b3b0ee8c52c913d,2026-05-02T15:27:50-03:00,T2,7,379,22,main,git_branch_contains,TEAM_05,2026.1,Dev_A,git_commit
extensao3-2026_1-team5-enembot-836dc10bc759,56196358ac0cac69e641730279575e5a7de718c7,2026-05-03T17:49:00+00:00,T2,0,0,0,main,git_branch_contains,TEAM_05,2026.1,Dev_I,git_commit
extensao3-2026_1-team5-enembot-836dc10bc759,e66b18c04553f8abf10c34ac1d082015eceba1e1,2026-05-03T14:56:25-03:00,T2,0,0,0,main,git_branch_contains,TEAM_05,2026.1,Dev_G,git_commit
extensao3-2026_1-team5-enembot-836dc10bc759,b8c0bede59e4536ae5ca29ca8d4d29b77ad1a634,2026-05-03T19:44:13-03:00,T2,0,0,0,main,git_branch_contains,TEAM_05,2026.1,Dev_A,git_commit
extensao3-2026_1-team5-enembot-836dc10bc759,aaca82855ff773bcfd9bf734db580c6254963f91,2026-05-03T19:48:43-03:00,T2,0,0,0,main,git_branch_contains,TEAM_05,2026.1,Dev_A,git_commit
extensao3-2026_1-team5-enembot-836dc10bc759,70196891a63cbe482c32dfab9c9085b23087d8b4,2026-05-03T19:51:29-03:00,T2,0,0,0,main,git_branch_contains,TEAM_05,2026.1,Dev_A,git_commit
extensao3-2026_1-team5-enembot-836dc10bc759,8a58767ec82d3f42b42693b0bd5fc2cc4ec13527,2026-05-03T20:25:43-03:00,T2,5,282,29,main,git_branch_contains,TEAM_05,2026.1,Dev_A,git_commit
extensao3-2026_1-team5-enembot-836dc10bc759,a1472511f51997b67a6dabbc868cfda19e182e2b,2026-05-07T16:09:04-03:00,T2,5,26,10,main,git_branch_contains,TEAM_05,2026.1,Dev_B,git_commit
extensao3-2026_1-team5-enembot-836dc10bc759,6cbf43b51890cc388afca7580e76fc9cb91097ab,2026-05-07T19:36:12+00:00,T2,0,0,0,main,git_branch_contains,TEAM_05,2026.1,Dev_D,git_commit
extensao3-2026_1-team5-enembot-836dc10bc759,d157bf73e405ca56e04c4c683897714870fc37c9,2026-05-07T19:37:14+00:00,T2,0,0,0,main,git_branch_contains,TEAM_05,2026.1,Dev_D,git_commit
extensao3-2026_1-team5-enembot-836dc10bc759,1bd49929b11060f28b873643516e638fccec5cb5,2026-05-07T20:24:09-03:00,T2,2,20,13,main,git_branch_contains,TEAM_05,2026.1,Dev_B,git_commit
extensao3-2026_1-team5-enembot-836dc10bc759,65733b447b3573045d9337110ef03e5c5ae236b1,2026-05-08T18:19:07+00:00,T2,0,0,0,main,git_branch_contains,TEAM_05,2026.1,Dev_D,git_commit
extensao3-2026_1-team5-enembot-836dc10bc759,d0f6696875cfc574843a69c59455d158345a4cc4,2026-05-08T15:24:08-03:00,T2,21,659,483,main,git_branch_contains,TEAM_05,2026.1,Dev_B,git_commit
extensao3-2026_1-team5-enembot-836dc10bc759,b079ee38e7428ba9ca79f0357f5161736ee1ef68,2026-05-18T18:57:46-03:00,T2,7,69,5,main,git_branch_contains,TEAM_05,2026.1,Dev_A,git_commit
extensao3-2026_1-team5-enembot-836dc10bc759,fe3b4b1b21e14bfbc6b8dc7d5a1de278a755a81a,2026-05-18T19:27:34-03:00,T2,4,17,7,main,git_branch_contains,TEAM_05,2026.1,Dev_A,git_commit
extensao3-2026_1-team5-enembot-836dc10bc759,4079321008e131d1186117f7b2c249a801938b0f,2026-05-19T06:35:35-03:00,T2,5,145,3,main,git_branch_contains,TEAM_05,2026.1,Dev_A,git_commit
extensao3-2026_1-team5-enembot-836dc10bc759,8a9b446f8d4f31e9f648e8b56e0732cd3959163e,2026-05-19T20:34:18-03:00,T2,6,137,25,main,git_branch_contains,TEAM_05,2026.1,Dev_A,git_commit
extensao3-2026_1-team5-enembot-836dc10bc759,96a0c3edc5e7f29e00adefa0732180c593738ac2,2026-05-20T12:59:02+00:00,T2,0,0,0,main,git_branch_contains,TEAM_05,2026.1,Dev_D,git_commit
extensao3-2026_1-team5-enembot-836dc10bc759,87ae22b663e82a914f9ad443d358f06abb60dce8,2026-05-20T13:14:37-03:00,T2,14,49,361,main,git_branch_contains,TEAM_05,2026.1,Dev_B,git_commit
extensao3-2026_1-team5-enembot-836dc10bc759,12f0aee13f114667e7a2c689d5c4dd8dccf88e8d,2026-05-20T14:49:21-03:00,T2,3,36,18,main,git_branch_contains,TEAM_05,2026.1,Dev_B,git_commit
extensao3-2026_1-team5-enembot-836dc10bc759,2bbf6d7acc21ad1f786bb39b432dfc50b106ad6b,2026-05-20T17:58:39+00:00,T2,0,0,0,main,git_branch_contains,TEAM_05,2026.1,Dev_D,git_commit
extensao3-2026_1-team5-enembot-836dc10bc759,7e1deb83990e04bce64a47f2381717f1a245494e,2026-05-21T13:41:12-03:00,T2,8,192,120,main,git_branch_contains,TEAM_05,2026.1,Dev_E,git_commit
extensao3-2026_1-team5-enembot-836dc10bc759,d96cdedbf0d9fd4530dfaf12a63bde1696078ea7,2026-05-21T15:42:13-03:00,T2,6,60,10,main,git_branch_contains,TEAM_05,2026.1,Dev_A,git_commit
extensao3-2026_1-team5-enembot-836dc10bc759,3c7b21a9944dd23b1cb2a9f4901da948c2e537c2,2026-05-21T16:00:28-03:00,T2,0,0,0,main,git_branch_contains,TEAM_05,2026.1,Dev_A,git_commit
extensao3-2026_1-team5-enembot-836dc10bc759,ab6bd0ff0e5932d05d9922596d7551cebf8c7bb1,2026-05-21T16:55:51-03:00,T2,4,199,30,main,git_branch_contains,TEAM_05,2026.1,Dev_A,git_commit
extensao3-2026_1-team5-enembot-836dc10bc759,9309b0b3e2e3ee56b73e64ed6793d3930dda98ef,2026-05-21T21:09:35-03:00,T2,1,0,12,main,git_branch_contains,TEAM_05,2026.1,Dev_C,git_commit
extensao3-2026_1-team5-enembot-836dc10bc759,712658ed15ad5e45910f2ceb3bb4c8908cf872b4,2026-05-21T21:13:27-03:00,T2,3,113,9,main,git_branch_contains,TEAM_05,2026.1,Dev_C,git_commit
extensao3-2026_1-team5-enembot-836dc10bc759,432507e682bd2f4b5087ebb0ce03b64c0b7e8036,2026-05-21T21:17:20-03:00,T2,3,44,82,main,git_branch_contains,TEAM_05,2026.1,Dev_C,git_commit
extensao3-2026_1-team5-enembot-836dc10bc759,3f15c62677725b0ea8143e9a7d1be70dc655a6e6,2026-05-21T23:13:48-03:00,T2,0,0,0,main,git_branch_contains,TEAM_05,2026.1,Dev_G,git_commit
extensao3-2026_1-team5-enembot-836dc10bc759,2c90278eaf7c27139abe1e52de41f1cceb734f8e,2026-05-22T01:38:15-03:00,T3,0,0,0,main,git_branch_contains,TEAM_05,2026.1,Dev_C,git_commit
extensao3-2026_1-team5-enembot-836dc10bc759,08e08d53345b77c3856194eb548d58a1166acd25,2026-05-22T01:38:26-03:00,T3,0,0,0,main,git_branch_contains,TEAM_05,2026.1,Dev_J,git_commit
extensao3-2026_1-team5-enembot-836dc10bc759,e5e24331117015b542d6d7b33ef2e07cb50c2217,2026-05-22T02:39:45-03:00,T3,29,1249,691,main,git_branch_contains,TEAM_05,2026.1,Dev_E,git_commit
extensao3-2026_1-team5-enembot-836dc10bc759,9a316cf0c528d4c38b98a0ec9e8a3b3ef5ca5866,2026-05-22T05:46:01+00:00,T3,0,0,0,main,git_branch_contains,TEAM_05,2026.1,Dev_I,git_commit
extensao3-2026_1-team5-enembot-836dc10bc759,0b266aecfaf5e3650976890fa5a62b1482b05696,2026-05-22T05:47:22+00:00,T3,2,7,6,main,git_branch_contains,TEAM_05,2026.1,Dev_I,git_commit
extensao3-2026_1-team5-enembot-836dc10bc759,2661d1184c91fffa10e7ce58645a673a5a32b807,2026-05-22T10:59:53-03:00,T3,1,4,1,main,git_branch_contains,TEAM_05,2026.1,Dev_B,git_commit
extensao3-2026_1-team5-enembot-836dc10bc759,c00ed05e90f8f807d9084cdd09c18788c1be08e5,2026-05-26T15:29:27+00:00,T3,0,0,0,main,git_branch_contains,TEAM_05,2026.1,Dev_D,git_commit
extensao3-2026_1-team5-enembot-836dc10bc759,5e1103f6d9147165de3b2b08126733cd81e3a1c7,2026-05-28T19:00:14-03:00,T3,1,0,4,main,git_branch_contains,TEAM_05,2026.1,Dev_A,git_commit
extensao3-2026_1-team5-enembot-836dc10bc759,4faaa791449ab8c330192e6fb84ecdacc7c6c53b,2026-05-28T19:15:59-03:00,T3,0,0,0,main,git_branch_contains,TEAM_05,2026.1,Dev_A,git_commit
extensao3-2026_1-team5-enembot-836dc10bc759,63e0c09de18f8a272eb00ad5bf302d636eca17fe,2026-05-28T20:48:52-03:00,T3,9,86,127,main,git_branch_contains,TEAM_05,2026.1,Dev_A,git_commit
extensao3-2026_1-team5-enembot-836dc10bc759,cd87be141e59c03e655c09335b5c60473b5723db,2026-05-29T08:51:56-03:00,T3,16,218,239,main,git_branch_contains,TEAM_05,2026.1,Dev_A,git_commit
extensao3-2026_1-team5-enembot-836dc10bc759,b6f4a150086b31a32b66994333ef99dafa51514a,2026-05-30T16:01:49-03:00,T3,25,1122,50,main,git_branch_contains,TEAM_05,2026.1,Dev_A,git_commit
extensao3-2026_1-team5-enembot-836dc10bc759,876cde49d2e858dc02ad830ca4845403181191ed,2026-05-31T16:48:07-03:00,T3,20,1004,480,main,git_branch_contains,TEAM_05,2026.1,Dev_E,git_commit
extensao3-2026_1-team5-enembot-836dc10bc759,261b076104023b572d242ad8009b31c8f4f223f8,2026-05-31T16:54:49-03:00,T3,0,0,0,main,git_branch_contains,TEAM_05,2026.1,Dev_G,git_commit
extensao3-2026_1-team5-enembot-836dc10bc759,1abedcc8a3b9fa14ca1eea5c7ee21ba39aa88d74,2026-06-01T11:40:09-03:00,T3,2,29,0,main,git_branch_contains,TEAM_05,2026.1,Dev_F,git_commit
extensao3-2026_1-team5-enembot-836dc10bc759,e28a8ea664af848d72eee9b1cc694a1665fb1e0d,2026-06-01T11:42:33-03:00,T3,1,4,2,main,git_branch_contains,TEAM_05,2026.1,Dev_F,git_commit
extensao3-2026_1-team5-enembot-836dc10bc759,b768a9da25d5370502415c0cc45df48d805cc245,2026-06-01T12:06:15-03:00,T3,1,7,0,main,git_branch_contains,TEAM_05,2026.1,Dev_F,git_commit
extensao3-2026_1-team5-enembot-836dc10bc759,9938cb27cc820f209a6888edfe7c7bf0a23d7e58,2026-06-01T12:18:32-03:00,T3,2,1,14,main,git_branch_contains,TEAM_05,2026.1,Dev_F,git_commit
extensao3-2026_1-team5-enembot-836dc10bc759,56f09dadd1904f11213c0c7c7cc6a79cba13abb3,2026-06-01T12:23:52-03:00,T3,1,10,0,main,git_branch_contains,TEAM_05,2026.1,Dev_F,git_commit
extensao3-2026_1-team5-enembot-836dc10bc759,219f74744909747d02c05b680486a612c03b8bee,2026-06-01T20:07:28-03:00,T3,0,0,0,main,git_branch_contains,TEAM_05,2026.1,Dev_A,git_commit
extensao3-2026_1-team5-enembot-836dc10bc759,41d301a904ce7db4fa4adb3e45567b33d93c79e4,2026-06-01T20:08:14-03:00,T3,4,59,0,main,git_branch_contains,TEAM_05,2026.1,Dev_A,git_commit
extensao3-2026_1-team5-enembot-836dc10bc759,3563848218860d083a36bb24d0c8a9e2967bffe7,2026-06-03T22:40:25-03:00,T3,2,8,2,main,git_branch_contains,TEAM_05,2026.1,Dev_E,git_commit
extensao3-2026_1-team5-enembot-836dc10bc759,f6665542d395a50707a11ead77a30217463e18bb,2026-06-04T08:51:02-03:00,T3,0,0,0,main,git_branch_contains,TEAM_05,2026.1,Dev_A,git_commit
extensao3-2026_1-team5-enembot-836dc10bc759,ab179a26be04bfe4ff44c87b5ec3f9ad8be54030,2026-06-04T09:39:18-03:00,T3,3,32,17,main,git_branch_contains,TEAM_05,2026.1,Dev_A,git_commit
extensao3-2026_1-team5-enembot-836dc10bc759,443c5b025f07bf131a9af0abc644d41bf0af35a9,2026-06-04T09:44:30-03:00,T3,1,0,3,main,git_branch_contains,TEAM_05,2026.1,Dev_A,git_commit
extensao3-2026_1-team5-enembot-836dc10bc759,cc2b9229203f874b30bca3a83adc4d34656c9117,2026-06-04T09:57:55-03:00,T3,0,0,0,main,git_branch_contains,TEAM_05,2026.1,Dev_H,git_commit
extensao3-2026_1-team5-enembot-836dc10bc759,3846e60fa7c68cbcd499803ee8b24081fa053300,2026-06-04T10:01:50-03:00,T3,0,0,0,main,git_branch_contains,TEAM_05,2026.1,Dev_A,git_commit
extensao3-2026_1-team5-enembot-836dc10bc759,c9a8c90386d199c91a6cd6a33ec9685884c018c5,2026-06-04T17:31:53+00:00,T3,0,0,0,main,git_branch_contains,TEAM_05,2026.1,Dev_D,git_commit
extensao3-2026_1-team5-enembot-836dc10bc759,36b5a8a8c25be8adb5e8124955a2327bd5c066c7,2026-06-11T21:41:11-03:00,T3,9,94,21,main,git_branch_contains,TEAM_05,2026.1,Dev_A,git_commit
extensao3-2026_1-team5-enembot-836dc10bc759,fd723c00389619d0a46a1f103daf6a28bc764d17,2026-06-11T22:03:24-03:00,T3,0,0,0,main,git_branch_contains,TEAM_05,2026.1,Dev_A,git_commit
extensao3-2026_1-team5-enembot-836dc10bc759,90b3803757ebe5b893ef77712ba11e317f6761c1,2026-06-12T12:54:08-03:00,T3,4,599,0,main,git_branch_contains,TEAM_05,2026.1,Dev_A,git_commit
extensao3-2026_1-team5-enembot-836dc10bc759,ff2a3c5982fbc03780650e322a54971a92a76d02,2026-06-12T12:54:13-03:00,T3,0,0,0,main,git_branch_contains,TEAM_05,2026.1,Dev_A,git_commit
extensao3-2026_1-team5-enembot-836dc10bc759,6a311ea76f9fec0cff1d648fe0299a99d6f7303f,2026-06-12T13:38:57-03:00,T3,4,564,378,main,git_branch_contains,TEAM_05,2026.1,Dev_A,git_commit
extensao3-2026_1-team5-enembot-836dc10bc759,0b02bb591434d65a74fb121dba22ac92ff06ea29,2026-06-12T15:48:46-03:00,T3,3,81,244,main,git_branch_contains,TEAM_05,2026.1,Dev_A,git_commit
extensao3-2026_1-team5-enembot-836dc10bc759,99da1a9fead2d1f6fb9dde9d849a5233f5d1c8c7,2026-06-12T18:44:28-03:00,T3,4,41,22,main,git_branch_contains,TEAM_05,2026.1,Dev_A,git_commit
extensao3-2026_1-team5-enembot-836dc10bc759,e97638cd9a5900c32003287c83af924ae3a62c6f,2026-06-17T16:14:00-03:00,T3,1,18,5,main,git_branch_contains,TEAM_05,2026.1,Dev_E,git_commit
extensao3-2026_1-team5-enembot-836dc10bc759,f744cdf0500ee7b562080323d8da6515a33cde25,2026-06-17T17:02:06-03:00,T3,1,5,18,main,git_branch_contains,TEAM_05,2026.1,Dev_E,git_commit
extensao3-2026_1-team5-enembot-836dc10bc759,2e044f9b429daf46c4c36c26657b463bbfe360e3,2026-06-17T17:04:52-03:00,T3,1,18,5,main,git_branch_contains,TEAM_05,2026.1,Dev_E,git_commit
extensao3-2026_1-team5-enembot-836dc10bc759,b6bf59c872238844f6853e3272180f3c8ee88140,2026-06-17T17:05:59-03:00,T3,0,0,0,main,git_branch_contains,TEAM_05,2026.1,Dev_G,git_commit
extensao3-2026_1-team5-enembot-836dc10bc759,d09a7626f5db688f4210dddb6f8477321062d6d6,2026-06-18T18:00:53-03:00,T3,1,8,0,main,git_branch_contains,TEAM_05,2026.1,Dev_B,git_commit
extensao3-2026_1-team5-enembot-836dc10bc759,26f467ff6f7c7f94631566bd2b9bcfc977129d56,2026-06-18T18:26:28-03:00,T3,1,1,1,main,git_branch_contains,TEAM_05,2026.1,Dev_B,git_commit
extensao3-2026_1-team5-enembot-836dc10bc759,e680a7fe7a08ae7f0f37da336aa46992247514c9,2026-06-18T19:01:22-03:00,T3,7,414,86,main,git_branch_contains,TEAM_05,2026.1,Dev_E,git_commit
extensao3-2026_1-team5-enembot-836dc10bc759,504aff070b4bffd3032c48baeb0056f732b16f47,2026-06-18T21:55:25-03:00,T3,0,0,0,main,git_branch_contains,TEAM_05,2026.1,Dev_A,git_commit
extensao3-2026_1-team5-enembot-836dc10bc759,b1e37dd332ece0a3b7e4a1b8cb52b6d4d77ff52c,2026-06-19T06:38:57-03:00,T3,5,94,7,main,git_branch_contains,TEAM_05,2026.1,Dev_A,git_commit
extensao3-2026_1-team5-enembot-836dc10bc759,33f9196fc897ad553bfba2fdaec61f4ee6eaa745,2026-06-19T12:18:58-03:00,T3,1,16,8,main,git_branch_contains,TEAM_05,2026.1,Dev_A,git_commit
extensao3-2026_1-team5-enembot-836dc10bc759,357708c26ff104508ba098bdfab75fb9e0edc691,2026-06-19T15:37:02+00:00,T3,1,12,1,main,git_branch_contains,TEAM_05,2026.1,Dev_D,git_commit
extensao3-2026_1-team5-enembot-836dc10bc759,073df639f573fc01ba05d5d449908564436eecde,2026-06-19T15:43:05+00:00,T3,1,9,0,main,git_branch_contains,TEAM_05,2026.1,Dev_D,git_commit
extensao3-2026_1-team3-interview-17c184cfaa5e,54b7476340c5c30be4279c816380ed09375946c0,2026-03-24T16:58:37-03:00,T1,3,38,0,main,git_branch_contains,TEAM_03,2026.1,Dev_A,git_commit
extensao3-2026_1-team3-interview-17c184cfaa5e,47a5dbe2e173251b75bfb92c4523a730434a3bf5,2026-04-08T22:23:07-03:00,T1,1,0,0,main,git_branch_contains,TEAM_03,2026.1,Dev_C,git_commit
extensao3-2026_1-team3-interview-17c184cfaa5e,12cfe2144d216dfc07d3bd24dbba978c2c7acd21,2026-04-09T21:17:37-03:00,T1,11,255,1,main,git_branch_contains,TEAM_03,2026.1,Dev_C,git_commit
extensao3-2026_1-team3-interview-17c184cfaa5e,1c2ee853d22876d35c38665109de80e7324167ab,2026-04-10T21:14:19-03:00,T1,6,327,0,main,git_branch_contains,TEAM_03,2026.1,Dev_D,git_commit
extensao3-2026_1-team3-interview-17c184cfaa5e,793ef1f17c45c4332463acf253007e3d2e9268fc,2026-04-11T10:55:26-03:00,T1,0,0,0,main,git_branch_contains,TEAM_03,2026.1,Dev_A,git_commit
extensao3-2026_1-team3-interview-17c184cfaa5e,f918d05362ee2f135b799d6b7765520fab6a8eee,2026-04-11T13:25:22-03:00,T1,32,5283,0,main,git_branch_contains,TEAM_03,2026.1,Dev_A,git_commit
extensao3-2026_1-team3-interview-17c184cfaa5e,1448b359d94a0bafdfe4870391937441c1d7659c,2026-04-11T13:31:09-03:00,T1,1,4,1,main,git_branch_contains,TEAM_03,2026.1,Dev_A,git_commit
extensao3-2026_1-team3-interview-17c184cfaa5e,911aac09c1bc301f8aabfc24097292355a388b0f,2026-04-12T11:22:16-03:00,T1,8,37,4,main,git_branch_contains,TEAM_03,2026.1,Dev_B,git_commit
extensao3-2026_1-team3-interview-17c184cfaa5e,9bfa9b41d70aa7a29449ed72e3d4192c1532d9ed,2026-04-12T11:43:56-03:00,T1,1,0,0,main,git_branch_contains,TEAM_03,2026.1,Dev_B,git_commit
extensao3-2026_1-team3-interview-17c184cfaa5e,2f5ac0d79159b9514381b02f11738044ec3faf4c,2026-04-14T14:42:49-03:00,T1,0,0,0,main,git_branch_contains,TEAM_03,2026.1,Dev_A,git_commit
extensao3-2026_1-team3-interview-17c184cfaa5e,ae647b9300f75229d1e40e4a6b87d4287359b899,2026-04-14T14:49:52-03:00,T1,32,0,134,main,git_branch_contains,TEAM_03,2026.1,Dev_A,git_commit
extensao3-2026_1-team3-interview-17c184cfaa5e,a1b1627ea839b0542a6aac8c76ff9279bec5fa8e,2026-04-14T20:27:30-03:00,T1,1,39,19,main,git_branch_contains,TEAM_03,2026.1,Dev_C,git_commit
extensao3-2026_1-team3-interview-17c184cfaa5e,43f7a9e42c61403d2d98b14505f1b3ebfd44c48d,2026-04-14T20:27:36-03:00,T1,8,162,150,main,git_branch_contains,TEAM_03,2026.1,Dev_A,git_commit
extensao3-2026_1-team3-interview-17c184cfaa5e,703e619df9d27ff61553eed227b712a36035c560,2026-04-14T20:30:42-03:00,T1,0,0,0,main,git_branch_contains,TEAM_03,2026.1,Dev_A,git_commit
extensao3-2026_1-team3-interview-17c184cfaa5e,f1ff24b471a67f241f857ea9f8c3ab33e0148745,2026-04-19T22:58:14-03:00,T1,5,262,25,main,git_branch_contains,TEAM_03,2026.1,Dev_B,git_commit
extensao3-2026_1-team3-interview-17c184cfaa5e,f0b99785e501a1dc62c0fb40c85603bc54e3326d,2026-04-19T23:12:21-03:00,T1,2,25,0,main,git_branch_contains,TEAM_03,2026.1,Dev_B,git_commit
extensao3-2026_1-team3-interview-17c184cfaa5e,810724d858086840858f556c2b37bdf4e818799c,2026-04-20T09:36:06-03:00,T1,0,0,0,main,git_branch_contains,TEAM_03,2026.1,Dev_C,git_commit
extensao3-2026_1-team3-interview-17c184cfaa5e,bbd14fdf3665255fe55c3154af34e3aadd581668,2026-04-20T10:01:27-03:00,T1,4,131,3,main,git_branch_contains,TEAM_03,2026.1,Dev_C,git_commit
extensao3-2026_1-team3-interview-17c184cfaa5e,f992e3b9d91253ff1a0b5a717ca3fcb109f85a83,2026-04-20T13:44:55-03:00,T1,6,304,146,main,git_branch_contains,TEAM_03,2026.1,Dev_A,git_commit
extensao3-2026_1-team3-interview-17c184cfaa5e,c05dc1e9fc88d7024c8fe4c3bf7db68f488e3307,2026-04-20T20:46:28-03:00,T1,3,85,48,main,git_branch_contains,TEAM_03,2026.1,Dev_A,git_commit
extensao3-2026_1-team3-interview-17c184cfaa5e,99e394989045c23f079144401fab5f5049b02e69,2026-04-23T13:42:32-03:00,T1,10,329,123,main,git_branch_contains,TEAM_03,2026.1,Dev_B,git_commit
extensao3-2026_1-team3-interview-17c184cfaa5e,d41f6b2f8dc3652d79126b27d3922f2ef46cc23b,2026-04-23T17:28:28-03:00,T1,1,3,3,main,git_branch_contains,TEAM_03,2026.1,Dev_C,git_commit
extensao3-2026_1-team3-interview-17c184cfaa5e,c2f55ee0bfe1130b6b03211b645d8c99c959cdfe,2026-04-23T17:35:12-03:00,T1,0,0,0,main,git_branch_contains,TEAM_03,2026.1,Dev_C,git_commit
extensao3-2026_1-team3-interview-17c184cfaa5e,08a624bb1b00c15e5124181f2ad34f0de0bcf423,2026-04-23T19:32:25-03:00,T1,0,0,0,main,git_branch_contains,TEAM_03,2026.1,Dev_A,git_commit
extensao3-2026_1-team3-interview-17c184cfaa5e,55ddad0583327431aaa039558c205877d3f6a427,2026-04-23T20:58:30-03:00,T1,2,7,4,main,git_branch_contains,TEAM_03,2026.1,Dev_A,git_commit
extensao3-2026_1-team3-interview-17c184cfaa5e,470bdf30fe360f74d460ce8b0b481b953ee7bb92,2026-04-25T13:07:03-03:00,T2,1,38,61,main,git_branch_contains,TEAM_03,2026.1,Dev_E,git_commit
extensao3-2026_1-team3-interview-17c184cfaa5e,3bb2ab28df8f7ab3ccfe4fbde4c74dce1c7e85d4,2026-04-25T13:28:01-03:00,T2,1,2,1,main,git_branch_contains,TEAM_03,2026.1,Dev_F,git_commit
extensao3-2026_1-team3-interview-17c184cfaa5e,9a857e7937c739564e8a44968e27c726668f6040,2026-04-25T13:30:18-03:00,T2,0,0,0,main,git_branch_contains,TEAM_03,2026.1,Dev_A,git_commit
extensao3-2026_1-team3-interview-17c184cfaa5e,be0601a10db66443bb0380823a60a2c0793046dd,2026-04-25T13:33:34-03:00,T2,0,0,0,main,git_branch_contains,TEAM_03,2026.1,Dev_A,git_commit
extensao3-2026_1-team3-interview-17c184cfaa5e,a7d2dd51195b1ea92195f943b016d42b333dcd92,2026-04-25T13:49:04-03:00,T2,1,0,18,main,git_branch_contains,TEAM_03,2026.1,Dev_B,git_commit
extensao3-2026_1-team3-interview-17c184cfaa5e,3e31d1ee9299fdcf66392e33ff78365af6f16d4d,2026-04-25T13:51:36-03:00,T2,9,1,64,main,git_branch_contains,TEAM_03,2026.1,Dev_B,git_commit
extensao3-2026_1-team3-interview-17c184cfaa5e,17c7b120fa3657df8e073af7c93b45f11a3dfdb1,2026-04-25T14:04:22-03:00,T2,1,236,0,main,git_branch_contains,TEAM_03,2026.1,Dev_F,git_commit
extensao3-2026_1-team3-interview-17c184cfaa5e,6b738ea922167ab5735266fe657fa1599e8838d8,2026-04-25T14:07:59-03:00,T2,1,0,0,main,git_branch_contains,TEAM_03,2026.1,Dev_B,git_commit
extensao3-2026_1-team3-interview-17c184cfaa5e,aa564b033e441eb2153df6f09925bb8f845ba9d5,2026-04-25T14:08:53-03:00,T2,0,0,0,main,git_branch_contains,TEAM_03,2026.1,Dev_B,git_commit
extensao3-2026_1-team3-interview-17c184cfaa5e,168e6dd03dcd5e039a34f5ccf2b75ae8ea20775a,2026-04-25T14:11:32-03:00,T2,1,2,2,main,git_branch_contains,TEAM_03,2026.1,Dev_F,git_commit
extensao3-2026_1-team3-interview-17c184cfaa5e,c6379a878540ab82a6f52299648f52b60503bf3e,2026-05-11T20:41:40-03:00,T2,4,8,23,main,git_branch_contains,TEAM_03,2026.1,Dev_B,git_commit
extensao3-2026_1-team3-interview-17c184cfaa5e,5772fe900e84ac95f3eea6031095f6b8c9e721e1,2026-05-11T20:42:27-03:00,T2,0,0,0,main,git_branch_contains,TEAM_03,2026.1,Dev_F,git_commit
extensao3-2026_1-team3-interview-17c184cfaa5e,00e9bbe94d5f93a54e253367c212764ba6613c37,2026-05-14T20:20:19-03:00,T2,1,0,6,main,git_branch_contains,TEAM_03,2026.1,Dev_F,git_commit
extensao3-2026_1-team3-interview-17c184cfaa5e,e7b61be691cd016906969360b0994754a800b6ea,2026-05-14T20:21:19-03:00,T2,1,1,1,main,git_branch_contains,TEAM_03,2026.1,Dev_F,git_commit
extensao3-2026_1-team3-interview-17c184cfaa5e,62beaa51fdf11de85324bf42a5c410ac67e14acf,2026-05-16T12:34:18-03:00,T2,5,325,57,main,git_branch_contains,TEAM_03,2026.1,Dev_A,git_commit
extensao3-2026_1-team3-interview-17c184cfaa5e,627f807887cbefbbb1890f55d149740e59a3333c,2026-05-17T10:53:24-03:00,T2,9,117,36,main,git_branch_contains,TEAM_03,2026.1,Dev_B,git_commit
extensao3-2026_1-team3-interview-17c184cfaa5e,8c85f32124dc757607ab963a180d6e7cb834f563,2026-05-17T10:59:53-03:00,T2,0,0,0,main,git_branch_contains,TEAM_03,2026.1,Dev_F,git_commit
extensao3-2026_1-team3-interview-17c184cfaa5e,91beaa5bb0ea4082f11dfd4ff6733ac259ec501e,2026-05-17T11:02:18-03:00,T2,1,0,20,main,git_branch_contains,TEAM_03,2026.1,Dev_B,git_commit
extensao3-2026_1-team3-interview-17c184cfaa5e,5bb40e50245706e95d985245559aa8c48e672a29,2026-05-17T13:00:25-03:00,T2,5,535,120,main,git_branch_contains,TEAM_03,2026.1,Dev_A,git_commit
extensao3-2026_1-team3-interview-17c184cfaa5e,13d9c607e497b399b694e0c72ebd4b3cc33db601,2026-05-17T15:18:31-03:00,T2,2,399,108,main,git_branch_contains,TEAM_03,2026.1,Dev_A,git_commit
extensao3-2026_1-team3-interview-17c184cfaa5e,db3d93a33c8b8f3440588ad784156b2e3a2220f3,2026-05-17T19:06:59-03:00,T2,2,182,31,main,git_branch_contains,TEAM_03,2026.1,Dev_A,git_commit
extensao3-2026_1-team3-interview-17c184cfaa5e,9eca7f07e73f8b89f76daf0dcce622835016e2fd,2026-05-17T19:40:49-03:00,T2,1,1,1,main,git_branch_contains,TEAM_03,2026.1,Dev_A,git_commit
extensao3-2026_1-team3-interview-17c184cfaa5e,50c3c3d525d86f89fd007ca2e8f06a2a20dcc7df,2026-05-19T15:58:42-03:00,T2,9,366,311,main,git_branch_contains,TEAM_03,2026.1,Dev_C,git_commit
extensao3-2026_1-team3-interview-17c184cfaa5e,4874a5154bff971e162b4976e790afd296afb8ad,2026-05-19T15:59:54-03:00,T2,2,0,59,main,git_branch_contains,TEAM_03,2026.1,Dev_C,git_commit
extensao3-2026_1-team3-interview-17c184cfaa5e,912f813fd28d52c5bbaa7ec348d7b9489c5acfcb,2026-05-21T18:56:06-03:00,T2,1,4,0,main,git_branch_contains,TEAM_03,2026.1,Dev_G,git_commit
extensao3-2026_1-team3-interview-17c184cfaa5e,165a21147f31c22062cdfb77ff1fd800f2771f25,2026-05-21T19:10:42-03:00,T2,1,1,0,main,git_branch_contains,TEAM_03,2026.1,Dev_D,git_commit
extensao3-2026_1-team3-interview-17c184cfaa5e,d5597751b865df747c94523d41ee1b896916a308,2026-05-21T19:13:32-03:00,T2,0,0,0,main,git_branch_contains,TEAM_03,2026.1,Dev_D,git_commit
extensao3-2026_1-team3-interview-17c184cfaa5e,2135607a8c6028bd5107b5f3b560d103855c9fcc,2026-05-21T19:15:00-03:00,T2,1,0,3,main,git_branch_contains,TEAM_03,2026.1,Dev_D,git_commit
extensao3-2026_1-team3-interview-17c184cfaa5e,bef10c859596d49528ffd3de80c525b83abd45e5,2026-05-21T19:16:49-03:00,T2,0,0,0,main,git_branch_contains,TEAM_03,2026.1,Dev_D,git_commit
extensao3-2026_1-team3-interview-17c184cfaa5e,4eef569ee29804765d4bd524f208842c888a63e0,2026-05-24T19:20:28-03:00,T3,4,75,18,main,git_branch_contains,TEAM_03,2026.1,Dev_A,git_commit
extensao3-2026_1-team3-interview-17c184cfaa5e,59a12f64c46f5cd26a6131bd130b2686f5a6d075,2026-06-18T18:12:53-03:00,T3,1,49,0,main,git_branch_contains,TEAM_03,2026.1,Dev_G,git_commit
extensao3-2026_1-team3-interview-17c184cfaa5e,3b51cfa4df3bf81327bacf82661be66ab6c957f8,2026-06-18T18:15:07-03:00,T3,1,88,47,main,git_branch_contains,TEAM_03,2026.1,Dev_G,git_commit
extensao3-2026_1-team3-interview-17c184cfaa5e,7b90b847c5726cc5f0e86913b1f5e14e34b05236,2026-06-18T18:25:46-03:00,T3,2,70,13,main,git_branch_contains,TEAM_03,2026.1,Dev_A,git_commit
extensao3-2026_1-team3-interview-17c184cfaa5e,bc7669832bb816e0db02279d0b14d689afe8b485,2026-06-18T18:30:14-03:00,T3,0,0,0,main,git_branch_contains,TEAM_03,2026.1,Dev_A,git_commit
extensao3-2026_1-team3-interview-17c184cfaa5e,62021023dcef083cf0da31dbcc8011d1aa61aac2,2026-06-18T18:36:41-03:00,T3,1,89,0,main,git_branch_contains,TEAM_03,2026.1,Dev_A,git_commit
extensao3-2026_1-team3-interview-17c184cfaa5e,c9368029672a6aa2d1a79d94ce0508fd144927db,2026-06-18T19:11:03-03:00,T3,1,1,1,main,git_branch_contains,TEAM_03,2026.1,Dev_G,git_commit
extensao3-2026_1-team3-interview-17c184cfaa5e,b89836a192b4b7f457837e45b3d3b84c5c349ffc,2026-06-18T19:28:39-03:00,T3,1,0,1,main,git_branch_contains,TEAM_03,2026.1,Dev_A,git_commit
extensao3-2026_1-team3-interview-17c184cfaa5e,b2efd7485bbdb6e0ed2737ace7f9f0c601847843,2026-06-18T19:28:44-03:00,T3,0,0,0,main,git_branch_contains,TEAM_03,2026.1,Dev_A,git_commit
extensao3-2026_1-team3-interview-17c184cfaa5e,56131a4880e0c796cfb4bfe003448dc65decb816,2026-06-18T19:38:22-03:00,T3,1,13,3,main,git_branch_contains,TEAM_03,2026.1,Dev_D,git_commit
extensao3-2026_1-team3-interview-17c184cfaa5e,eb4724772f1dba4cde042033a92a99af769080f2,2026-06-18T19:43:24-03:00,T3,0,0,0,main,git_branch_contains,TEAM_03,2026.1,Dev_D,git_commit
extensao3-2026_1-team3-interview-17c184cfaa5e,d44914b779fffc693737a661919cc20fbb5dfa60,2026-06-19T08:04:37-03:00,T3,1,1,1,main,git_branch_contains,TEAM_03,2026.1,Dev_E,git_commit
extensao3-2026_1-team3-interview-17c184cfaa5e,88bd0bb05548d8ce200c987be5002451d62731b4,2026-06-19T08:13:34-03:00,T3,1,1,1,main,git_branch_contains,TEAM_03,2026.1,Dev_E,git_commit
extensao3-2026_1-team3-interview-17c184cfaa5e,7cb3eb7473a9ce166af2d944b8a464051188b485,2026-06-19T08:30:51-03:00,T3,1,0,0,main,git_branch_contains,TEAM_03,2026.1,Dev_E,git_commit
extensao3-2026_1-team3-interview-17c184cfaa5e,a19459db69913926ee10f64ee61d01c682cf7c74,2026-06-19T08:31:42-03:00,T3,1,1,1,main,git_branch_contains,TEAM_03,2026.1,Dev_E,git_commit
extensao3-2026_1-team3-interview-17c184cfaa5e,6009471c8889eb810607af96524e3b24a766cb7e,2026-06-19T08:33:06-03:00,T3,1,1,1,main,git_branch_contains,TEAM_03,2026.1,Dev_E,git_commit
extensao3-2026_1-team3-interview-17c184cfaa5e,9d78b1b335a56befe43c0d10487ea8e98dd0183a,2026-06-19T10:46:36-03:00,T3,1,1,0,main,git_branch_contains,TEAM_03,2026.1,Dev_E,git_commit
extensao3-2026_1-team1-foodguard-4f38369906d5,894b328156e3fbcabbd04deec45012080bf694d8,2026-03-06T18:55:54-03:00,T1,1,2,0,main,git_branch_contains,TEAM_01,2026.1,Dev_B,git_commit
extensao3-2026_1-team1-foodguard-4f38369906d5,2f6c805fef6141e6a43a68e986b09f6aa2bf4d0f,2026-05-21T22:59:43-03:00,T2,146,15254,2,main,git_branch_contains,TEAM_01,2026.1,Dev_A,git_commit
extensao3-2026_1-team1-foodguard-4f38369906d5,afacdd51777047ace22e6ec38ed1af593bbad844,2026-06-19T07:39:17-03:00,T3,126,6463,750,main,git_branch_contains,TEAM_01,2026.1,Dev_A,git_commit
extensao3-2026_1-team2-revisai-fc0269144b84,42c29f8b31b278c72ef4bd34027a75ec8c7e02c5,2026-03-26T23:32:51-03:00,T1,19,3672,0,main,git_branch_contains,TEAM_02,2026.1,Dev_A,git_commit
extensao3-2026_1-team2-revisai-fc0269144b84,f963a77dcc2e5737dc0848505f9d7a0d289794d0,2026-04-08T22:16:59-03:00,T1,10,673,50,main,git_branch_contains,TEAM_02,2026.1,Dev_A,git_commit
extensao3-2026_1-team2-revisai-fc0269144b84,5ca10010449c196be512b02aad3fefeb595704f8,2026-04-10T09:58:06-03:00,T1,0,0,0,main,git_branch_contains,TEAM_02,2026.1,Dev_C,git_commit
extensao3-2026_1-team2-revisai-fc0269144b84,f52078650b205b53d4319684ae8c48dbfaed6c75,2026-04-23T21:34:22-03:00,T1,3,25,9,main,git_branch_contains,TEAM_02,2026.1,Dev_A,git_commit
extensao3-2026_1-team2-revisai-fc0269144b84,b6bca555433de392a59030900d7304484cefe925,2026-04-23T21:35:58-03:00,T1,3,9,25,main,git_branch_contains,TEAM_02,2026.1,Dev_A,git_commit
extensao3-2026_1-team2-revisai-fc0269144b84,e314d7b0f9d1f08bfbbcd48f69b49de33eeef5d2,2026-04-23T21:39:48-03:00,T1,1,25,9,main,git_branch_contains,TEAM_02,2026.1,Dev_A,git_commit
extensao3-2026_1-team2-revisai-fc0269144b84,dc774b1c6fe6579a72f4c8e8f88df2506a2d34e5,2026-04-23T21:41:07-03:00,T1,2,0,0,main,git_branch_contains,TEAM_02,2026.1,Dev_A,git_commit
extensao3-2026_1-team2-revisai-fc0269144b84,a352d1c6106759c6030d3174ed75e14088b7e2d8,2026-04-23T21:54:52-03:00,T1,1,0,0,main,git_branch_contains,TEAM_02,2026.1,Dev_A,git_commit
extensao3-2026_1-team2-revisai-fc0269144b84,4dc21ba3941a61909dd736caa6a39fe65b6f241d,2026-04-23T21:55:46-03:00,T1,0,0,0,main,git_branch_contains,TEAM_02,2026.1,Dev_C,git_commit
extensao3-2026_1-team2-revisai-fc0269144b84,1e273ce6421e266fa8b5f3949b223fc7a2361622,2026-04-23T21:56:21-03:00,T1,0,0,0,main,git_branch_contains,TEAM_02,2026.1,Dev_C,git_commit
extensao3-2026_1-team2-revisai-fc0269144b84,4466d3813a2913104a4269527d1c55dc55418625,2026-04-23T22:28:42-03:00,T1,0,0,0,main,git_branch_contains,TEAM_02,2026.1,Dev_D,git_commit
extensao3-2026_1-team2-revisai-fc0269144b84,9693149a1553bdb840dff6da5088357e0890397f,2026-05-07T20:59:32-03:00,T2,36,4048,55,main,git_branch_contains,TEAM_02,2026.1,Dev_A,git_commit
extensao3-2026_1-team2-revisai-fc0269144b84,ca17fa256ca2eaab1c01a3e740cbd89b6e042dfe,2026-05-07T21:03:22-03:00,T2,1,1,0,main,git_branch_contains,TEAM_02,2026.1,Dev_A,git_commit
extensao3-2026_1-team2-revisai-fc0269144b84,c2d3521d04b8df5153095d17fc6e6f8517c770dd,2026-05-07T21:04:15-03:00,T2,1,2,2,main,git_branch_contains,TEAM_02,2026.1,Dev_A,git_commit
extensao3-2026_1-team2-revisai-fc0269144b84,2bb02f94089d887acebd7ff6856ee96bb6ef731e,2026-05-09T16:55:17-03:00,T2,1,161,8,main,git_branch_contains,TEAM_02,2026.1,Dev_B,git_commit
extensao3-2026_1-team2-revisai-fc0269144b84,c50196040307c2bf5d5adecbe7ad0ac853c0a967,2026-05-11T10:16:48-03:00,T2,7,231,0,main,git_branch_contains,TEAM_02,2026.1,Dev_B,git_commit
extensao3-2026_1-team2-revisai-fc0269144b84,ccd864c86e94ff921fc0603ac9f819d2a02d83bf,2026-05-15T15:04:18-03:00,T2,13,1078,396,main,git_branch_contains,TEAM_02,2026.1,Dev_B,git_commit
extensao3-2026_1-team2-revisai-fc0269144b84,9142ea90eab0a16031643484ea92656385b01e43,2026-05-15T15:26:18-03:00,T2,1,4,1,main,git_branch_contains,TEAM_02,2026.1,Dev_B,git_commit
extensao3-2026_1-team2-revisai-fc0269144b84,9d8a94988204352715b82173c26edf306ecc7807,2026-05-15T15:42:37-03:00,T2,2,30,9,main,git_branch_contains,TEAM_02,2026.1,Dev_B,git_commit
extensao3-2026_1-team2-revisai-fc0269144b84,dd0250d3e1da5ef2a5fbd987f0aeaf14508c9562,2026-05-15T16:11:55-03:00,T2,1,42,5,main,git_branch_contains,TEAM_02,2026.1,Dev_B,git_commit
extensao3-2026_1-team2-revisai-fc0269144b84,3a3b2f7ca4ad6ca0c27199d6eb1cd0de4320f16d,2026-05-18T22:51:15-03:00,T2,8,636,464,main,git_branch_contains,TEAM_02,2026.1,Dev_A,git_commit
extensao3-2026_1-team2-revisai-fc0269144b84,4aca572af638dcad0a5ab86ae300a56e99a6405a,2026-05-20T11:49:01-03:00,T2,0,0,0,main,git_branch_contains,TEAM_02,2026.1,Dev_C,git_commit
extensao3-2026_1-team2-revisai-fc0269144b84,06d13c790005e7e8e93e343106fa5270fd19451a,2026-05-20T12:35:48-03:00,T2,3,126,0,main,git_branch_contains,TEAM_02,2026.1,Dev_A,git_commit
extensao3-2026_1-team2-revisai-fc0269144b84,089c984d73af45b45ecc0e9824f040cc1aef60fd,2026-05-20T12:42:21-03:00,T2,0,0,0,main,git_branch_contains,TEAM_02,2026.1,Dev_C,git_commit
extensao3-2026_1-team2-revisai-fc0269144b84,c8093bad2af038222f20dc26a03069d4e209e4d8,2026-05-21T14:14:50-03:00,T2,4,196,72,main,git_branch_contains,TEAM_02,2026.1,Dev_B,git_commit
extensao3-2026_1-team2-revisai-fc0269144b84,ff5b7cbcbf827a4a61e02aa612b8b3ae7d9c2640,2026-05-21T21:07:35-03:00,T2,8,3466,320,main,git_branch_contains,TEAM_02,2026.1,Dev_F,git_commit
extensao3-2026_1-team2-revisai-fc0269144b84,9cfc3997ec3a05a352b583012b5f1f94e7dde2dc,2026-05-21T21:21:58-03:00,T2,0,0,0,main,git_branch_contains,TEAM_02,2026.1,Dev_I,git_commit
extensao3-2026_1-team2-revisai-fc0269144b84,9a9902be44292bfba787cbac3913cce7a63c6e93,2026-05-21T21:33:31-03:00,T2,0,0,0,main,git_branch_contains,TEAM_02,2026.1,Dev_G,git_commit
extensao3-2026_1-team2-revisai-fc0269144b84,cafe0d006f099d7ffef92aa996c6d99bd361acf6,2026-05-21T21:40:41-03:00,T2,0,0,0,main,git_branch_contains,TEAM_02,2026.1,Dev_G,git_commit
extensao3-2026_1-team2-revisai-fc0269144b84,c0c7b7c9255612ccdd77e4e3e57e36e86249e809,2026-05-21T22:40:09-03:00,T2,6,243,211,main,git_branch_contains,TEAM_02,2026.1,Dev_B,git_commit
extensao3-2026_1-team2-revisai-fc0269144b84,b1a022ac1893bb94034dbf0048e38b3b748fa88b,2026-05-21T23:50:06-03:00,T2,13,65,25,main,git_branch_contains,TEAM_02,2026.1,Dev_A,git_commit
extensao3-2026_1-team2-revisai-fc0269144b84,f6fd821f845a3a5da0f144228a275a8793248ea4,2026-05-21T23:51:19-03:00,T2,0,0,0,main,git_branch_contains,TEAM_02,2026.1,Dev_C,git_commit
extensao3-2026_1-team2-revisai-fc0269144b84,f7f9f68fc5569df050bcae6605e805e2ecd8f48e,2026-05-26T11:49:26-03:00,T3,12,706,296,main,git_branch_contains,TEAM_02,2026.1,Dev_B,git_commit
extensao3-2026_1-team2-revisai-fc0269144b84,cc43354fb2ef0d8115cf28eda4244f7ea88a505c,2026-05-26T11:56:45-03:00,T3,0,0,0,main,git_branch_contains,TEAM_02,2026.1,Dev_B,git_commit
extensao3-2026_1-team2-revisai-fc0269144b84,af6603029488354d74301dab454f24347dbba1b9,2026-05-26T17:41:35-03:00,T3,12,1714,113,main,git_branch_contains,TEAM_02,2026.1,Dev_B,git_commit
extensao3-2026_1-team2-revisai-fc0269144b84,a838eec4ef1927e74ffb36fd55f1d502c2453bbe,2026-05-28T09:30:11-03:00,T3,1,1,1,main,git_branch_contains,TEAM_02,2026.1,Dev_B,git_commit
extensao3-2026_1-team2-revisai-fc0269144b84,42d8842cd21820b2a67974a107ad1bb6181ace90,2026-05-28T09:34:27-03:00,T3,0,0,0,main,git_branch_contains,TEAM_02,2026.1,Dev_G,git_commit
extensao3-2026_1-team2-revisai-fc0269144b84,ec7751f4e353b4818065925db39fdb4f14185bf6,2026-05-28T12:07:10-03:00,T3,3,157,6091,main,git_branch_contains,TEAM_02,2026.1,Dev_E,git_commit
extensao3-2026_1-team2-revisai-fc0269144b84,9dcadf12e675fbe7e5efaed51e13663afc85b816,2026-05-28T12:25:34-03:00,T3,1,0,0,main,git_branch_contains,TEAM_02,2026.1,Dev_J,git_commit
extensao3-2026_1-team2-revisai-fc0269144b84,01a3cd15fa3bba814147e2c0febc9c25250a743c,2026-05-29T10:01:48-03:00,T3,1,57,5,main,git_branch_contains,TEAM_02,2026.1,Dev_E,git_commit
extensao3-2026_1-team2-revisai-fc0269144b84,ddad512f893e6ee1a5e7130bd108a0f4f738f370,2026-05-29T10:02:26-03:00,T3,1,11,3,main,git_branch_contains,TEAM_02,2026.1,Dev_E,git_commit
extensao3-2026_1-team2-revisai-fc0269144b84,8dbe5f3e9ff3d0eb26994ebc3ab974eb47d1b7b8,2026-05-30T10:50:28-03:00,T3,26,8309,3255,main,git_branch_contains,TEAM_02,2026.1,Dev_B,git_commit
extensao3-2026_1-team2-revisai-fc0269144b84,846df88d78097858168e9e3f87be645b0b7981c7,2026-05-30T10:53:47-03:00,T3,0,0,0,main,git_branch_contains,TEAM_02,2026.1,Dev_C,git_commit
extensao3-2026_1-team2-revisai-fc0269144b84,88a8890786cde080d4628eed1e59109c4aad740c,2026-05-30T11:32:52-03:00,T3,0,0,0,main,git_branch_contains,TEAM_02,2026.1,Dev_C,git_commit
extensao3-2026_1-team2-revisai-fc0269144b84,f242dc6974226058ee9b98bb2738844b3b68b023,2026-05-30T11:33:07-03:00,T3,0,0,0,main,git_branch_contains,TEAM_02,2026.1,Dev_C,git_commit
extensao3-2026_1-team2-revisai-fc0269144b84,a6bdd2f07f0cccc00a530e3e78449505d960f3b9,2026-05-30T11:56:47-03:00,T3,3,112,64,main,git_branch_contains,TEAM_02,2026.1,Dev_A,git_commit
extensao3-2026_1-team2-revisai-fc0269144b84,ff951eacec5b37fa8e66a504f877a5c06bcb2c2d,2026-05-30T11:58:09-03:00,T3,0,0,0,main,git_branch_contains,TEAM_02,2026.1,Dev_C,git_commit
extensao3-2026_1-team2-revisai-fc0269144b84,9a9c17498686d112d00cea44ab3a4ad6d5bbca51,2026-05-31T15:59:21-03:00,T3,2,62,0,main,git_branch_contains,TEAM_02,2026.1,Dev_F,git_commit
extensao3-2026_1-team2-revisai-fc0269144b84,3f1e399eb64a535d5483eea8fc42a72a2ba35211,2026-06-02T20:18:34-03:00,T3,0,0,0,main,git_branch_contains,TEAM_02,2026.1,Dev_C,git_commit
extensao3-2026_1-team2-revisai-fc0269144b84,484326d1e98f4c2411c255488f7745319e73a644,2026-06-05T09:59:49-03:00,T3,1,487,42,main,git_branch_contains,TEAM_02,2026.1,Dev_A,git_commit
extensao3-2026_1-team2-revisai-fc0269144b84,f1e10d06246b97ae3e44c03ae89ccc6210639738,2026-06-13T12:42:42-03:00,T3,2,480,267,main,git_branch_contains,TEAM_02,2026.1,Dev_A,git_commit
extensao3-2026_1-team2-revisai-fc0269144b84,de581b68f422a8a8caa7bf5d9d060d4bda61bb3f,2026-06-13T12:43:52-03:00,T3,0,0,0,main,git_branch_contains,TEAM_02,2026.1,Dev_C,git_commit
extensao3-2026_1-team2-revisai-fc0269144b84,83980bb65b5d5dfdd6eccf93f560bc1f3c47851b,2026-06-16T21:05:54-03:00,T3,1,40,12,main,git_branch_contains,TEAM_02,2026.1,Dev_E,git_commit
extensao3-2026_1-team2-revisai-fc0269144b84,c3ba58e68cd459476930a24aa51ee7218aab2153,2026-06-16T21:07:39-03:00,T3,0,0,0,main,git_branch_contains,TEAM_02,2026.1,Dev_E,git_commit
extensao3-2026_1-team2-revisai-fc0269144b84,698950a9900922775c7c8a15283604863bb5686d,2026-06-17T20:07:33-03:00,T3,4,368,360,main,git_branch_contains,TEAM_02,2026.1,Dev_B,git_commit
extensao3-2026_1-team2-revisai-fc0269144b84,dfd8834e4bb02ca5668081497b1b230673b684ac,2026-06-17T20:25:44-03:00,T3,1,5,5,main,git_branch_contains,TEAM_02,2026.1,Dev_B,git_commit
extensao3-2026_1-team2-revisai-fc0269144b84,091ba066e841f406472b503a29863e8cc3f7abc1,2026-06-17T21:10:49-03:00,T3,0,0,0,main,git_branch_contains,TEAM_02,2026.1,Dev_D,git_commit
extensao3-2026_1-team2-revisai-fc0269144b84,79a65df965a5e77b2a7f020514eb9d42bce68d28,2026-06-18T00:37:01-03:00,T3,6,95,23,main,git_branch_contains,TEAM_02,2026.1,Dev_F,git_commit
extensao3-2026_1-team2-revisai-fc0269144b84,ceae8eed576ad02c07d25746a931641d197ae5d9,2026-06-18T11:11:09-03:00,T3,0,0,0,main,git_branch_contains,TEAM_02,2026.1,Dev_C,git_commit
extensao3-2026_1-team2-revisai-fc0269144b84,eb32838523256a36117336020a33b84646dd16e7,2026-06-18T16:49:31-03:00,T3,11,340,303,main,git_branch_contains,TEAM_02,2026.1,Dev_B,git_commit
extensao3-2026_1-team2-revisai-fc0269144b84,d950432c54745a6b7d38f812c1f867dc011af6cd,2026-06-18T16:49:31-03:00,T3,11,340,303,main,git_branch_contains,TEAM_02,2026.1,Dev_B,git_commit
extensao3-2026_1-team2-revisai-fc0269144b84,32ece61e7b038f3768cf6cca0f0bef8a5416f806,2026-06-18T21:23:29-03:00,T3,1,53,30,main,git_branch_contains,TEAM_02,2026.1,Dev_A,git_commit
extensao3-2026_1-team2-revisai-fc0269144b84,360ae65a0cc138d61a36d6e2a05df953c20c5313,2026-06-18T21:24:10-03:00,T3,0,0,0,main,git_branch_contains,TEAM_02,2026.1,Dev_A,git_commit
extensao3-2026_1-team2-revisai-fc0269144b84,b87379255a16ffc723b5d69f8b8c5e7a3a8635f1,2026-06-18T22:05:56-03:00,T3,4,15,15,main,git_branch_contains,TEAM_02,2026.1,Dev_A,git_commit
extensao3-2026_1-team2-revisai-fc0269144b84,607e07afecdad1ade87aa8edb5e2f89f4601e873,2026-06-18T22:27:06-03:00,T3,0,0,0,main,git_branch_contains,TEAM_02,2026.1,Dev_D,git_commit
extensao3-2026_1-team2-revisai-fc0269144b84,017a0aa7ad985282a32090ed869516a3ff29dc82,2026-06-19T05:51:53-03:00,T3,0,0,0,main,git_branch_contains,TEAM_02,2026.1,Dev_D,git_commit
extensao3-2026_1-team2-revisai-fc0269144b84,3bad09baa75332053946886a767c6ee9ead3d343,2026-06-19T07:01:55-03:00,T3,2,0,0,main,git_branch_contains,TEAM_02,2026.1,Dev_H,git_commit
extensao3-2026_1-team2-revisai-fc0269144b84,6de7cda8d27ae8790bb58a7355a2a5597c3bcb5a,2026-06-19T07:03:28-03:00,T3,0,0,0,main,git_branch_contains,TEAM_02,2026.1,Dev_D,git_commit
extensao3-2026_1-team2-revisai-fc0269144b84,abc61e0f20e09ea4f9f849661476e750eab6bbfd,2026-06-19T07:07:45-03:00,T3,1,0,0,main,git_branch_contains,TEAM_02,2026.1,Dev_H,git_commit
extensao3-2026_1-team2-revisai-fc0269144b84,b42f60eb3762e56bdc842b700f2c0837081c9de7,2026-06-19T07:09:07-03:00,T3,0,0,0,main,git_branch_contains,TEAM_02,2026.1,Dev_D,git_commit
extensao3-2025_2-team_04-Bulicoso-1596a9c51e60,ad8e072e97c7d9f66a0d4d26c3db125c1e3c1470,2025-10-14T16:34:04-03:00,T1,1,2,0,main,git_branch_contains,TEAM_04,2025.2,Dev_E,git_commit
extensao3-2025_2-team_04-Bulicoso-1596a9c51e60,dcd1b0aa8c02c5749568adc0523f9d6a03ffea76,2025-10-14T17:07:48-03:00,T1,15,167,2,main,git_branch_contains,TEAM_04,2025.2,Dev_B,git_commit
extensao3-2025_2-team_04-Bulicoso-1596a9c51e60,f52a4a5cb9feca62bef18f5cca9f9bf719063046,2025-10-16T17:27:31-03:00,T1,1,34,2,main,git_branch_contains,TEAM_04,2025.2,Dev_A,git_commit
extensao3-2025_2-team_04-Bulicoso-1596a9c51e60,44a9e18d09ddf0f2adca0c96ecec0387ea832b32,2025-10-16T17:28:13-03:00,T1,1,0,3,main,git_branch_contains,TEAM_04,2025.2,Dev_A,git_commit
extensao3-2025_2-team_04-Bulicoso-1596a9c51e60,4da33225fcac60d00b60acf5ac03fc83eff60fc5,2025-10-16T17:29:39-03:00,T1,1,14,11,main,git_branch_contains,TEAM_04,2025.2,Dev_A,git_commit
extensao3-2025_2-team_04-Bulicoso-1596a9c51e60,8f461baee14d6bc96c2b3877cb92de518327bd15,2025-10-16T17:31:51-03:00,T1,1,19,16,main,git_branch_contains,TEAM_04,2025.2,Dev_A,git_commit
extensao3-2025_2-team_04-Bulicoso-1596a9c51e60,8e386bca58e5631163842632e4827734f5860281,2025-10-16T17:36:45-03:00,T1,1,1,1,main,git_branch_contains,TEAM_04,2025.2,Dev_C,git_commit
extensao3-2025_2-team_04-Bulicoso-1596a9c51e60,b9e1105a58b8c3c394b95df3302a30b292627624,2025-10-16T17:38:26-03:00,T1,2,130,0,main,git_branch_contains,TEAM_04,2025.2,Dev_A,git_commit
extensao3-2025_2-team_04-Bulicoso-1596a9c51e60,7a3ece481cc6d91d2062a1f4f3def45a682da283,2025-10-16T17:38:34-03:00,T1,0,0,0,main,git_branch_contains,TEAM_04,2025.2,Dev_A,git_commit
extensao3-2025_2-team_04-Bulicoso-1596a9c51e60,3ba967cff42cd333f0d104c42435702c733a7307,2025-10-19T14:59:59-03:00,T2,8,6,133,main,git_branch_contains,TEAM_04,2025.2,Dev_B,git_commit
extensao3-2025_2-team_04-Bulicoso-1596a9c51e60,58435bb7305d3f70d104cae068ebf43f7a0908b1,2025-10-19T15:03:44-03:00,T2,369,8344,1,main,git_branch_contains,TEAM_04,2025.2,Dev_B,git_commit
extensao3-2025_2-team_04-Bulicoso-1596a9c51e60,2cbbbab066dd9b77754cd7252276edda6ef05009,2025-10-19T15:06:00-03:00,T2,0,0,0,main,git_branch_contains,TEAM_04,2025.2,Dev_B,git_commit
extensao3-2025_2-team_04-Bulicoso-1596a9c51e60,0e23c468293e70594aa3d9b9aac8f553f755c242,2025-10-19T15:08:51-03:00,T2,7,221,358,main,git_branch_contains,TEAM_04,2025.2,Dev_B,git_commit
extensao3-2025_2-team_04-Bulicoso-1596a9c51e60,a20a4a93ec4410dac92fdc559667f13d85ca75f3,2025-10-27T10:20:32-03:00,T2,1,158,73,main,git_branch_contains,TEAM_04,2025.2,Dev_B,git_commit
extensao3-2025_2-team_04-Bulicoso-1596a9c51e60,623d17ed0cffef10e35978f1951e03d7273f6cdc,2025-11-02T11:39:54-03:00,T2,3,550,1,main,git_branch_contains,TEAM_04,2025.2,Dev_B,git_commit
extensao3-2025_2-team_04-Bulicoso-1596a9c51e60,9c12a8443d3a1e050ac65ee5e75d134c22e154d0,2025-11-09T11:11:03-03:00,T2,22,1002,0,main,git_branch_contains,TEAM_04,2025.2,Dev_A,git_commit
extensao3-2025_2-team_04-Bulicoso-1596a9c51e60,9b9d06f67c7233ebd7ad66118a2395f123ad094a,2025-11-09T11:53:52-03:00,T2,46,2012,842,main,git_branch_contains,TEAM_04,2025.2,Dev_A,git_commit
extensao3-2025_2-team_04-Bulicoso-1596a9c51e60,be250d00854793864d665e744cf9eff60e5724bc,2025-11-12T16:09:13-03:00,T2,0,0,0,main,git_branch_contains,TEAM_04,2025.2,Dev_C,git_commit
extensao3-2025_2-team_04-Bulicoso-1596a9c51e60,c32ca2e97211cf4728a56209661be25ce2c0a37f,2025-11-12T16:09:22-03:00,T2,0,0,0,main,git_branch_contains,TEAM_04,2025.2,Dev_C,git_commit
extensao3-2025_2-team_04-Bulicoso-1596a9c51e60,1ee522aad6594f5b294991acc55675ede44e4609,2025-11-12T16:15:43-03:00,T2,368,149,112,main,git_branch_contains,TEAM_04,2025.2,Dev_B,git_commit
extensao3-2025_2-team_04-Bulicoso-1596a9c51e60,7ec44df06b2f1fd3b3a86048401bf8b030babb6e,2025-11-15T18:24:23-03:00,T3,376,8784,47,main,git_branch_contains,TEAM_04,2025.2,Dev_B,git_commit
extensao3-2025_2-team_04-Bulicoso-1596a9c51e60,4ea3582cf07246279a2d894e06a72b21923a723e,2025-11-22T12:36:31-03:00,T3,3,60,61,main,git_branch_contains,TEAM_04,2025.2,Dev_B,git_commit
extensao3-2025_2-team_04-Bulicoso-1596a9c51e60,e1972e913e2c3c66bc3710c64bdda7690452e391,2025-11-25T15:38:09+00:00,T3,24,4101,0,main,git_branch_contains,TEAM_04,2025.2,Dev_D,git_commit
extensao3-2025_2-team_04-Bulicoso-1596a9c51e60,b7901ebe8fa0a6ae83d2094bc1c356b60d9d01d2,2025-11-25T15:31:03-03:00,T3,1,1,1,main,git_branch_contains,TEAM_04,2025.2,Dev_B,git_commit
extensao3-2025_2-team_04-Bulicoso-1596a9c51e60,8d5b936d276d06d0ffda7796a0e154058c712793,2025-12-01T14:02:57-03:00,T3,10,178,124,main,git_branch_contains,TEAM_04,2025.2,Dev_A,git_commit
extensao3-2025_2-team_04-Bulicoso-1596a9c51e60,8085ac8c92dc361e804cc45363fcffc75791baf8,2025-12-01T20:55:37-03:00,T3,0,0,0,main,git_branch_contains,TEAM_04,2025.2,Dev_A,git_commit
extensao3-2025_2-team_04-Bulicoso-1596a9c51e60,7053a407c4d0069e1fc44a8af8079f4bb06accc8,2025-12-01T20:56:23-03:00,T3,0,0,0,main,git_branch_contains,TEAM_04,2025.2,Dev_E,git_commit
extensao3-2025_2-team_04-Bulicoso-1596a9c51e60,e4421b6ab4e31e178f3a3de5560f531f3f296b98,2025-12-02T00:57:42+00:00,T3,20,1160,256,main,git_branch_contains,TEAM_04,2025.2,Dev_D,git_commit
extensao3-2025_2-team_04-Bulicoso-1596a9c51e60,a5d3118e8936bbe0b477969f010d84103f74f611,2025-12-02T15:48:20-03:00,T3,9,63,7,main,git_branch_contains,TEAM_04,2025.2,Dev_B,git_commit
extensao3-2025_2-team_04-Bulicoso-1596a9c51e60,6995e67e71dde5c8baa175c73f2c038dbae581bf,2025-12-02T15:53:46-03:00,T3,1,3,3,main,git_branch_contains,TEAM_04,2025.2,Dev_C,git_commit
extensao3-2025_2-team_04-Bulicoso-1596a9c51e60,dfe23ee835204dd27ec384d20b1bbed686b814a2,2025-12-03T15:51:33-03:00,T3,1,150,19,main,git_branch_contains,TEAM_04,2025.2,Dev_A,git_commit
extensao3-2025_2-team_04-Bulicoso-1596a9c51e60,02b7b6b66d8e2e3b4bc74026733636200bac69de,2025-12-03T15:51:37-03:00,T3,0,0,0,main,git_branch_contains,TEAM_04,2025.2,Dev_A,git_commit
extensao3-2025_2-team_04-Bulicoso-1596a9c51e60,2b89693845296e020970d5705b3e892b78f06cc1,2025-12-03T15:54:57-03:00,T3,1,5,5,main,git_branch_contains,TEAM_04,2025.2,Dev_A,git_commit
extensao3-2025_2-team_04-Bulicoso-1596a9c51e60,0a0a2189f7835f1b0f143cfefb702735c8b36ede,2025-12-03T16:04:37-03:00,T3,1,3,16,main,git_branch_contains,TEAM_04,2025.2,Dev_A,git_commit
extensao3-2025_2-team_04-Bulicoso-1596a9c51e60,407c2f42c40d72777d5d3ec45f8a09fbd66e2fde,2025-12-03T16:10:08-03:00,T3,3,0,58,main,git_branch_contains,TEAM_04,2025.2,Dev_A,git_commit
extensao3-2025_2-team_04-Bulicoso-1596a9c51e60,7040f9ed8869507831598ce12fe8f5bbc6f5a1a6,2025-12-03T16:21:08-03:00,T3,1,12,0,main,git_branch_contains,TEAM_04,2025.2,Dev_A,git_commit
extensao3-2025_2-team_04-Bulicoso-1596a9c51e60,bdc9ba5aa051177bb4c216659d76d58be86d2ecf,2025-12-03T16:24:41-03:00,T3,1,12,14,main,git_branch_contains,TEAM_04,2025.2,Dev_A,git_commit
extensao3-2025_2-team_04-Bulicoso-1596a9c51e60,add8e3ba66a2fc9a3e982e5f84ce129fba2fe0f3,2025-12-03T21:00:06-03:00,T3,1,6,2,main,git_branch_contains,TEAM_04,2025.2,Dev_A,git_commit
extensao3-2025_2-team_04-Bulicoso-1596a9c51e60,dec830e03f8b50aed424c8985b74cedc06ac83aa,2025-12-03T21:11:54-03:00,T3,1,1,1,main,git_branch_contains,TEAM_04,2025.2,Dev_A,git_commit
extensao3-2025_2-team_04-Bulicoso-1596a9c51e60,fc6a5d9c0649a6dd30ccf730133d65fe027684a7,2025-12-03T22:22:12-03:00,T3,2,17,7,main,git_branch_contains,TEAM_04,2025.2,Dev_A,git_commit
extensao3-2025_2-team_04-Bulicoso-1596a9c51e60,1a7f95bf348c3f08231624b8940bb8504584301b,2025-12-04T14:40:47-03:00,T3,3,123,154,main,git_branch_contains,TEAM_04,2025.2,Dev_B,git_commit
extensao3-2025_2-team_04-Bulicoso-1596a9c51e60,bb7c49ffcca49db6146dcb5a4b8ee23f8b592874,2025-12-04T16:56:45-03:00,T3,3,3,3,main,git_branch_contains,TEAM_04,2025.2,Dev_B,git_commit
extensao3-2025_2-team_04-Bulicoso-1596a9c51e60,7f6cba2f5f0bdfb3829018905fde58c9720f56ff,2025-12-04T22:41:33-03:00,T3,7,0,0,main,git_branch_contains,TEAM_04,2025.2,Dev_A,git_commit
extensao3-2025_2-team_04-Bulicoso-1596a9c51e60,8955b45b46d34e0f260b63a4a4dd06c40611d695,2025-12-04T22:47:38-03:00,T3,1,4,0,main,git_branch_contains,TEAM_04,2025.2,Dev_A,git_commit
extensao3-2025_2-team_04-Bulicoso-1596a9c51e60,5bb43ed7af987cee8459c6f6d6551bea24c8e012,2025-12-05T01:49:49+00:00,T3,93,9354,30,main,git_branch_contains,TEAM_04,2025.2,Dev_D,git_commit
extensao3-2025_2-team_04-Bulicoso-1596a9c51e60,0bdc00f5cd8546da4cfa67d4c6d84889d0f5b539,2025-12-04T23:02:19-03:00,T3,2,60,56,main,git_branch_contains,TEAM_04,2025.2,Dev_A,git_commit
extensao3-2025_2-team_04-Bulicoso-1596a9c51e60,977bf5a6540fc83cfff9157066ac00f3f8cdd82d,2025-12-04T23:02:32-03:00,T3,0,0,0,main,git_branch_contains,TEAM_04,2025.2,Dev_A,git_commit
extensao3-2025_2-team_04-Bulicoso-1596a9c51e60,02db0c92ac0a37814bc26bdcbe9dad91842c8455,2025-12-04T23:21:32-03:00,T3,2,8,0,main,git_branch_contains,TEAM_04,2025.2,Dev_A,git_commit
extensao3-2025_2-team_04-Bulicoso-1596a9c51e60,be61d8edc2d6bdfa0c507bb5d2466ccb57ae6796,2025-12-04T23:26:46-03:00,T3,9,4,3,main,git_branch_contains,TEAM_04,2025.2,Dev_A,git_commit
extensao3-2025_2-team_04-Bulicoso-1596a9c51e60,e06d996135f0fc25c11f1ea21a12e621bd8981c4,2025-12-04T23:34:01-03:00,T3,2,9,1,main,git_branch_contains,TEAM_04,2025.2,Dev_A,git_commit
extensao3-2025_2-team_04-Bulicoso-1596a9c51e60,14fa73926ae0a8d6525b008aba68911d3fa8eeac,2025-12-05T02:54:05+00:00,T3,3,3,4,main,git_branch_contains,TEAM_04,2025.2,Dev_D,git_commit
extensao3-2025_2-team_04-Bulicoso-1596a9c51e60,2a5ed9112c0587ce0786924e1407aab9ae7fdec2,2025-12-05T09:01:23-03:00,T3,0,0,0,main,git_branch_contains,TEAM_04,2025.2,Dev_E,git_commit
extensao3-2025_2-team_04-Bulicoso-1596a9c51e60,429b46b46785d94e3e8cd97684acc0e0615f3535,2025-12-05T09:15:44-03:00,T3,2,8,3,main,git_branch_contains,TEAM_04,2025.2,Dev_A,git_commit
extensao3-2025_2-team_04-Bulicoso-1596a9c51e60,46553cfeed0e73b8c505ccd11445fdcfa028a96e,2025-12-05T09:28:46-03:00,T3,1,1,1,main,git_branch_contains,TEAM_04,2025.2,Dev_A,git_commit
extensao3-2025_2-team_04-Bulicoso-1596a9c51e60,9b1d2341008569c9cf105b28285a357afef1a5c1,2025-12-05T09:30:10-03:00,T3,1,3,3,main,git_branch_contains,TEAM_04,2025.2,Dev_A,git_commit
extensao3-2025_2-team_04-Bulicoso-1596a9c51e60,5ebbd18d64f7339bf2ef1b73a6fa0073e44323ab,2025-12-05T09:36:07-03:00,T3,1,10,12,main,git_branch_contains,TEAM_04,2025.2,Dev_A,git_commit
extensao3-2025_2-team_04-Bulicoso-1596a9c51e60,a75a184856bb0694390f1ca1d3755673c41644e5,2025-12-08T10:54:50-03:00,T3,3,2,2,main,git_branch_contains,TEAM_04,2025.2,Dev_B,git_commit
extensao3-2025_2-team_04-Bulicoso-1596a9c51e60,2fd8b0e40d3f19de6710f9347ed0b5f5f50a58db,2025-12-08T21:45:42-03:00,T3,1,2,0,main,git_branch_contains,TEAM_04,2025.2,Dev_A,git_commit
extensao3-2025_2-team_04-Bulicoso-1596a9c51e60,215ad97ba5d11166cf4096cb92e2e399f1284ef5,2025-12-10T12:16:43-03:00,T3,4,19,8,main,git_branch_contains,TEAM_04,2025.2,Dev_A,git_commit
extensao3-2025_2-team_04-Bulicoso-1596a9c51e60,a2e97f5f5a6d79f4fe8f2ec3c46f19b36a7d1163,2025-12-10T12:40:56-03:00,T3,2,1,1,main,git_branch_contains,TEAM_04,2025.2,Dev_B,git_commit
extensao3-2025_2-team_04-Bulicoso-1596a9c51e60,76c799ee8e3d523114926d928c6e8520216b5357,2025-12-10T12:41:18-03:00,T3,0,0,0,main,git_branch_contains,TEAM_04,2025.2,Dev_B,git_commit
extensao3-2025_2-team_04-Bulicoso-1596a9c51e60,38f7709b7e5916ff634af87f99eb96e305240941,2025-12-10T12:44:10-03:00,T3,2,1,1,main,git_branch_contains,TEAM_04,2025.2,Dev_B,git_commit
extensao3-2025_2-team_04-Bulicoso-1596a9c51e60,719b0b1e76b9cbab2f312b8b82b80a29caea0bde,2025-12-10T12:50:03-03:00,T3,8,6,8,main,git_branch_contains,TEAM_04,2025.2,Dev_B,git_commit
extensao3-2025_2-team_03-career-path-ai-671a7f548397,b89f70352575e04e0123a5d3dc43e3802c92457f,2025-12-11T14:36:14-03:00,T3,135,19152,0,main,git_branch_contains,TEAM_03,2025.2,Dev_B,git_commit
extensao3-2025_2-team_03-career-path-ai-671a7f548397,faa1f3b20f24917f3350af4e65ff614d2678ba68,2025-12-11T21:59:53-03:00,T3,20,931,79,main,git_branch_contains,TEAM_03,2025.2,Dev_A,git_commit
extensao3-2025_2-team_03-career-path-ai-671a7f548397,63aeb27835d153baaf0186dcb503f62d9d7626cf,2025-12-11T22:20:42-03:00,T3,0,0,0,main,git_branch_contains,TEAM_03,2025.2,Dev_C,git_commit
extensao3-2025_2-team_03-career-path-ai-671a7f548397,81569bf70eb95a41b52ffa38e9c4ce1918f4bc98,2025-12-11T22:58:56-03:00,T3,7,128,7,main,git_branch_contains,TEAM_03,2025.2,Dev_B,git_commit
extensao3-2025_2-team_03-career-path-ai-671a7f548397,205ee2ab7ae360794d5e20f8737dace800b11ebc,2025-12-11T23:00:49-03:00,T3,1,0,1,main,git_branch_contains,TEAM_03,2025.2,Dev_B,git_commit
extensao3-2025_2-team_03-career-path-ai-671a7f548397,8757e58679d3b46993b6ac8600617d3d91a83da2,2025-12-12T06:33:26-03:00,T3,28,779,86,main,git_branch_contains,TEAM_03,2025.2,Dev_A,git_commit
extensao3-2025_2-team_03-career-path-ai-671a7f548397,7ebeb08cf5191f7c2df7b81d8e37fbfa921a11a9,2025-12-12T06:36:49-03:00,T3,1,1,27,main,git_branch_contains,TEAM_03,2025.2,Dev_A,git_commit
extensao3-2025_2-team_03-career-path-ai-671a7f548397,285da9a0e07a6dd17230d18085dd4a8d079f4a99,2025-12-12T06:39:20-03:00,T3,1,7,0,main,git_branch_contains,TEAM_03,2025.2,Dev_A,git_commit
extensao3-2025_2-team_03-career-path-ai-671a7f548397,65340a69d2dbcd113fe3929e6ae28f1aa312dd19,2025-12-12T08:43:42-03:00,T3,0,0,0,main,git_branch_contains,TEAM_03,2025.2,Dev_C,git_commit
extensao3-2025_2-team_01-software_development_extension_lll-1930641bc289,6ab0cf920f1d5a0ab8a09a5a78d0cd265ce8688a,2025-09-13T22:33:22-03:00,T1,1,1,0,main,git_branch_contains,TEAM_01,2025.2,Dev_B,git_commit
extensao3-2025_2-team_01-software_development_extension_lll-1930641bc289,5b4622d31fdff2f0c59566d65218eec9947ac7b1,2025-09-13T22:37:46-03:00,T1,2,0,0,main,git_branch_contains,TEAM_01,2025.2,Dev_B,git_commit
extensao3-2025_2-team_01-software_development_extension_lll-1930641bc289,515a7366a25e0be246ce93b0caabb5fed49020ac,2025-09-14T21:56:07-03:00,T1,133,875,0,main,git_branch_contains,TEAM_01,2025.2,Dev_B,git_commit
extensao3-2025_2-team_01-software_development_extension_lll-1930641bc289,f5aeb3f857f7d0928f36bf2583d264ebe2b7f82a,2025-09-15T16:29:33-03:00,T1,1,11,0,main,git_branch_contains,TEAM_01,2025.2,Dev_B,git_commit
extensao3-2025_2-team_01-software_development_extension_lll-1930641bc289,10be80b9c698723818a94265c7e86908e33a23fe,2025-09-23T16:46:15-03:00,T1,42,14454,0,main,git_branch_contains,TEAM_01,2025.2,Dev_A,git_commit
extensao3-2025_2-team_01-software_development_extension_lll-1930641bc289,e192954c26273e4299e4da017c09a34776b8b83e,2025-09-23T17:22:24-03:00,T1,5,161,99,main,git_branch_contains,TEAM_01,2025.2,Dev_A,git_commit
extensao3-2025_2-team_01-software_development_extension_lll-1930641bc289,e5f67df97fb90387068176abbf626aad01674960,2025-09-23T17:34:29-03:00,T1,2,167,2,main,git_branch_contains,TEAM_01,2025.2,Dev_A,git_commit
extensao3-2025_2-team_01-software_development_extension_lll-1930641bc289,364afbe4da8c7f519e5ecccb8d0c625a6567fcad,2025-11-20T22:20:35-03:00,T3,6,308,74,main,git_branch_contains,TEAM_01,2025.2,Dev_A,git_commit
extensao3-2025_2-team_01-software_development_extension_lll-1930641bc289,e8f28f748514650fea400c8ee559340fa9adfdd9,2025-12-10T17:00:12-03:00,T3,54,1291,727,main,git_branch_contains,TEAM_01,2025.2,Dev_A,git_commit
extensao3-2025_2-team_01-software_development_extension_lll-1930641bc289,db6fe9a9b6bdb6975a7c6833298ce852cff4352c,2025-12-10T17:04:47-03:00,T3,1,1,1,main,git_branch_contains,TEAM_01,2025.2,Dev_A,git_commit
extensao3-2025_2-team_01-software_development_extension_lll-1930641bc289,4d857b2ad6ce5e2c050d1a100677ad17d6926e0f,2025-12-10T17:37:25-03:00,T3,11414,1362657,100,main,git_branch_contains,TEAM_01,2025.2,Dev_A,git_commit
extensao3-2025_2-team_01-software_development_extension_lll-1930641bc289,bc466890f66f8bd537f67de4cb2efc55850d6fbd,2025-12-10T17:53:20-03:00,T3,14,1,132,main,git_branch_contains,TEAM_01,2025.2,Dev_A,git_commit
extensao3-2025_2-team_01-software_development_extension_lll-1930641bc289,1d4e428ed25a3f91bd1b236b39b44d64fdb2e8fa,2025-12-10T17:58:02-03:00,T3,1,1,1,main,git_branch_contains,TEAM_01,2025.2,Dev_A,git_commit
extensao3-2025_2-team_01-software_development_extension_lll-1930641bc289,bfa42f422451256f53ebc2f6ab5db76937ab2a72,2025-12-10T21:24:13-03:00,T3,14,1,1,main,git_branch_contains,TEAM_01,2025.2,Dev_A,git_commit
extensao3-2025_2-team_01-software_development_extension_lll-1930641bc289,2655dbaaee0cc8ad1677a5749f88f899fa4b1371,2025-12-10T21:25:04-03:00,T3,1,1,1,main,git_branch_contains,TEAM_01,2025.2,Dev_A,git_commit
extensao3-2025_2-team_01-software_development_extension_lll-1930641bc289,300623fc951a75413c461c90161c172a67e2f8cf,2025-12-11T22:33:33-03:00,T3,5,0,0,main,git_branch_contains,TEAM_01,2025.2,Dev_A,git_commit
extensao3-2025_2-team_01-software_development_extension_lll-1930641bc289,a85434beb81866deeba173576ad518030e974462,2025-12-11T22:34:04-03:00,T3,154,199,510,main,git_branch_contains,TEAM_01,2025.2,Dev_A,git_commit
extensao3-2025_2-team_01-software_development_extension_lll-1930641bc289,319bbf8de0924e738f0c9e041269395a38c4e3de,2025-12-12T00:17:47-03:00,T3,161,430,22,main,git_branch_contains,TEAM_01,2025.2,Dev_A,git_commit
extensao3-2025_2-team_01-software_development_extension_lll-1930641bc289,56c95468fee5c1b0e76948b3884d651990e2d803,2025-12-12T00:23:59-03:00,T3,1,121,1,main,git_branch_contains,TEAM_01,2025.2,Dev_A,git_commit
extensao3-2025_2-team_05-ecoroteiro-ex3-829bfc0e2da3,df44b480450747308990ca2a036fc2753a5e7d51,2025-12-11T23:44:43-03:00,T3,53,7110,0,main,git_branch_contains,TEAM_05,2025.2,Dev_A,git_commit
extensao3-2025_2-team_07-Projeto-Research-Flow-52c168a459d8,ca97a9a1ed0f0ad3b3e6ed5e5508bffa65b91216,2025-10-01T14:45:44-03:00,T1,39,306,0,main,git_branch_contains,TEAM_07,2025.2,Dev_B,git_commit
extensao3-2025_2-team_07-Projeto-Research-Flow-52c168a459d8,00b496c46ff715b97cbf36a61d6ed9a083d623e8,2025-10-13T15:43:22-03:00,T1,4,160,2,main,git_branch_contains,TEAM_07,2025.2,Dev_B,git_commit
extensao3-2025_2-team_07-Projeto-Research-Flow-52c168a459d8,d7625a661a68f39c152b61941df43f460b0d3b3b,2025-10-14T16:55:44-03:00,T1,7,901,2,main,git_branch_contains,TEAM_07,2025.2,Dev_A,git_commit
extensao3-2025_2-team_07-Projeto-Research-Flow-52c168a459d8,4a981ba86d506754ca5107bca5b56f17645cb3d1,2025-10-14T17:11:29-03:00,T1,1,79,173,main,git_branch_contains,TEAM_07,2025.2,Dev_A,git_commit
extensao3-2025_2-team_07-Projeto-Research-Flow-52c168a459d8,82af224a8b93283b43b75ce568d7f8e652aef5ff,2025-10-14T17:49:32-03:00,T1,6,199,422,main,git_branch_contains,TEAM_07,2025.2,Dev_A,git_commit
extensao3-2025_2-team_07-Projeto-Research-Flow-52c168a459d8,aec857c9446049e8c7420e06e890258079bf3ad8,2025-10-14T18:03:53-03:00,T1,5,121,68,main,git_branch_contains,TEAM_07,2025.2,Dev_B,git_commit
extensao3-2025_2-team_07-Projeto-Research-Flow-52c168a459d8,71d0850bb8ef6c37306c1da2e8942ee752258851,2025-10-14T18:04:59-03:00,T1,0,0,0,main,git_branch_contains,TEAM_07,2025.2,Dev_B,git_commit
extensao3-2025_2-team_07-Projeto-Research-Flow-52c168a459d8,a95979887b5691e67ff0b4350a14c4aa9d41c7d9,2025-10-17T17:12:19-03:00,T2,3,71,30,main,git_branch_contains,TEAM_07,2025.2,Dev_A,git_commit
extensao3-2025_2-team_07-Projeto-Research-Flow-52c168a459d8,a303c2cb1a91cfb1538cab7dc9458a760993a7f2,2025-10-17T18:37:38-03:00,T2,3,49,28,main,git_branch_contains,TEAM_07,2025.2,Dev_A,git_commit
extensao3-2025_2-team_07-Projeto-Research-Flow-52c168a459d8,98ae8d5b4d64361175b86eb44b3c68034d55c595,2025-10-20T13:07:40-03:00,T2,7,660,15,main,git_branch_contains,TEAM_07,2025.2,Dev_A,git_commit
extensao3-2025_2-team_07-Projeto-Research-Flow-52c168a459d8,151b489c5263177b9f1d5a4bce96a51feb6990d4,2025-10-20T13:16:55-03:00,T2,2,14,37,main,git_branch_contains,TEAM_07,2025.2,Dev_A,git_commit
extensao3-2025_2-team_07-Projeto-Research-Flow-52c168a459d8,11fa068ac920c516c33f7446c4d647d7d1d64420,2025-10-20T14:39:47-03:00,T2,4,65,28,main,git_branch_contains,TEAM_07,2025.2,Dev_B,git_commit
extensao3-2025_2-team_07-Projeto-Research-Flow-52c168a459d8,d67ec75d24983d3af339821cc458b6de18da4d33,2025-10-20T14:43:18-03:00,T2,0,0,0,main,git_branch_contains,TEAM_07,2025.2,Dev_B,git_commit
extensao3-2025_2-team_07-Projeto-Research-Flow-52c168a459d8,f400f65b6c2daab2caca4b2571fdd5dcf7dea789,2025-10-20T14:47:32-03:00,T2,1,81,0,main,git_branch_contains,TEAM_07,2025.2,Dev_B,git_commit
extensao3-2025_2-team_07-Projeto-Research-Flow-52c168a459d8,b12ce838430d1d3ce328fdec6ebf83aa9ae9ab67,2025-10-20T14:54:44-03:00,T2,1,8,1,main,git_branch_contains,TEAM_07,2025.2,Dev_B,git_commit
extensao3-2025_2-team_07-Projeto-Research-Flow-52c168a459d8,b7b4c91b43582d9357c03de08cea896fa0a2a416,2025-10-20T15:39:46-03:00,T2,1,6,1,main,git_branch_contains,TEAM_07,2025.2,Dev_B,git_commit
extensao3-2025_2-team_07-Projeto-Research-Flow-52c168a459d8,864e831f3e0ad8909e6521c9a6132b9bf46b6c63,2025-10-20T15:40:18-03:00,T2,0,0,0,main,git_branch_contains,TEAM_07,2025.2,Dev_B,git_commit
extensao3-2025_2-team_07-Projeto-Research-Flow-52c168a459d8,46e1af26baef4d174d9fe44975f42ad8c9ee6673,2025-10-20T15:52:49-03:00,T2,3,13,3,main,git_branch_contains,TEAM_07,2025.2,Dev_A,git_commit
extensao3-2025_2-team_07-Projeto-Research-Flow-52c168a459d8,afb73df91b776402a9b0479cf0b176860dd1aebc,2025-10-20T16:47:19-03:00,T2,0,0,0,main,git_branch_contains,TEAM_07,2025.2,Dev_A,git_commit
extensao3-2025_2-team_07-Projeto-Research-Flow-52c168a459d8,0c5c3f80caeb3351baea2741970ffd7a862c4557,2025-10-20T16:47:36-03:00,T2,2,19,2,main,git_branch_contains,TEAM_07,2025.2,Dev_A,git_commit
extensao3-2025_2-team_07-Projeto-Research-Flow-52c168a459d8,eb6a0bcb1edf86510cfcdf8d75c1c1cfe96edf28,2025-10-20T17:24:00-03:00,T2,9,72,622,main,git_branch_contains,TEAM_07,2025.2,Dev_B,git_commit
extensao3-2025_2-team_07-Projeto-Research-Flow-52c168a459d8,b186192d1f5602bc6dab10388a910abd937df667,2025-10-21T10:40:25-03:00,T2,97,8764,0,main,git_branch_contains,TEAM_07,2025.2,Dev_F,git_commit
extensao3-2025_2-team_07-Projeto-Research-Flow-52c168a459d8,ce152c1e233c4d25b82a4e288448490e442458c0,2025-10-21T12:06:49-03:00,T2,4,168,33,main,git_branch_contains,TEAM_07,2025.2,Dev_A,git_commit
extensao3-2025_2-team_07-Projeto-Research-Flow-52c168a459d8,65e1199a709cd720267fb712c0d209c475a3ed34,2025-10-21T12:23:02-03:00,T2,1,24,1,main,git_branch_contains,TEAM_07,2025.2,Dev_A,git_commit
extensao3-2025_2-team_07-Projeto-Research-Flow-52c168a459d8,b7d13a603afc4e765499f05fff0df6054ec4519d,2025-10-21T12:47:17-03:00,T2,4,1,8,main,git_branch_contains,TEAM_07,2025.2,Dev_A,git_commit
extensao3-2025_2-team_07-Projeto-Research-Flow-52c168a459d8,ba054a4e1946de9a9720bf24c2180afd557040b0,2025-10-21T15:02:15-03:00,T2,2,79,3,main,git_branch_contains,TEAM_07,2025.2,Dev_A,git_commit
extensao3-2025_2-team_07-Projeto-Research-Flow-52c168a459d8,e5b4ce0411521e18669a307f7ca99bc392af0e64,2025-10-21T15:03:44-03:00,T2,1,12,12,main,git_branch_contains,TEAM_07,2025.2,Dev_A,git_commit
extensao3-2025_2-team_07-Projeto-Research-Flow-52c168a459d8,c1adf0fb356388f83d10264313ff776d42986d1d,2025-10-21T22:20:30-03:00,T2,1,182,29,main,git_branch_contains,TEAM_07,2025.2,Dev_B,git_commit
extensao3-2025_2-team_07-Projeto-Research-Flow-52c168a459d8,fb4a9edc36f434ee8845e0c2a6ad497311a69d99,2025-10-23T16:42:44-03:00,T2,1,82,1,main,git_branch_contains,TEAM_07,2025.2,Dev_C,git_commit
extensao3-2025_2-team_07-Projeto-Research-Flow-52c168a459d8,deadbd76a1679d2a1aaa818208fa90d118d7d964,2025-10-23T16:43:23-03:00,T2,1,2,1,main,git_branch_contains,TEAM_07,2025.2,Dev_C,git_commit
extensao3-2025_2-team_07-Projeto-Research-Flow-52c168a459d8,8c2b37a4d14b884609db3847548113578886d186,2025-10-23T16:45:34-03:00,T2,1,52,1,main,git_branch_contains,TEAM_07,2025.2,Dev_C,git_commit
extensao3-2025_2-team_07-Projeto-Research-Flow-52c168a459d8,36f79fb3d9364c4cf16272d203202f669af796d0,2025-10-23T16:50:19-03:00,T2,1,120,45,main,git_branch_contains,TEAM_07,2025.2,Dev_B,git_commit
extensao3-2025_2-team_07-Projeto-Research-Flow-52c168a459d8,dd076c471766b3407100eab165adea7acb0bafc1,2025-10-23T16:59:00-03:00,T2,1,109,49,main,git_branch_contains,TEAM_07,2025.2,Dev_D,git_commit
extensao3-2025_2-team_07-Projeto-Research-Flow-52c168a459d8,987b6846eadd81bd2993b24d1225fbe719e31f95,2025-10-23T17:00:23-03:00,T2,1,116,29,main,git_branch_contains,TEAM_07,2025.2,Dev_C,git_commit
extensao3-2025_2-team_07-Projeto-Research-Flow-52c168a459d8,8cca685cc81bfeb8eefeb9d26a589080e0ed428b,2025-10-23T17:01:14-03:00,T2,1,1,1,main,git_branch_contains,TEAM_07,2025.2,Dev_C,git_commit
extensao3-2025_2-team_07-Projeto-Research-Flow-52c168a459d8,22157c28c6fea307a51810ebc025342504b9e7a5,2025-10-23T17:02:05-03:00,T2,1,1,1,main,git_branch_contains,TEAM_07,2025.2,Dev_C,git_commit
extensao3-2025_2-team_07-Projeto-Research-Flow-52c168a459d8,4223d558ef939eb5a910cbd6fbf8550e536ee5f4,2025-10-23T17:21:27-03:00,T2,1,50,0,main,git_branch_contains,TEAM_07,2025.2,Dev_E,git_commit
extensao3-2025_2-team_07-Projeto-Research-Flow-52c168a459d8,7b036ba10b07a458661bc30f21d2327c7b419589,2025-11-15T08:14:43-03:00,T3,0,0,0,main,git_branch_contains,TEAM_07,2025.2,Dev_A,git_commit
extensao3-2025_2-team_07-Projeto-Research-Flow-52c168a459d8,fc5bf2133299742b30a56980888bc27a551a0a4a,2025-11-15T08:18:57-03:00,T3,0,0,0,main,git_branch_contains,TEAM_07,2025.2,Dev_A,git_commit
extensao3-2025_2-team_07-Projeto-Research-Flow-52c168a459d8,b9ae69b2af56d5cf6ee7318095560eebadd29ca3,2025-11-15T08:19:27-03:00,T3,0,0,0,main,git_branch_contains,TEAM_07,2025.2,Dev_A,git_commit
extensao3-2025_2-team_07-Projeto-Research-Flow-52c168a459d8,4bdf5a4a723936b8f77bd6ee752f908280776eb8,2025-11-15T08:20:11-03:00,T3,0,0,0,main,git_branch_contains,TEAM_07,2025.2,Dev_A,git_commit
extensao3-2025_2-team_07-Projeto-Research-Flow-52c168a459d8,f12c3922ed83b4a22f617959c6fa2db2f39fe4e5,2025-11-15T08:23:51-03:00,T3,39,0,306,main,git_branch_contains,TEAM_07,2025.2,Dev_A,git_commit
extensao3-2025_2-team_07-Projeto-Research-Flow-52c168a459d8,79cd16871285a5442ad67f0a638694613d06773e,2025-11-15T08:24:22-03:00,T3,0,0,0,main,git_branch_contains,TEAM_07,2025.2,Dev_A,git_commit
extensao3-2025_2-team_07-Projeto-Research-Flow-52c168a459d8,d8ba87b0a23920884bfdaefffe4c5c9ad8df9b98,2025-11-15T08:44:10-03:00,T3,42,0,0,main,git_branch_contains,TEAM_07,2025.2,Dev_A,git_commit
extensao3-2025_2-team_07-Projeto-Research-Flow-52c168a459d8,d514eeb586a3dc27bb4a3db5adf970ba73b9126b,2025-11-15T09:34:15-03:00,T3,1,0,391,main,git_branch_contains,TEAM_07,2025.2,Dev_A,git_commit
extensao3-2025_2-team_07-Projeto-Research-Flow-52c168a459d8,8c3414ef58588f663f0c882d0396dd52d1ee1ede,2025-11-15T18:27:06-03:00,T3,16,6524,6,main,git_branch_contains,TEAM_07,2025.2,Dev_A,git_commit
extensao3-2025_2-team_07-Projeto-Research-Flow-52c168a459d8,ff66b274bcf4bcfaeacadbceb4a0de79ea162fe1,2025-11-17T10:08:27-03:00,T3,10148,3869155,216,main,git_branch_contains,TEAM_07,2025.2,Dev_B,git_commit
extensao3-2025_2-team_07-Projeto-Research-Flow-52c168a459d8,d3b63e101425f65962f0433c1f5d9c7d7d00b073,2025-11-17T19:57:42-03:00,T3,6,534,401,main,git_branch_contains,TEAM_07,2025.2,Dev_B,git_commit
extensao3-2025_2-team_07-Projeto-Research-Flow-52c168a459d8,679aeed64fceeb5b1966724b860bb9edbe18ca75,2025-11-17T19:58:42-03:00,T3,0,0,0,main,git_branch_contains,TEAM_07,2025.2,Dev_B,git_commit
extensao3-2025_2-team_07-Projeto-Research-Flow-52c168a459d8,8f9a7a86cb011c8c004426fa31bc8206d2ff6563,2025-11-17T20:03:29-03:00,T3,1,57,0,main,git_branch_contains,TEAM_07,2025.2,Dev_B,git_commit
extensao3-2025_2-team_07-Projeto-Research-Flow-52c168a459d8,cc80aadd742255174a2fe845e489b1cb73a20918,2025-11-17T20:04:12-03:00,T3,10134,0,3865411,main,git_branch_contains,TEAM_07,2025.2,Dev_B,git_commit
extensao3-2025_2-team_07-Projeto-Research-Flow-52c168a459d8,b71e7d6e2650ea77fdabf2fa3331780d4732946a,2025-11-17T20:09:38-03:00,T3,0,0,0,main,git_branch_contains,TEAM_07,2025.2,Dev_B,git_commit
extensao3-2025_2-team_07-Projeto-Research-Flow-52c168a459d8,5f1caff41d34acb153c4866787940164db645e7f,2025-11-18T18:53:51-03:00,T3,10515,45951,3865836,main,git_branch_contains,TEAM_07,2025.2,Dev_B,git_commit
extensao3-2025_2-team_07-Projeto-Research-Flow-52c168a459d8,9d9527364c53b4b4b12bf723e49d7db42e168e20,2025-11-19T10:41:34-03:00,T3,650,26786,22851,main,git_branch_contains,TEAM_07,2025.2,Dev_B,git_commit
extensao3-2025_2-team_07-Projeto-Research-Flow-52c168a459d8,08588e52ffc5baa1cb377d67c403e713f4963f3f,2025-11-19T12:19:08-03:00,T3,1,1,0,main,git_branch_contains,TEAM_07,2025.2,Dev_B,git_commit
extensao3-2025_2-team_07-Projeto-Research-Flow-52c168a459d8,74def7f1c7afb53aa42d6f095670255f501e4f18,2025-11-19T12:21:37-03:00,T3,0,0,0,main,git_branch_contains,TEAM_07,2025.2,Dev_B,git_commit
extensao3-2025_2-team_07-Projeto-Research-Flow-52c168a459d8,1b87841eebd0a21e1fdd2c9d69604daa0f633ca6,2025-11-19T12:26:10-03:00,T3,473,59,48915,main,git_branch_contains,TEAM_07,2025.2,Dev_B,git_commit
extensao3-2025_2-team_07-Projeto-Research-Flow-52c168a459d8,bc85a5b89083326a036ecfc108d8cd8b3fabf24a,2025-11-19T12:26:24-03:00,T3,0,0,0,main,git_branch_contains,TEAM_07,2025.2,Dev_B,git_commit
extensao3-2025_2-team_07-Projeto-Research-Flow-52c168a459d8,a8c36774a237f0d110381d4d995ed85704f3a669,2025-11-20T10:46:57-03:00,T3,1,66,0,main,git_branch_contains,TEAM_07,2025.2,Dev_C,git_commit
extensao3-2025_2-team_07-Projeto-Research-Flow-52c168a459d8,c27433e89e52233ee3766b69fd76aeb2e76669fb,2025-11-20T12:13:53-03:00,T3,8,7,38,main,git_branch_contains,TEAM_07,2025.2,Dev_A,git_commit
extensao3-2025_2-team_07-Projeto-Research-Flow-52c168a459d8,38e93d489b335a77cb3785405763bc55b4680f02,2025-11-20T12:54:28-03:00,T3,1,15,1,main,git_branch_contains,TEAM_07,2025.2,Dev_E,git_commit
extensao3-2025_2-team_07-Projeto-Research-Flow-52c168a459d8,1735555a1b4d04dc2dc108f9488a93109b51af93,2025-11-20T12:54:56-03:00,T3,1,19,0,main,git_branch_contains,TEAM_07,2025.2,Dev_E,git_commit
extensao3-2025_2-team_07-Projeto-Research-Flow-52c168a459d8,64c5bb55eeb8b8942530fceb7d6729118842f7d3,2025-11-20T13:08:28-03:00,T3,5,783,193,main,git_branch_contains,TEAM_07,2025.2,Dev_A,git_commit
extensao3-2025_2-team_07-Projeto-Research-Flow-52c168a459d8,dec2db1b84d0a7235d7c8358b3dbe2767468b32b,2025-11-20T13:10:48-03:00,T3,0,0,0,main,git_branch_contains,TEAM_07,2025.2,Dev_A,git_commit
extensao3-2025_2-team_07-Projeto-Research-Flow-52c168a459d8,5d9a396cfe1b54b9097848d1b291a331bc27a26d,2025-11-20T13:51:07-03:00,T3,8,1,2774,main,git_branch_contains,TEAM_07,2025.2,Dev_A,git_commit
extensao3-2025_2-team_07-Projeto-Research-Flow-52c168a459d8,fe91c67b122f876105864ba77fc43936aa052fc3,2025-11-20T13:54:21-03:00,T3,1,113,0,main,git_branch_contains,TEAM_07,2025.2,Dev_A,git_commit
extensao3-2025_2-team_07-Projeto-Research-Flow-52c168a459d8,cf6deec8ad201c3154c34088dc6c8f33df801a20,2025-11-20T14:36:10-03:00,T3,1,115,55,main,git_branch_contains,TEAM_07,2025.2,Dev_A,git_commit
extensao3-2025_2-team_07-Projeto-Research-Flow-52c168a459d8,80a3aa7ebd04d9937d0b1381d90fbfeb9db357f7,2025-12-09T14:23:15-03:00,T3,5,583,16,main,git_branch_contains,TEAM_07,2025.2,Dev_A,git_commit
extensao3-2025_2-team_07-Projeto-Research-Flow-52c168a459d8,1a2eb169e210051e097c669e1bc7f5fb9531d7ad,2025-12-09T17:39:44-03:00,T3,14,1453,586,main,git_branch_contains,TEAM_07,2025.2,Dev_A,git_commit
extensao3-2025_2-team_07-Projeto-Research-Flow-52c168a459d8,1b795c71fd51f5f84df85e994740a563c90af3b5,2025-12-10T14:32:58-03:00,T3,5,480,893,main,git_branch_contains,TEAM_07,2025.2,Dev_A,git_commit
extensao3-2025_2-team_07-Projeto-Research-Flow-52c168a459d8,380ea5a7ec4cc828a8aa8271ec3e4a85d8e23ace,2025-12-11T09:35:23-03:00,T3,17,459,77,main,git_branch_contains,TEAM_07,2025.2,Dev_D,git_commit
extensao3-2025_2-team_07-Projeto-Research-Flow-52c168a459d8,aaaf7be455729367b7f4fe65297c72190464ab47,2025-12-11T09:49:58-03:00,T3,0,0,0,main,git_branch_contains,TEAM_07,2025.2,Dev_D,git_commit
extensao3-2025_2-team_07-Projeto-Research-Flow-52c168a459d8,13f8ee0c5dc3ce2d2e682c600c70dd0979d1c114,2025-12-11T10:31:01-03:00,T3,1,0,0,main,git_branch_contains,TEAM_07,2025.2,Dev_C,git_commit
extensao3-2025_2-team_09-SoFiA-59690ae48d74,167e8eb02d7db62dc8d1f38420751a2c402357fa,2025-09-25T15:02:24-03:00,T1,2,209,0,main,git_branch_contains,TEAM_09,2025.2,Dev_C,git_commit
extensao3-2025_2-team_09-SoFiA-59690ae48d74,d3a918740578a42941707250a0d81e38bdd8458d,2025-10-20T12:57:50-03:00,T2,1,26,0,main,git_branch_contains,TEAM_09,2025.2,Dev_A,git_commit
extensao3-2025_2-team_09-SoFiA-59690ae48d74,0ac69121e7d9060fd4d53f9eb82f4cb6237212f9,2025-10-20T12:59:49-03:00,T2,1,83,2,main,git_branch_contains,TEAM_09,2025.2,Dev_A,git_commit
extensao3-2025_2-team_09-SoFiA-59690ae48d74,543e6ff6ca113fdca28b14db4db27ec64a74b2d3,2025-10-20T17:02:53-03:00,T2,46,5444,0,main,git_branch_contains,TEAM_09,2025.2,Dev_A,git_commit
extensao3-2025_2-team_09-SoFiA-59690ae48d74,61850f57115f68a8d2aeb679b440154c45c7f09b,2025-10-20T17:08:12-03:00,T2,2,13,29,main,git_branch_contains,TEAM_09,2025.2,Dev_A,git_commit
extensao3-2025_2-team_09-SoFiA-59690ae48d74,ee0094e8547c3a9e5e73ba69f69726bd91a3cdbb,2025-10-23T17:42:00-03:00,T2,1,0,2,main,git_branch_contains,TEAM_09,2025.2,Dev_A,git_commit
extensao3-2025_2-team_09-SoFiA-59690ae48d74,62f8fdc250c41c25b17bd9a2a5e59c86ba882df9,2025-10-23T17:43:07-03:00,T2,9,402,6,main,git_branch_contains,TEAM_09,2025.2,Dev_A,git_commit
extensao3-2025_2-team_09-SoFiA-59690ae48d74,9e913a99aaf2838db345101805292650cf0e733a,2025-10-23T17:46:24-03:00,T2,2,12,137,main,git_branch_contains,TEAM_09,2025.2,Dev_A,git_commit
extensao3-2025_2-team_09-SoFiA-59690ae48d74,168c64ec62719caaf15790d43870c7cdabb538b3,2025-10-23T20:01:07-03:00,T2,23,151,15,main,git_branch_contains,TEAM_09,2025.2,Dev_A,git_commit
extensao3-2025_2-team_09-SoFiA-59690ae48d74,8205a4d9ac71d312142de071532b1cb18af9c778,2025-10-23T21:03:57-03:00,T2,12,344,2,main,git_branch_contains,TEAM_09,2025.2,Dev_A,git_commit
extensao3-2025_2-team_09-SoFiA-59690ae48d74,345830a0b30da59016a0d66f1259b36096dabb30,2025-10-23T21:06:16-03:00,T2,1,2,0,main,git_branch_contains,TEAM_09,2025.2,Dev_A,git_commit
extensao3-2025_2-team_09-SoFiA-59690ae48d74,158fdbc656beea45037c2d98133032185d095f96,2025-10-23T21:36:05-03:00,T2,1,1,1,main,git_branch_contains,TEAM_09,2025.2,Dev_A,git_commit
extensao3-2025_2-team_09-SoFiA-59690ae48d74,2606542949646d6f526fa34ae2461d5062b36598,2025-10-23T22:04:29-03:00,T2,16,337,36,main,git_branch_contains,TEAM_09,2025.2,Dev_A,git_commit
extensao3-2025_2-team_09-SoFiA-59690ae48d74,d6653163b71abbec91ba6607b66eba21751db880,2025-10-23T22:30:36-03:00,T2,4,50,20,main,git_branch_contains,TEAM_09,2025.2,Dev_A,git_commit
extensao3-2025_2-team_09-SoFiA-59690ae48d74,f6358722fe7f79b9fedb36cc04a246a1554a8cd5,2025-10-23T23:13:12-03:00,T2,6,130,19,main,git_branch_contains,TEAM_09,2025.2,Dev_A,git_commit
extensao3-2025_2-team_09-SoFiA-59690ae48d74,490fb5e3edea26db2da7728a4b1a85f116659f07,2025-10-24T00:26:18-03:00,T2,10,825,51,main,git_branch_contains,TEAM_09,2025.2,Dev_A,git_commit
extensao3-2025_2-team_09-SoFiA-59690ae48d74,b4e889396abf913dc09a5adee4be708c183a272c,2025-10-24T00:38:21-03:00,T2,3,5795,668,main,git_branch_contains,TEAM_09,2025.2,Dev_A,git_commit
extensao3-2025_2-team_09-SoFiA-59690ae48d74,2af837bdde7fd9bfe57312916d2522ebe94242c3,2025-10-29T12:04:45-03:00,T2,27,2644,2368,main,git_branch_contains,TEAM_09,2025.2,Dev_A,git_commit
extensao3-2025_2-team_09-SoFiA-59690ae48d74,2913ecd7ece395b662680b2c693d43f436d70d8b,2025-11-05T21:26:14-03:00,T2,45,11010,0,main,git_branch_contains,TEAM_09,2025.2,Dev_D,git_commit
extensao3-2025_2-team_09-SoFiA-59690ae48d74,dc2b7ba732436c6898a5a8dabb1673a1c56415c8,2025-11-08T12:47:16-03:00,T2,53,3206,11128,main,git_branch_contains,TEAM_09,2025.2,Dev_D,git_commit
extensao3-2025_2-team_09-SoFiA-59690ae48d74,59d181c3918d253e3adfcec888ede13aad578949,2025-11-08T14:58:19-03:00,T2,9,105,38,main,git_branch_contains,TEAM_09,2025.2,Dev_A,git_commit
extensao3-2025_2-team_09-SoFiA-59690ae48d74,f966f68b0d3f3dbf8147d233ab1a6f1e52a3a62d,2025-11-10T10:15:52-03:00,T2,5,706,82,main,git_branch_contains,TEAM_09,2025.2,Dev_C,git_commit
extensao3-2025_2-team_09-SoFiA-59690ae48d74,11bb4c7147597edd787c1e8b5985cd305488d5e7,2025-11-10T14:43:55-03:00,T2,15,7178,35,main,git_branch_contains,TEAM_09,2025.2,Dev_B,git_commit
extensao3-2025_2-team_09-SoFiA-59690ae48d74,c61c7fd43ab60f7cf5c7c6ed4da2898fb14204e1,2025-11-12T14:41:26-03:00,T2,95,8684,4723,main,git_branch_contains,TEAM_09,2025.2,Dev_B,git_commit
extensao3-2025_2-team_09-SoFiA-59690ae48d74,f28f5413ce8251afefc53e5225a9d586e8b59220,2025-11-13T09:40:13-03:00,T2,613,65104,114,main,git_branch_contains,TEAM_09,2025.2,Dev_C,git_commit
extensao3-2025_2-team_09-SoFiA-59690ae48d74,7edd4649a34882f7720ec91efbd7f6c01e88b5af,2025-11-13T15:20:41-03:00,T2,3,105,18,main,git_branch_contains,TEAM_09,2025.2,Dev_B,git_commit
extensao3-2025_2-team_09-SoFiA-59690ae48d74,52bed33f011fc7006cbdd77294d88d03c0fc2dd7,2025-11-13T20:04:36-03:00,T2,1,123,7,main,git_branch_contains,TEAM_09,2025.2,Dev_E,git_commit
extensao3-2025_2-team_09-SoFiA-59690ae48d74,6131067525e94a325e420609fc597721e75ff4f7,2025-11-13T20:22:54-03:00,T2,1,1,1,main,git_branch_contains,TEAM_09,2025.2,Dev_E,git_commit
extensao3-2025_2-team_09-SoFiA-59690ae48d74,5865e291a84aedb9cfe0cb9d0bf9483fc937cad8,2025-11-13T20:33:39-03:00,T2,1,46,16,main,git_branch_contains,TEAM_09,2025.2,Dev_B,git_commit
extensao3-2025_2-team_09-SoFiA-59690ae48d74,e0f3826aa4b2bc25df947e2a5b1c685a93dba54b,2025-11-13T22:43:48-03:00,T2,2,256,202,main,git_branch_contains,TEAM_09,2025.2,Dev_C,git_commit
extensao3-2025_2-team_09-SoFiA-59690ae48d74,94d725e1ddf11f8c28feb803edca758e34690d2d,2025-11-17T23:53:40-03:00,T3,0,0,0,main,git_branch_contains,TEAM_09,2025.2,Dev_C,git_commit
extensao3-2025_2-team_09-SoFiA-59690ae48d74,d23dd4ec515be74c000b0b931b6171d2d500b811,2025-11-17T23:53:53-03:00,T3,0,0,0,main,git_branch_contains,TEAM_09,2025.2,Dev_C,git_commit
extensao3-2025_2-team_09-SoFiA-59690ae48d74,650b785cb8af1ee182d24eee96074aa805d8df17,2025-11-18T11:15:15-03:00,T3,612,37,64890,main,git_branch_contains,TEAM_09,2025.2,Dev_A,git_commit
extensao3-2025_2-team_09-SoFiA-59690ae48d74,ca773af7e1fd37888eceba8816827d7cb9314ec3,2025-11-18T11:16:05-03:00,T3,0,0,0,main,git_branch_contains,TEAM_09,2025.2,Dev_A,git_commit
extensao3-2025_2-team_09-SoFiA-59690ae48d74,596ec87483cf4ec4211c6ef906972075b5704426,2025-11-18T14:53:26-03:00,T3,69,9210,5777,main,git_branch_contains,TEAM_09,2025.2,Dev_A,git_commit
extensao3-2025_2-team_09-SoFiA-59690ae48d74,18ae63f32788d4f8b47ade56edab0d59b384264b,2025-11-18T16:50:08-03:00,T3,16,69,62,main,git_branch_contains,TEAM_09,2025.2,Dev_A,git_commit
extensao3-2025_2-team_09-SoFiA-59690ae48d74,7cfb2768c62acfc239dcbbc96e461924d1ed3e1b,2025-11-18T17:11:24-03:00,T3,1,1,1,main,git_branch_contains,TEAM_09,2025.2,Dev_A,git_commit
extensao3-2025_2-team_09-SoFiA-59690ae48d74,965fa5b4534fc38032ce799df4c112a4371eaabc,2025-11-18T17:13:05-03:00,T3,11,270,130,main,git_branch_contains,TEAM_09,2025.2,Dev_A,git_commit
extensao3-2025_2-team_09-SoFiA-59690ae48d74,d0041e62715ff6413febfee112685493c404d8a2,2025-11-18T19:31:19-03:00,T3,12,535,252,main,git_branch_contains,TEAM_09,2025.2,Dev_A,git_commit
extensao3-2025_2-team_09-SoFiA-59690ae48d74,1149232cb1250123066f7e3161e51544a3a90279,2025-11-18T22:47:04-03:00,T3,34,1550,5223,main,git_branch_contains,TEAM_09,2025.2,Dev_A,git_commit
extensao3-2025_2-team_09-SoFiA-59690ae48d74,dd2f16ac0525bb5384460af58e1f78333d049c8d,2025-11-18T22:52:08-03:00,T3,1,6,8,main,git_branch_contains,TEAM_09,2025.2,Dev_A,git_commit
extensao3-2025_2-team_09-SoFiA-59690ae48d74,fcc5e350f9427bc130067ade9781805ffe1c1775,2025-11-18T22:56:27-03:00,T3,3,52,31,main,git_branch_contains,TEAM_09,2025.2,Dev_A,git_commit
extensao3-2025_2-team_09-SoFiA-59690ae48d74,d8cdc22ee8ec10458bbc4b274953abd6affe3436,2025-11-18T23:29:17-03:00,T3,7,345,220,main,git_branch_contains,TEAM_09,2025.2,Dev_A,git_commit
extensao3-2025_2-team_09-SoFiA-59690ae48d74,3df4b2160ab27ceabda2971327b2b7a042e7dac8,2025-11-19T02:32:40-03:00,T3,11,656,223,main,git_branch_contains,TEAM_09,2025.2,Dev_A,git_commit
extensao3-2025_2-team_09-SoFiA-59690ae48d74,c774224212ca8d22808421b313cd5c7f2cc88220,2025-11-19T02:41:01-03:00,T3,2,147,271,main,git_branch_contains,TEAM_09,2025.2,Dev_A,git_commit
extensao3-2025_2-team_09-SoFiA-59690ae48d74,2061399f47933def4914816678f94ce2fee5c935,2025-11-19T02:58:11-03:00,T3,3,145,148,main,git_branch_contains,TEAM_09,2025.2,Dev_A,git_commit
extensao3-2025_2-team_09-SoFiA-59690ae48d74,f5cf4e9a95004ac1e5976fd76815f48035d35ab3,2025-11-19T05:09:31-03:00,T3,43,2798,1269,main,git_branch_contains,TEAM_09,2025.2,Dev_A,git_commit
extensao3-2025_2-team_09-SoFiA-59690ae48d74,c8c8dc00498a0941d270a16605bcd42a79c151f4,2025-11-19T05:54:56-03:00,T3,10,343,255,main,git_branch_contains,TEAM_09,2025.2,Dev_A,git_commit
extensao3-2025_2-team_09-SoFiA-59690ae48d74,e938a0996e6f84accbbfce546514906c3dcb7cb2,2025-11-19T05:55:30-03:00,T3,6,4326,210,main,git_branch_contains,TEAM_09,2025.2,Dev_A,git_commit
extensao3-2025_2-team_09-SoFiA-59690ae48d74,8f45805dcfdef792c8a59718c655a3ce8e646b68,2025-11-19T05:56:52-03:00,T3,1,5114,0,main,git_branch_contains,TEAM_09,2025.2,Dev_A,git_commit
extensao3-2025_2-team_09-SoFiA-59690ae48d74,13ee06db887b10c76c931dfa1a6f26383fded287,2025-11-19T06:17:56-03:00,T3,3,22,24,main,git_branch_contains,TEAM_09,2025.2,Dev_A,git_commit
extensao3-2025_2-team_09-SoFiA-59690ae48d74,64012e09007a16fe0b25752617b5a102ac7d6701,2025-11-19T19:37:12-03:00,T3,4,14,22,main,git_branch_contains,TEAM_09,2025.2,Dev_A,git_commit
extensao3-2025_2-team_09-SoFiA-59690ae48d74,c07b1ebdb2dd79569a910844ff47fc25bd4028c9,2025-11-20T13:36:12-03:00,T3,10,1025,256,main,git_branch_contains,TEAM_09,2025.2,Dev_D,git_commit
extensao3-2025_2-team_09-SoFiA-59690ae48d74,d1f78a006bc759ed1708484a5230e2a61a3ca1ea,2025-11-20T13:41:43-03:00,T3,0,0,0,main,git_branch_contains,TEAM_09,2025.2,Dev_D,git_commit
extensao3-2025_2-team_09-SoFiA-59690ae48d74,27d125d0460dd4d5afa5b74e2738b2d2994d19cf,2025-11-20T21:14:29-03:00,T3,7,466,15,main,git_branch_contains,TEAM_09,2025.2,Dev_B,git_commit
extensao3-2025_2-team_09-SoFiA-59690ae48d74,49681cfba0bd70cdaf4ae9f533d2d216b59a3f88,2025-12-01T21:54:35-03:00,T3,3,329,6,main,git_branch_contains,TEAM_09,2025.2,Dev_B,git_commit
extensao3-2025_2-team_09-SoFiA-59690ae48d74,bda9d9645d59f0250b86c9b040398928ad4db1ba,2025-12-01T22:00:38-03:00,T3,1,114,3,main,git_branch_contains,TEAM_09,2025.2,Dev_B,git_commit
extensao3-2025_2-team_09-SoFiA-59690ae48d74,69f21e16bff78870a30498cc99fed8c8e31e0d47,2025-12-01T22:37:45-03:00,T3,2,128,12,main,git_branch_contains,TEAM_09,2025.2,Dev_B,git_commit
extensao3-2025_2-team_09-SoFiA-59690ae48d74,587b3904a33e5d7cc1f58884f676dffe72ec58c0,2025-12-01T21:54:35-03:00,T3,4,310,339,main,git_branch_contains,TEAM_09,2025.2,Dev_B,git_commit
extensao3-2025_2-team_09-SoFiA-59690ae48d74,c6d94c773064d1b295c465df48d151dd4feb34b7,2025-12-01T22:00:38-03:00,T3,1,114,3,main,git_branch_contains,TEAM_09,2025.2,Dev_B,git_commit
extensao3-2025_2-team_09-SoFiA-59690ae48d74,56c18d762b698c87996b337dbe38ea448c574a54,2025-12-01T22:37:45-03:00,T3,2,23,147,main,git_branch_contains,TEAM_09,2025.2,Dev_B,git_commit
extensao3-2025_2-team_09-SoFiA-59690ae48d74,7aa2bfe6be0d536a7686a5030a35805f46b721ee,2025-12-03T19:14:03-03:00,T3,29,66,4546,main,git_branch_contains,TEAM_09,2025.2,Dev_A,git_commit
extensao3-2025_2-team_09-SoFiA-59690ae48d74,3bacb5c5022395a6e175e7907c45c99e09583da0,2025-12-03T19:14:40-03:00,T3,0,0,0,main,git_branch_contains,TEAM_09,2025.2,Dev_A,git_commit
extensao3-2025_2-team_09-SoFiA-59690ae48d74,474af1860ad473bad1e036484d554c371e59eab3,2025-12-03T19:37:23-03:00,T3,0,0,0,main,git_branch_contains,TEAM_09,2025.2,Dev_C,git_commit
extensao3-2025_2-team_09-SoFiA-59690ae48d74,19c7362b438a4027ccf45f8d9f2e7d2c93d85f30,2025-12-03T19:42:35-03:00,T3,6,33,37,main,git_branch_contains,TEAM_09,2025.2,Dev_A,git_commit
extensao3-2025_2-team_09-SoFiA-59690ae48d74,9a826cf4fa8e35844fb7ced196bc1129be2dbc1e,2025-12-03T19:54:32-03:00,T3,4,204,85,main,git_branch_contains,TEAM_09,2025.2,Dev_A,git_commit
extensao3-2025_2-team_09-SoFiA-59690ae48d74,8fcdef67c5cadc57186f0a951c48f571f2cebb73,2025-12-03T20:05:58-03:00,T3,0,0,0,main,git_branch_contains,TEAM_09,2025.2,Dev_C,git_commit
extensao3-2025_2-team_09-SoFiA-59690ae48d74,afb7b727213f09bdcaf205064f06ea4b115bbfb3,2025-12-03T20:16:16-03:00,T3,22,218,6617,main,git_branch_contains,TEAM_09,2025.2,Dev_A,git_commit
extensao3-2025_2-team_09-SoFiA-59690ae48d74,92bbb63397d18b10ad984959e3424f35a63610aa,2025-12-03T21:12:43-03:00,T3,20,1272,1832,main,git_branch_contains,TEAM_09,2025.2,Dev_A,git_commit
extensao3-2025_2-team_09-SoFiA-59690ae48d74,886c24c2e444ae55b0ca515221912e47b7f91a1e,2025-12-03T21:53:10-03:00,T3,18,646,415,main,git_branch_contains,TEAM_09,2025.2,Dev_A,git_commit
extensao3-2025_2-team_09-SoFiA-59690ae48d74,4c1fd2d203fdd0e966f0d7b420fe2f2668d1c3b4,2025-12-03T21:55:26-03:00,T3,5,48,10,main,git_branch_contains,TEAM_09,2025.2,Dev_A,git_commit
extensao3-2025_2-team_09-SoFiA-59690ae48d74,2cdc5a582d3fb63a7e098eb6f12efe5e6a3629d5,2025-12-03T22:05:01-03:00,T3,4,1158,22,main,git_branch_contains,TEAM_09,2025.2,Dev_A,git_commit
extensao3-2025_2-team_09-SoFiA-59690ae48d74,a93eb1bae496cc3e42491e82c1ef922308d7db5d,2025-12-03T23:07:42-03:00,T3,4,2006,44,main,git_branch_contains,TEAM_09,2025.2,Dev_B,git_commit
extensao3-2025_2-team_09-SoFiA-59690ae48d74,1e7702f0abc80faba7554b98d9207ce5e30f76ed,2025-12-03T23:15:29-03:00,T3,0,0,0,main,git_branch_contains,TEAM_09,2025.2,Dev_C,git_commit
extensao3-2025_2-team_09-SoFiA-59690ae48d74,b1efbf0df0fed1ce3d934a8a50f2401028594fa2,2025-12-04T11:10:34-03:00,T3,9,139,8,main,git_branch_contains,TEAM_09,2025.2,Dev_C,git_commit
extensao3-2025_2-team_09-SoFiA-59690ae48d74,6b6c3ff494fe613b16920b0616b4a170693b7e67,2025-12-04T12:59:13-03:00,T3,11,463,3646,main,git_branch_contains,TEAM_09,2025.2,Dev_B,git_commit
extensao3-2025_2-team_09-SoFiA-59690ae48d74,2a7fab43d381a7b19e1021771a44ad729d4964d0,2025-12-04T13:09:53-03:00,T3,3,57,2,main,git_branch_contains,TEAM_09,2025.2,Dev_C,git_commit
extensao3-2025_2-team_09-SoFiA-59690ae48d74,7986aab5e8f12e5b8d2a28318ccd5a44c1139443,2025-12-04T13:14:22-03:00,T3,0,0,0,main,git_branch_contains,TEAM_09,2025.2,Dev_C,git_commit
extensao3-2025_2-team_09-SoFiA-59690ae48d74,09b388dfa7767ddf98820e24c9b43b4003510e54,2025-12-04T14:21:03-03:00,T3,2,36,12,main,git_branch_contains,TEAM_09,2025.2,Dev_B,git_commit
extensao3-2025_2-team_09-SoFiA-59690ae48d74,cb49a106e54a0082957f1b92726909727a43d744,2025-12-04T16:12:45-03:00,T3,1,11,6,main,git_branch_contains,TEAM_09,2025.2,Dev_A,git_commit
extensao3-2025_2-team_09-SoFiA-59690ae48d74,6970e63321a284a2a529a292a7fbecb7d15a8159,2025-12-04T16:24:14-03:00,T3,5,70,57,main,git_branch_contains,TEAM_09,2025.2,Dev_A,git_commit
extensao3-2025_2-team_09-SoFiA-59690ae48d74,2c860e092b1004418e38338a40e4e7d93a68dd7a,2025-12-04T17:10:35-03:00,T3,1,59,96,main,git_branch_contains,TEAM_09,2025.2,Dev_E,git_commit
extensao3-2025_2-team_09-SoFiA-59690ae48d74,f42081e509a576fddcd6ef6323a921df0cfb6b2f,2025-12-04T17:30:22-03:00,T3,24,552,92,main,git_branch_contains,TEAM_09,2025.2,Dev_A,git_commit
extensao3-2025_2-team_09-SoFiA-59690ae48d74,337d04813bdc1ca2fa99c26152899b37af4fb340,2025-12-04T17:30:28-03:00,T3,0,0,0,main,git_branch_contains,TEAM_09,2025.2,Dev_A,git_commit
extensao3-2025_2-team_09-SoFiA-59690ae48d74,d91598d8f5100b08002eaab3e201d68328ef5877,2025-12-04T17:40:01-03:00,T3,4,182,169,main,git_branch_contains,TEAM_09,2025.2,Dev_A,git_commit
extensao3-2025_2-team_09-SoFiA-59690ae48d74,bae75e658398f753287db37fa6b31f4f93ee812d,2025-12-04T17:50:05-03:00,T3,4,28,10,main,git_branch_contains,TEAM_09,2025.2,Dev_A,git_commit
extensao3-2025_2-team_09-SoFiA-59690ae48d74,abca6daea65f8aa77997ebe0143d238f43d47322,2025-12-04T17:58:41-03:00,T3,1,27,1,main,git_branch_contains,TEAM_09,2025.2,Dev_C,git_commit
extensao3-2025_2-team_09-SoFiA-59690ae48d74,a31cd99be2c3da0621a7826b4194a9462dfd56a8,2025-12-04T17:59:38-03:00,T3,0,0,0,main,git_branch_contains,TEAM_09,2025.2,Dev_C,git_commit
extensao3-2025_2-team_09-SoFiA-59690ae48d74,e5b6bd3fa1ab4cfc8871543f00a77aabd0fd09f9,2025-12-04T18:04:56-03:00,T3,2,61,13,main,git_branch_contains,TEAM_09,2025.2,Dev_A,git_commit
extensao3-2025_2-team_09-SoFiA-59690ae48d74,6bce2d63ff09780000d0753df1e6e2d691e4bf4c,2025-12-04T18:05:01-03:00,T3,0,0,0,main,git_branch_contains,TEAM_09,2025.2,Dev_A,git_commit
extensao3-2025_2-team_09-SoFiA-59690ae48d74,2f749fbb37373c4183b77c7f1268004c8794915f,2025-12-04T18:25:42-03:00,T3,3,121,46,main,git_branch_contains,TEAM_09,2025.2,Dev_A,git_commit
extensao3-2025_2-team_09-SoFiA-59690ae48d74,f9f171858005981f25f90f619638cf9fbb0be9a4,2025-12-04T18:44:48-03:00,T3,2,27,43,main,git_branch_contains,TEAM_09,2025.2,Dev_B,git_commit
extensao3-2025_2-team_09-SoFiA-59690ae48d74,cc54fbdd697168d25eece69c4fa657dbf5b93634,2025-12-04T19:17:18-03:00,T3,5,85,29,main,git_branch_contains,TEAM_09,2025.2,Dev_B,git_commit
extensao3-2025_2-team_09-SoFiA-59690ae48d74,dd7a54de84beeec2adbe7f296588401187048e21,2025-12-04T19:27:29-03:00,T3,7,102,167,main,git_branch_contains,TEAM_09,2025.2,Dev_B,git_commit
extensao3-2025_2-team_09-SoFiA-59690ae48d74,c7c6358499240ce0e87b24e51f98d399669381b0,2025-12-04T19:32:49-03:00,T3,5,106,48,main,git_branch_contains,TEAM_09,2025.2,Dev_A,git_commit
extensao3-2025_2-team_09-SoFiA-59690ae48d74,eca1309e3d3fb6d95a64d28604ad3686ad684da3,2025-12-04T19:34:05-03:00,T3,0,0,0,main,git_branch_contains,TEAM_09,2025.2,Dev_A,git_commit
extensao3-2025_2-team_09-SoFiA-59690ae48d74,5b059c83f5c3b6e398371effb0977d47c3b1df02,2025-12-04T19:56:42-03:00,T3,2,5,5,main,git_branch_contains,TEAM_09,2025.2,Dev_A,git_commit
extensao3-2025_2-team_09-SoFiA-59690ae48d74,74d8424c0e200a7a79f1c08a6150e232db7bbd85,2025-12-04T20:38:04-03:00,T3,13,386,70,main,git_branch_contains,TEAM_09,2025.2,Dev_A,git_commit
extensao3-2025_2-team_09-SoFiA-59690ae48d74,816008d4e1e62f9b35a2909be785c8b4e85f4c50,2025-12-04T20:50:13-03:00,T3,1,3,6,main,git_branch_contains,TEAM_09,2025.2,Dev_A,git_commit
extensao3-2025_2-team_09-SoFiA-59690ae48d74,e96e30e30cd5bcd7faec1a1acb021f97a599a137,2025-12-04T20:57:48-03:00,T3,3,51,12,main,git_branch_contains,TEAM_09,2025.2,Dev_D,git_commit
extensao3-2025_2-team_09-SoFiA-59690ae48d74,8f1104e12b7af484c24dba4ef6e7b822d08f200e,2025-12-04T21:02:38-03:00,T3,0,0,0,main,git_branch_contains,TEAM_09,2025.2,Dev_D,git_commit
extensao3-2025_2-team_09-SoFiA-59690ae48d74,3a4ba99a6f008463bba51aac94a53f988ee4b5df,2025-12-04T21:11:23-03:00,T3,2,14,8,main,git_branch_contains,TEAM_09,2025.2,Dev_D,git_commit
extensao3-2025_2-team_09-SoFiA-59690ae48d74,d79cad655127887a022b1801e298d6509dc21405,2025-12-04T22:28:40-03:00,T3,3,159,0,main,git_branch_contains,TEAM_09,2025.2,Dev_E,git_commit
extensao3-2025_2-team_09-SoFiA-59690ae48d74,2a0e72f78961f6eea971367887adf73d4a851eeb,2025-12-04T22:32:42-03:00,T3,5,177,28,main,git_branch_contains,TEAM_09,2025.2,Dev_B,git_commit
extensao3-2025_2-team_09-SoFiA-59690ae48d74,df3f5f6761f2ce43b31b6a6afd00c30aafee67ab,2025-12-04T23:22:56-03:00,T3,9,70,23,main,git_branch_contains,TEAM_09,2025.2,Dev_B,git_commit
extensao3-2025_2-team_09-SoFiA-59690ae48d74,94141779e519e1dd76d3462b9af7eb1a956b4c6a,2025-12-05T00:20:56-03:00,T3,6,49,25,main,git_branch_contains,TEAM_09,2025.2,Dev_C,git_commit
extensao3-2025_2-team_09-SoFiA-59690ae48d74,a6eaad8abcc0f0188f5c536b47520bc11b7bfa35,2025-12-05T09:42:58-03:00,T3,1,1,1,main,git_branch_contains,TEAM_09,2025.2,Dev_B,git_commit
extensao3-2025_2-team_10-Extensao-3-Synapse-1ea204dc650c,b25c7611ef0844cde445dc12c444218f3c310c87,2025-11-05T09:11:04-03:00,T2,24,4802,0,main,git_branch_contains,TEAM_10,2025.2,Dev_C,git_commit
extensao3-2025_2-team_10-Extensao-3-Synapse-1ea204dc650c,6b5378e9ea64c44df36d52b99fb154d550ea1d41,2025-11-05T09:12:37-03:00,T2,1,0,118,main,git_branch_contains,TEAM_10,2025.2,Dev_B,git_commit
extensao3-2025_2-team_10-Extensao-3-Synapse-1ea204dc650c,53602eea21eaff9f9aae9a580423d297bdd45bff,2025-11-05T09:13:00-03:00,T2,1,119,0,main,git_branch_contains,TEAM_10,2025.2,Dev_B,git_commit
extensao3-2025_2-team_10-Extensao-3-Synapse-1ea204dc650c,63d75eb004cbb1c2c110c6a0ef93a6a241a7d71a,2025-11-12T16:39:00-03:00,T2,4,777,369,main,git_branch_contains,TEAM_10,2025.2,Dev_A,git_commit
extensao3-2025_2-team_10-Extensao-3-Synapse-1ea204dc650c,ed39cdb6153d3f8c15c6d78871cc75d8e81ea274,2025-11-12T16:51:22-03:00,T2,1,0,0,main,git_branch_contains,TEAM_10,2025.2,Dev_A,git_commit
extensao3-2025_2-team_10-Extensao-3-Synapse-1ea204dc650c,9a686755342d7549541c55c8b268768db34c89a1,2025-11-12T22:35:17-03:00,T2,4,1356,159,main,git_branch_contains,TEAM_10,2025.2,Dev_C,git_commit
extensao3-2025_2-team_10-Extensao-3-Synapse-1ea204dc650c,20830d761eee95d4d21feee5b93b7e0ec570f8a1,2025-11-12T23:51:14-03:00,T2,122,19097,677,main,git_branch_contains,TEAM_10,2025.2,Dev_A,git_commit
extensao3-2025_2-team_10-Extensao-3-Synapse-1ea204dc650c,03dce4bb0b4961db440d44cff106b31dd5413a71,2025-11-12T23:59:29-03:00,T2,0,0,0,main,git_branch_contains,TEAM_10,2025.2,Dev_A,git_commit
extensao3-2025_2-team_10-Extensao-3-Synapse-1ea204dc650c,ccedd611a97647d5e846819b3c30e58344d67a47,2025-11-13T00:56:28-03:00,T2,4,1335,93,main,git_branch_contains,TEAM_10,2025.2,Dev_A,git_commit
extensao3-2025_2-team_10-Extensao-3-Synapse-1ea204dc650c,2335c3c0b9fea5287b35a82255f020e8b53ad896,2025-11-13T19:04:08-03:00,T2,11,807,172,main,git_branch_contains,TEAM_10,2025.2,Dev_A,git_commit
extensao3-2025_2-team_10-Extensao-3-Synapse-1ea204dc650c,87c684d1d3c53d45a0d9099a7a9fb97d26010839,2025-11-13T21:32:49-03:00,T2,1,0,0,main,git_branch_contains,TEAM_10,2025.2,Dev_D,git_commit
extensao3-2025_2-team_10-Extensao-3-Synapse-1ea204dc650c,086c4383ec5156b2169f99020a8e3a7a4883b819,2025-11-29T16:33:27-03:00,T3,5,432,169,main,git_branch_contains,TEAM_10,2025.2,Dev_A,git_commit
extensao3-2025_2-team_10-Extensao-3-Synapse-1ea204dc650c,21d225c52112d050ca46231fabdbf51ecaa4c1b3,2025-12-04T22:16:46-03:00,T3,15,1186,189,main,git_branch_contains,TEAM_10,2025.2,Dev_A,git_commit
extensao3-2025_2-team_10-Extensao-3-Synapse-1ea204dc650c,3dc38c3114dcf56de70fd0aa8a7ab8309032e91a,2025-12-04T22:20:21-03:00,T3,1,3,1,main,git_branch_contains,TEAM_10,2025.2,Dev_A,git_commit
extensao3-2025_2-team_10-Extensao-3-Synapse-1ea204dc650c,b2a4f22f785b15d54796ff0cd1cc612735556a86,2025-12-05T08:57:11-03:00,T3,4,5,5,main,git_branch_contains,TEAM_10,2025.2,Dev_E,git_commit
extensao3-2025_2-team_10-Extensao-3-Synapse-1ea204dc650c,901d950fdb2f519157a5f6325746e6032956fc9e,2025-12-05T09:07:41-03:00,T3,0,0,0,main,git_branch_contains,TEAM_10,2025.2,Dev_B,git_commit
extensao3-2025_2-team_10-Extensao-3-Synapse-1ea204dc650c,244a3ddb7c62c4e93c6da93b6df1bd60175fee30,2025-12-05T09:15:40-03:00,T3,1,103,63,main,git_branch_contains,TEAM_10,2025.2,Dev_B,git_commit
extensao3-2025_2-team_10-Extensao-3-Synapse-1ea204dc650c,b3f606e4e26f5580316898f2a9a1020e6ac5463b,2025-12-05T09:21:48-03:00,T3,1,29,17,main,git_branch_contains,TEAM_10,2025.2,Dev_B,git_commit
extensao3-2025_2-team_02-EstudaAI-1953213cc45b,ea5f106b87b3fa07bc0d823537aedd90fb8e78ed,2025-10-21T15:38:20-03:00,T2,1,1,0,main,git_branch_contains,TEAM_02,2025.2,Dev_F,git_commit
extensao3-2025_2-team_02-EstudaAI-1953213cc45b,9a1c68a9706c31dd325fd8b0c3a7b01db8d4a420,2025-10-21T15:49:50-03:00,T2,1,1,0,main,git_branch_contains,TEAM_02,2025.2,Dev_A,git_commit
extensao3-2025_2-team_02-EstudaAI-1953213cc45b,56d666f7f736af01c1122c62ccfddc93c9c989b7,2025-10-21T16:16:59-03:00,T2,4,1263,0,main,git_branch_contains,TEAM_02,2025.2,Dev_A,git_commit
extensao3-2025_2-team_02-EstudaAI-1953213cc45b,10f0370b95f8997697baffdd1188192f00f9ff20,2025-10-21T16:41:14-03:00,T2,1,0,0,main,git_branch_contains,TEAM_02,2025.2,Dev_A,git_commit
extensao3-2025_2-team_02-EstudaAI-1953213cc45b,d31ca4f31fad2df3110556deaecc8277359100e4,2025-10-21T16:42:55-03:00,T2,1,62,0,main,git_branch_contains,TEAM_02,2025.2,Dev_A,git_commit
extensao3-2025_2-team_02-EstudaAI-1953213cc45b,44401e6cc0946df9a73d4f5e297922bc92f6f359,2025-10-24T15:36:03-03:00,T2,1,37,10,main,git_branch_contains,TEAM_02,2025.2,Dev_A,git_commit
extensao3-2025_2-team_02-EstudaAI-1953213cc45b,1985bf86c39ad716bae022c52250b0c79bd49403,2025-10-26T19:09:25-03:00,T2,5,258,1,main,git_branch_contains,TEAM_02,2025.2,Dev_A,git_commit
extensao3-2025_2-team_02-EstudaAI-1953213cc45b,7eab3962bfad503a9edab76841973a8427529d83,2025-10-29T18:22:46-03:00,T2,5,700,4,main,git_branch_contains,TEAM_02,2025.2,Dev_A,git_commit
extensao3-2025_2-team_02-EstudaAI-1953213cc45b,78b87fbf070e3e0c408242c99d012b626f874608,2025-10-30T13:36:23-03:00,T2,4,53,0,main,git_branch_contains,TEAM_02,2025.2,Dev_A,git_commit
extensao3-2025_2-team_02-EstudaAI-1953213cc45b,78144e2af0d04b3bf72df946060ad5e2ce55669a,2025-10-31T20:40:12-03:00,T2,5,244,61,main,git_branch_contains,TEAM_02,2025.2,Dev_A,git_commit
extensao3-2025_2-team_02-EstudaAI-1953213cc45b,407c64a9fa1bc1a3368e443f8ab5262b7502220e,2025-11-01T13:48:46-03:00,T2,8,170,5,main,git_branch_contains,TEAM_02,2025.2,Dev_A,git_commit
extensao3-2025_2-team_02-EstudaAI-1953213cc45b,019f86b765655fe77faec75a39c6c576a13c9e93,2025-11-01T13:57:31-03:00,T2,4,55,10,main,git_branch_contains,TEAM_02,2025.2,Dev_A,git_commit
extensao3-2025_2-team_02-EstudaAI-1953213cc45b,ad38eff68b64bd638f2e4fe9522b93a6fe75b344,2025-11-03T10:44:58-03:00,T2,10,135,48,main,git_branch_contains,TEAM_02,2025.2,Dev_A,git_commit
extensao3-2025_2-team_02-EstudaAI-1953213cc45b,546f8c15bc143f96571369cb737da580f99a6689,2025-11-03T13:17:44-03:00,T2,8,90,5,main,git_branch_contains,TEAM_02,2025.2,Dev_A,git_commit
extensao3-2025_2-team_02-EstudaAI-1953213cc45b,059ee3005a215be122f858b95bc41c292bfa2530,2025-11-04T20:54:19-03:00,T2,6,62,0,main,git_branch_contains,TEAM_02,2025.2,Dev_B,git_commit
extensao3-2025_2-team_02-EstudaAI-1953213cc45b,a735d4067bec8c46c8bcb8ddbda52defb5bad150,2025-11-04T21:02:21-03:00,T2,2,127,0,main,git_branch_contains,TEAM_02,2025.2,Dev_B,git_commit
extensao3-2025_2-team_02-EstudaAI-1953213cc45b,8e61f3ce4c3670c7b11a245b9a4286f507652861,2025-11-05T14:29:29-03:00,T2,4,52,5,main,git_branch_contains,TEAM_02,2025.2,Dev_B,git_commit
extensao3-2025_2-team_02-EstudaAI-1953213cc45b,a22a06e99d72b6c8ec0e5835209b9518bb083a00,2025-11-05T14:46:32-03:00,T2,1,0,0,main,git_branch_contains,TEAM_02,2025.2,Dev_B,git_commit
extensao3-2025_2-team_02-EstudaAI-1953213cc45b,67096b44a7043cf915b543ffb51672341028f30a,2025-11-05T15:07:01-03:00,T2,1,0,0,main,git_branch_contains,TEAM_02,2025.2,Dev_B,git_commit
extensao3-2025_2-team_02-EstudaAI-1953213cc45b,bba577880e0059620de90e3bcbcd280843dadb88,2025-11-05T15:18:59-03:00,T2,1,0,0,main,git_branch_contains,TEAM_02,2025.2,Dev_B,git_commit
extensao3-2025_2-team_02-EstudaAI-1953213cc45b,b3ac57e09ea4330e39b584decd571656ebe13e8b,2025-11-05T19:35:06-03:00,T2,5,86,5,main,git_branch_contains,TEAM_02,2025.2,Dev_A,git_commit
extensao3-2025_2-team_02-EstudaAI-1953213cc45b,4a3971b68a620c3f4a186df0d847800e5d8d9028,2025-11-07T18:30:04-03:00,T2,4,27,10,main,git_branch_contains,TEAM_02,2025.2,Dev_B,git_commit
extensao3-2025_2-team_02-EstudaAI-1953213cc45b,10d37207a3a78b5cda105c0f29058268a012e4ba,2025-11-07T19:42:22-03:00,T2,3,24,7,main,git_branch_contains,TEAM_02,2025.2,Dev_B,git_commit
extensao3-2025_2-team_02-EstudaAI-1953213cc45b,d0c07c236ddb8a281e6e81c5fb8cac53cdf3a04b,2025-11-07T19:45:57-03:00,T2,2,10,17,main,git_branch_contains,TEAM_02,2025.2,Dev_B,git_commit
extensao3-2025_2-team_02-EstudaAI-1953213cc45b,ac999a5e07bcedda2a8815a1230452821fcf3b1e,2025-11-07T19:49:07-03:00,T2,1,1,1,main,git_branch_contains,TEAM_02,2025.2,Dev_B,git_commit
extensao3-2025_2-team_02-EstudaAI-1953213cc45b,f265fcd3f45283d0b2ad40d50044d2a1e8a208ed,2025-11-08T14:53:35-03:00,T2,2,14,11,main,git_branch_contains,TEAM_02,2025.2,Dev_B,git_commit
extensao3-2025_2-team_02-EstudaAI-1953213cc45b,7b10128bf8e88de1ff026a78492ac83a9eb59bb6,2025-11-08T15:34:51-03:00,T2,3,17,12,main,git_branch_contains,TEAM_02,2025.2,Dev_B,git_commit
extensao3-2025_2-team_02-EstudaAI-1953213cc45b,a3e085e911dd17301534f66f5a5b560809d32af9,2025-11-11T17:18:46-03:00,T2,1,17,1,main,git_branch_contains,TEAM_02,2025.2,Dev_B,git_commit
extensao3-2025_2-team_02-EstudaAI-1953213cc45b,e5f3d5d045c2d4a907b763387e204e0879d38933,2025-11-13T03:52:54-03:00,T2,27,7288,0,main,git_branch_contains,TEAM_02,2025.2,Dev_D,git_commit
extensao3-2025_2-team_02-EstudaAI-1953213cc45b,570d2d394ac33ef237d2c75526af977e694193d1,2025-11-13T17:18:02-03:00,T2,1,5,4,main,git_branch_contains,TEAM_02,2025.2,Dev_B,git_commit
extensao3-2025_2-team_02-EstudaAI-1953213cc45b,4714c03c214721a9f6c1f1dc1ad002f2794cbca6,2025-11-13T17:25:51-03:00,T2,1,1,1,main,git_branch_contains,TEAM_02,2025.2,Dev_B,git_commit
extensao3-2025_2-team_02-EstudaAI-1953213cc45b,fcbf3e6528af3d6eebb4549ae90af44c8183cabc,2025-11-13T19:50:01-03:00,T2,8,226,0,main,git_branch_contains,TEAM_02,2025.2,Dev_E,git_commit
extensao3-2025_2-team_02-EstudaAI-1953213cc45b,1f70cb3598fca957b273dcd1cd4e598fcd97bd3b,2025-11-13T20:15:19-03:00,T2,6,562,0,main,git_branch_contains,TEAM_02,2025.2,Dev_C,git_commit
extensao3-2025_2-team_02-EstudaAI-1953213cc45b,8161c5a1bb999cc83e66b529a7ed6fb5ff336640,2025-11-13T20:25:29-03:00,T2,0,0,0,main,git_branch_contains,TEAM_02,2025.2,Dev_C,git_commit
extensao3-2025_2-team_02-EstudaAI-1953213cc45b,f06e7605843bb217c1c2706edb73b084fd650a68,2025-11-13T21:11:31-03:00,T2,8,208,13,main,git_branch_contains,TEAM_02,2025.2,Dev_A,git_commit
extensao3-2025_2-team_02-EstudaAI-1953213cc45b,836f2de8e0b9793071cfc3c1a182d87bcca9e01c,2025-11-13T23:10:57-03:00,T2,3,289,113,main,git_branch_contains,TEAM_02,2025.2,Dev_E,git_commit
extensao3-2025_2-team_02-EstudaAI-1953213cc45b,19cc488b2c2f3f8ff8d39eb74444e52e3d016b09,2025-11-13T23:22:29-03:00,T2,0,0,0,main,git_branch_contains,TEAM_02,2025.2,Dev_E,git_commit
extensao3-2025_2-team_02-EstudaAI-1953213cc45b,02f2bc4f2a6ae81440574af7fbd3d7347e1952e6,2025-11-14T01:38:27-03:00,T3,8,270,265,main,git_branch_contains,TEAM_02,2025.2,Dev_E,git_commit
extensao3-2025_2-team_02-EstudaAI-1953213cc45b,cfbd51682a0a5bc3d5120aafa20dfd08d4cc7a30,2025-11-14T01:48:22-03:00,T3,3,42,8,main,git_branch_contains,TEAM_02,2025.2,Dev_D,git_commit
extensao3-2025_2-team_02-EstudaAI-1953213cc45b,e62107360f14879a8e3da75c54f0e2349cbebd5f,2025-11-14T01:48:38-03:00,T3,0,0,0,main,git_branch_contains,TEAM_02,2025.2,Dev_D,git_commit
extensao3-2025_2-team_02-EstudaAI-1953213cc45b,381f0a99ab094b9d964b59645f3694fcc43c41e2,2025-11-17T20:23:44-03:00,T3,8,298,66,main,git_branch_contains,TEAM_02,2025.2,Dev_A,git_commit
extensao3-2025_2-team_02-EstudaAI-1953213cc45b,aeed4f16ee79a284d53e66a3aba8eedd270dc56c,2025-11-18T08:17:22-03:00,T3,4,119,114,main,git_branch_contains,TEAM_02,2025.2,Dev_D,git_commit
extensao3-2025_2-team_02-EstudaAI-1953213cc45b,9927a8919c4be57effbe6e6615a720b99436fc0e,2025-11-18T13:57:23-03:00,T3,8,108,2,main,git_branch_contains,TEAM_02,2025.2,Dev_A,git_commit
extensao3-2025_2-team_02-EstudaAI-1953213cc45b,97dfd6213ba72364ec67429c99d288cb37539b1e,2025-11-18T15:33:53-03:00,T3,2,109,0,main,git_branch_contains,TEAM_02,2025.2,Dev_A,git_commit
extensao3-2025_2-team_02-EstudaAI-1953213cc45b,94f50a8696449c6e316e0ca8b024bd8825e47d75,2025-11-18T16:43:06-03:00,T3,3,40,6,main,git_branch_contains,TEAM_02,2025.2,Dev_A,git_commit
extensao3-2025_2-team_02-EstudaAI-1953213cc45b,64aae0852742673c1b8c1cf8c6efe1b6061dc1f1,2025-11-18T17:03:07-03:00,T3,2,27,0,main,git_branch_contains,TEAM_02,2025.2,Dev_A,git_commit
extensao3-2025_2-team_02-EstudaAI-1953213cc45b,dd6048d6c6100459874b18053a95c917078fd5b4,2025-11-18T18:16:35-03:00,T3,3,111,435,main,git_branch_contains,TEAM_02,2025.2,Dev_C,git_commit
extensao3-2025_2-team_02-EstudaAI-1953213cc45b,21b2ebb5a20214a5b609f86a0dea4ae848370d35,2025-11-18T18:52:25-03:00,T3,2,12,3,main,git_branch_contains,TEAM_02,2025.2,Dev_A,git_commit
extensao3-2025_2-team_02-EstudaAI-1953213cc45b,24b24051f6811b755a21045de2e31543b8c03c85,2025-11-19T08:03:20-03:00,T3,3,22,1,main,git_branch_contains,TEAM_02,2025.2,Dev_A,git_commit
extensao3-2025_2-team_02-EstudaAI-1953213cc45b,8e961589d58f7f252f2e1f1218c2c323497594ca,2025-11-19T08:03:50-03:00,T3,0,0,0,main,git_branch_contains,TEAM_02,2025.2,Dev_A,git_commit
extensao3-2025_2-team_02-EstudaAI-1953213cc45b,2876f5318924ca3fef83573930ba3327f9484f75,2025-11-19T10:18:01-03:00,T3,5,44,1,main,git_branch_contains,TEAM_02,2025.2,Dev_A,git_commit
extensao3-2025_2-team_02-EstudaAI-1953213cc45b,c68f05149c6f1c8b71bc3cd3a93f1894a4473b2a,2025-11-19T10:59:59-03:00,T3,6,43,5,main,git_branch_contains,TEAM_02,2025.2,Dev_A,git_commit
extensao3-2025_2-team_02-EstudaAI-1953213cc45b,398016a1f0ec87d3f052f26cab16076461a0aa41,2025-11-19T11:03:25-03:00,T3,2,3,0,main,git_branch_contains,TEAM_02,2025.2,Dev_A,git_commit
extensao3-2025_2-team_02-EstudaAI-1953213cc45b,19b95bff1cc7034e184c0a2bdff4d4b9830efd67,2025-11-19T12:52:33-03:00,T3,2,69,10,main,git_branch_contains,TEAM_02,2025.2,Dev_A,git_commit
extensao3-2025_2-team_02-EstudaAI-1953213cc45b,c06a4a55c2d2cce811c967bdf5feb23e3d555106,2025-11-19T20:26:04-03:00,T3,8,196,11,main,git_branch_contains,TEAM_02,2025.2,Dev_A,git_commit
extensao3-2025_2-team_02-EstudaAI-1953213cc45b,804bc20f34ca9f663aaffb0c389a8f782015e8f1,2025-11-19T21:19:30-03:00,T3,5,244,12,main,git_branch_contains,TEAM_02,2025.2,Dev_B,git_commit
extensao3-2025_2-team_02-EstudaAI-1953213cc45b,9b488879309c1b7078e5638162c913eef576834f,2025-11-21T17:02:53-03:00,T3,1,8,7,main,git_branch_contains,TEAM_02,2025.2,Dev_C,git_commit
extensao3-2025_2-team_02-EstudaAI-1953213cc45b,85fdce4669dbde2f04e55b5ae3510fc4f926b72e,2025-11-21T17:03:43-03:00,T3,4,118,0,main,git_branch_contains,TEAM_02,2025.2,Dev_C,git_commit
extensao3-2025_2-team_02-EstudaAI-1953213cc45b,7f5367431bf93cf067464b599acdc6a7b8550114,2025-11-25T17:52:48-03:00,T3,3,51,13,main,git_branch_contains,TEAM_02,2025.2,Dev_C,git_commit
extensao3-2025_2-team_02-EstudaAI-1953213cc45b,efee15a01d07f4a95e29a71256f90b53c4157bf3,2025-11-25T17:53:17-03:00,T3,1,87,0,main,git_branch_contains,TEAM_02,2025.2,Dev_C,git_commit
extensao3-2025_2-team_02-EstudaAI-1953213cc45b,2b98ac23a8a8c1ccf59b1ca251641284ce3af434,2025-11-25T18:09:31-03:00,T3,3,56,6,main,git_branch_contains,TEAM_02,2025.2,Dev_B,git_commit
extensao3-2025_2-team_02-EstudaAI-1953213cc45b,96cee0fe0aec3d5f6775543e3fbc7cd678a2f555,2025-11-25T18:36:29-03:00,T3,1,17,8,main,git_branch_contains,TEAM_02,2025.2,Dev_B,git_commit
extensao3-2025_2-team_02-EstudaAI-1953213cc45b,af8b4f0bdc11b3bdac364eebb8832e0792974ebd,2025-11-25T19:13:03-03:00,T3,1,20,13,main,git_branch_contains,TEAM_02,2025.2,Dev_B,git_commit
extensao3-2025_2-team_02-EstudaAI-1953213cc45b,5c63b5d4da407dc5d05886656265b6a2a47ba029,2025-11-25T19:33:56-03:00,T3,2,4,4,main,git_branch_contains,TEAM_02,2025.2,Dev_A,git_commit
extensao3-2025_2-team_02-EstudaAI-1953213cc45b,b75b9edb07fbf4524c929eb6d8c9330bb8ec9307,2025-11-26T08:05:31-03:00,T3,2,53,12,main,git_branch_contains,TEAM_02,2025.2,Dev_B,git_commit
extensao3-2025_2-team_02-EstudaAI-1953213cc45b,37e416bee0c0464d4bb1dcf01720c70085dbaba2,2025-11-26T08:05:50-03:00,T3,1,1,0,main,git_branch_contains,TEAM_02,2025.2,Dev_B,git_commit
extensao3-2025_2-team_02-EstudaAI-1953213cc45b,ade17c42686db9705320ab4eb0e13b484b9d22a8,2025-11-26T10:00:32-03:00,T3,2,5,10,main,git_branch_contains,TEAM_02,2025.2,Dev_B,git_commit
extensao3-2025_2-team_02-EstudaAI-1953213cc45b,24cf24b14c43d39ac78ba8c42243d58991b2df12,2025-11-26T10:14:51-03:00,T3,1,9,2,main,git_branch_contains,TEAM_02,2025.2,Dev_B,git_commit
extensao3-2025_2-team_02-EstudaAI-1953213cc45b,ceae01588d2e9a1549c10a8db66239c858b02068,2025-11-26T10:15:06-03:00,T3,1,3,1,main,git_branch_contains,TEAM_02,2025.2,Dev_B,git_commit
extensao3-2025_2-team_02-EstudaAI-1953213cc45b,aeec2af1f3d113490d18a844aca36cd0c0e10eba,2025-11-26T10:50:39-03:00,T3,2,2,0,main,git_branch_contains,TEAM_02,2025.2,Dev_B,git_commit
extensao3-2025_2-team_02-EstudaAI-1953213cc45b,6ffaef74ca26a2833fdff280ef4a51b33ae1e556,2025-11-26T10:50:52-03:00,T3,1,12,7,main,git_branch_contains,TEAM_02,2025.2,Dev_B,git_commit
extensao3-2025_2-team_02-EstudaAI-1953213cc45b,d13c817654de171dc9b42cf4fe894b013785930f,2025-11-26T11:04:55-03:00,T3,4,11,5,main,git_branch_contains,TEAM_02,2025.2,Dev_B,git_commit
extensao3-2025_2-team_02-EstudaAI-1953213cc45b,cb95ac66724c559497a2a01427ea5272509d91c7,2025-11-26T12:54:50-03:00,T3,1,2,1,main,git_branch_contains,TEAM_02,2025.2,Dev_A,git_commit
extensao3-2025_2-team_02-EstudaAI-1953213cc45b,1fcac52617c77c19e2b7f6e7f5f3fe66e085d3c5,2025-11-26T13:12:27-03:00,T3,4,31,6,main,git_branch_contains,TEAM_02,2025.2,Dev_A,git_commit
extensao3-2025_2-team_02-EstudaAI-1953213cc45b,91de83a40e34cdf88ca5ec0f829f3d9707fb34f2,2025-11-26T13:34:09-03:00,T3,3,24,1,main,git_branch_contains,TEAM_02,2025.2,Dev_A,git_commit
extensao3-2025_2-team_02-EstudaAI-1953213cc45b,ab742b1a01890ecc954ad8d9046c3d808ca2548d,2025-11-26T16:23:32-03:00,T3,3,23,1,main,git_branch_contains,TEAM_02,2025.2,Dev_A,git_commit
extensao3-2025_2-team_02-EstudaAI-1953213cc45b,fd5525512b5d0e0b46a57cea7977cd07397aa41e,2025-11-26T17:45:48-03:00,T3,2,34,2,main,git_branch_contains,TEAM_02,2025.2,Dev_B,git_commit
extensao3-2025_2-team_02-EstudaAI-1953213cc45b,aee18d1c60c1ad8bc5d80de9a012195480ab67b5,2025-11-26T18:06:07-03:00,T3,4,20,7,main,git_branch_contains,TEAM_02,2025.2,Dev_A,git_commit
extensao3-2025_2-team_02-EstudaAI-1953213cc45b,0531e1629eca1634e35d0bf857a64410baf8a322,2025-11-26T18:07:53-03:00,T3,1,1,1,main,git_branch_contains,TEAM_02,2025.2,Dev_A,git_commit
extensao3-2025_2-team_02-EstudaAI-1953213cc45b,0e4fc251286a87e25e40c176a5209b0ca1d2f3a4,2025-11-26T18:48:44-03:00,T3,3,2,2,main,git_branch_contains,TEAM_02,2025.2,Dev_B,git_commit
extensao3-2025_2-team_02-EstudaAI-1953213cc45b,1e540a4c638f40f60ebfec759c7280d1f78b0706,2025-11-26T19:13:08-03:00,T3,1,2,2,main,git_branch_contains,TEAM_02,2025.2,Dev_A,git_commit
extensao3-2025_2-team_02-EstudaAI-1953213cc45b,37f2b3a96fc7cf12076c254135840d77f3ec49db,2025-11-27T13:20:46-03:00,T3,1,1,1,main,git_branch_contains,TEAM_02,2025.2,Dev_A,git_commit
extensao3-2025_2-team_02-EstudaAI-1953213cc45b,d9cd133f6dd2f680068b1df77dad45456663f4ce,2025-11-27T13:26:51-03:00,T3,5,60,5,main,git_branch_contains,TEAM_02,2025.2,Dev_A,git_commit
extensao3-2025_2-team_02-EstudaAI-1953213cc45b,7c2c23677ffb5adc46325c679bbbdc323111f860,2025-11-27T15:29:59-03:00,T3,2,107,77,main,git_branch_contains,TEAM_02,2025.2,Dev_A,git_commit
extensao3-2025_2-team_02-EstudaAI-1953213cc45b,6dcee7cd3f3c9c9670c48ebf659c6295c4743255,2025-11-27T15:32:26-03:00,T3,1,4,0,main,git_branch_contains,TEAM_02,2025.2,Dev_A,git_commit
extensao3-2025_2-team_02-EstudaAI-1953213cc45b,6772aa7b1335310cf5c59eab2a0d914c2d059fbb,2025-11-27T15:36:16-03:00,T3,8,59,11,main,git_branch_contains,TEAM_02,2025.2,Dev_A,git_commit
extensao3-2025_2-team_02-EstudaAI-1953213cc45b,9c3d636f46225d8b7de61d927bbd90b2f9bb66d9,2025-11-27T18:18:36-03:00,T3,1,3,1,main,git_branch_contains,TEAM_02,2025.2,Dev_A,git_commit
extensao3-2025_2-team_02-EstudaAI-1953213cc45b,221db2a4065db67135712494ec4da3d6928aa23c,2025-11-27T18:32:47-03:00,T3,2,13,6,main,git_branch_contains,TEAM_02,2025.2,Dev_A,git_commit
extensao3-2025_2-team_02-EstudaAI-1953213cc45b,fe4220a15d67309bc8b354b816e803158f6d1d44,2025-11-27T18:36:14-03:00,T3,1,130,26,main,git_branch_contains,TEAM_02,2025.2,Dev_C,git_commit
extensao3-2025_2-team_02-EstudaAI-1953213cc45b,8a71b6ca7421cf11229ebf9ccc8c6d78dca97d46,2025-11-27T19:18:51-03:00,T3,3,5,5,main,git_branch_contains,TEAM_02,2025.2,Dev_A,git_commit
extensao3-2025_2-team_02-EstudaAI-1953213cc45b,4487e8b67c79609f9311966cc3c1b56413182920,2025-11-27T19:23:53-03:00,T3,1,3,3,main,git_branch_contains,TEAM_02,2025.2,Dev_A,git_commit
extensao3-2025_2-team_02-EstudaAI-1953213cc45b,3a18e3c7a0495ba254ff6ff7b92905ac3d9687f2,2025-11-27T19:24:36-03:00,T3,2,17,9,main,git_branch_contains,TEAM_02,2025.2,Dev_B,git_commit
extensao3-2025_2-team_02-EstudaAI-1953213cc45b,f47ea1a260a04bb835ce3cd15ecd7a49161bdc52,2025-11-28T11:08:40-03:00,T3,1,45,15,main,git_branch_contains,TEAM_02,2025.2,Dev_B,git_commit
extensao3-2025_2-team_02-EstudaAI-1953213cc45b,f7e3f6e3ac7998f0ae2caea19929316a6050d4f2,2025-11-28T13:38:39-03:00,T3,3,64,12,main,git_branch_contains,TEAM_02,2025.2,Dev_A,git_commit
extensao3-2025_2-team_02-EstudaAI-1953213cc45b,f36d987e9d9ac5370f83853409555d822ba47df9,2025-11-28T16:57:40-03:00,T3,3,45,1,main,git_branch_contains,TEAM_02,2025.2,Dev_A,git_commit
extensao3-2025_2-team_02-EstudaAI-1953213cc45b,ac5b14e7d113b1e8ada48b8b4d1df041d7a48a30,2025-11-28T19:13:23-03:00,T3,1,28,8,main,git_branch_contains,TEAM_02,2025.2,Dev_B,git_commit
extensao3-2025_2-team_02-EstudaAI-1953213cc45b,d8ee5e2df2072a53887142b073160ccb1efdd8f7,2025-11-28T19:26:06-03:00,T3,1,0,3,main,git_branch_contains,TEAM_02,2025.2,Dev_B,git_commit
extensao3-2025_2-team_02-EstudaAI-1953213cc45b,0c82c7c7834840028a344c7b4efbe218b8add810,2025-11-28T20:52:32-03:00,T3,1,2,0,main,git_branch_contains,TEAM_02,2025.2,Dev_B,git_commit
extensao3-2025_2-team_02-EstudaAI-1953213cc45b,ede3697a25baeca1cf270c12f7b58fe03b5ad873,2025-11-30T14:45:53-03:00,T3,5,573,204,main,git_branch_contains,TEAM_02,2025.2,Dev_C,git_commit
extensao3-2025_2-team_02-EstudaAI-1953213cc45b,84dfd405d46b5335c00be1eff207bbefb5c4f46a,2025-11-30T16:42:35-03:00,T3,4,398,27,main,git_branch_contains,TEAM_02,2025.2,Dev_D,git_commit
extensao3-2025_2-team_02-EstudaAI-1953213cc45b,1d83a54c0d3e722d84967ab527b67fe278f898d8,2025-11-30T19:02:02-03:00,T3,5,210,3,main,git_branch_contains,TEAM_02,2025.2,Dev_A,git_commit
extensao3-2025_2-team_02-EstudaAI-1953213cc45b,44c2e978003816ccc242ac923cc9ba755923406c,2025-11-30T19:03:41-03:00,T3,3,17,8,main,git_branch_contains,TEAM_02,2025.2,Dev_B,git_commit
extensao3-2025_2-team_02-EstudaAI-1953213cc45b,06c5161f3d16280d853101eb3feae7425acfe3a4,2025-11-30T19:08:58-03:00,T3,2,17,3,main,git_branch_contains,TEAM_02,2025.2,Dev_B,git_commit
extensao3-2025_2-team_02-EstudaAI-1953213cc45b,a17993ac25355d2d3d3cd3cfd3e42cb588b90ab0,2025-11-30T19:14:55-03:00,T3,1,9,5,main,git_branch_contains,TEAM_02,2025.2,Dev_B,git_commit
extensao3-2025_2-team_02-EstudaAI-1953213cc45b,8caf1e8ab2a9e6ed1b2c1d878bdadda1098e942f,2025-11-30T20:25:17-03:00,T3,1,1,1,main,git_branch_contains,TEAM_02,2025.2,Dev_B,git_commit
extensao3-2025_2-team_02-EstudaAI-1953213cc45b,879a4a03a5cc7f319fad253813768ddd8925a13b,2025-11-30T21:13:58-03:00,T3,3,74,87,main,git_branch_contains,TEAM_02,2025.2,Dev_E,git_commit
extensao3-2025_2-team_02-EstudaAI-1953213cc45b,a7c8dd53cbb273567d9d405d5684f764b66d75dd,2025-12-01T08:15:10-03:00,T3,1,1,1,main,git_branch_contains,TEAM_02,2025.2,Dev_B,git_commit
extensao3-2025_2-team_02-EstudaAI-1953213cc45b,17ccece05f7a14842ee3ca720e99d1d1c382e375,2025-12-01T11:48:17-03:00,T3,5,203,8,main,git_branch_contains,TEAM_02,2025.2,Dev_A,git_commit
extensao3-2025_2-team_02-EstudaAI-1953213cc45b,b116a58b61fcbd7b9059b86ebeb8ac3e15d7aacb,2025-12-01T15:05:35-03:00,T3,1,182,4,main,git_branch_contains,TEAM_02,2025.2,Dev_B,git_commit
extensao3-2025_2-team_02-EstudaAI-1953213cc45b,852f972f1c36eaa442b088d7c6bc21a94b3a409d,2025-12-01T16:43:38-03:00,T3,2,2,0,main,git_branch_contains,TEAM_02,2025.2,Dev_B,git_commit
extensao3-2025_2-team_02-EstudaAI-1953213cc45b,506753b8cde2d377a0a9435d23d5e4bc65629ffb,2025-12-01T16:54:08-03:00,T3,2,17,12,main,git_branch_contains,TEAM_02,2025.2,Dev_A,git_commit
extensao3-2025_2-team_02-EstudaAI-1953213cc45b,57768db4eeef9d1bd38fd17d114bdd9b2bc89631,2025-12-01T16:56:28-03:00,T3,1,2,2,main,git_branch_contains,TEAM_02,2025.2,Dev_A,git_commit
extensao3-2025_2-team_02-EstudaAI-1953213cc45b,263683acdbe21fefc1aedb18919e7847694c41bc,2025-12-01T17:19:08-03:00,T3,1,1,2,main,git_branch_contains,TEAM_02,2025.2,Dev_A,git_commit
extensao3-2025_2-team_02-EstudaAI-1953213cc45b,a6fe92f63422c85c66de2414ae5cc669e50222d5,2025-12-01T17:34:00-03:00,T3,4,12,5,main,git_branch_contains,TEAM_02,2025.2,Dev_B,git_commit
extensao3-2025_2-team_02-EstudaAI-1953213cc45b,1f7e15fb4eed030c8a16a86c28f245cc228d8cb7,2025-12-01T17:46:22-03:00,T3,1,1,1,main,git_branch_contains,TEAM_02,2025.2,Dev_A,git_commit
extensao3-2025_2-team_02-EstudaAI-1953213cc45b,f04fdb5cff7ba704c64b9ea76ac644d594099195,2025-12-01T17:51:45-03:00,T3,2,4,4,main,git_branch_contains,TEAM_02,2025.2,Dev_A,git_commit
extensao3-2025_2-team_02-EstudaAI-1953213cc45b,663dd57f9929b91effe670a74d9d1ef4c668aec2,2025-12-01T19:32:47-03:00,T3,2,3,2,main,git_branch_contains,TEAM_02,2025.2,Dev_A,git_commit
extensao3-2025_2-team_02-EstudaAI-1953213cc45b,0d6624ddc0fcfa0e4583bea6969f1f93b759f485,2025-12-02T08:08:31-03:00,T3,3,29,2,main,git_branch_contains,TEAM_02,2025.2,Dev_A,git_commit
extensao3-2025_2-team_02-EstudaAI-1953213cc45b,b9a0cf338c705d039fc8a91516d7236f8057e11b,2025-12-02T08:16:06-03:00,T3,3,18,2,main,git_branch_contains,TEAM_02,2025.2,Dev_A,git_commit
extensao3-2025_2-team_02-EstudaAI-1953213cc45b,0217eab6569e0b10aaf126e49c27a5651437b9aa,2025-12-02T08:47:50-03:00,T3,1,54,20,main,git_branch_contains,TEAM_02,2025.2,Dev_A,git_commit
extensao3-2025_2-team_02-EstudaAI-1953213cc45b,e1f24fa6cb15e8d1242162b76be0149d63952867,2025-12-02T08:58:24-03:00,T3,2,14,10,main,git_branch_contains,TEAM_02,2025.2,Dev_A,git_commit
extensao3-2025_2-team_02-EstudaAI-1953213cc45b,3b5581f8b1a9bdd14750c93dd4f883365a1e2d4d,2025-12-02T09:51:23-03:00,T3,3,216,148,main,git_branch_contains,TEAM_02,2025.2,Dev_C,git_commit
extensao3-2025_2-team_02-EstudaAI-1953213cc45b,f16227211cfd3ea6f6e0944dab37f7150a1df79b,2025-12-02T09:51:29-03:00,T3,0,0,0,main,git_branch_contains,TEAM_02,2025.2,Dev_C,git_commit
extensao3-2025_2-team_02-EstudaAI-1953213cc45b,be49a464b243fce7bff0ca06d5d3f6cdd63eeb0c,2025-12-02T13:27:41-03:00,T3,1,107,36,main,git_branch_contains,TEAM_02,2025.2,Dev_A,git_commit
extensao3-2025_2-team_02-EstudaAI-1953213cc45b,ec5b5ef3b2f7ff253aaf088c8ce526f23089b265,2025-12-02T13:28:06-03:00,T3,0,0,0,main,git_branch_contains,TEAM_02,2025.2,Dev_A,git_commit
extensao3-2025_2-team_02-EstudaAI-1953213cc45b,62d09c22f3beb870a2c85980243c1119e28e02e2,2025-12-02T14:12:05-03:00,T3,2,547,10,main,git_branch_contains,TEAM_02,2025.2,Dev_A,git_commit
extensao3-2025_2-team_02-EstudaAI-1953213cc45b,b779b28a1e2598048ae8718312d0fff12346868f,2025-12-02T14:30:00-03:00,T3,1,21,2,main,git_branch_contains,TEAM_02,2025.2,Dev_A,git_commit
extensao3-2025_2-team_02-EstudaAI-1953213cc45b,cb9ff679aac52e3c8619b6b972665e0c060ac3b6,2025-12-02T15:00:38-03:00,T3,1,3,3,main,git_branch_contains,TEAM_02,2025.2,Dev_A,git_commit
extensao3-2025_2-team_02-EstudaAI-1953213cc45b,93d0bdc5918e289d1622139032cbcc33c04f05d1,2025-12-02T15:20:59-03:00,T3,1,0,1,main,git_branch_contains,TEAM_02,2025.2,Dev_A,git_commit
extensao3-2025_2-team_02-EstudaAI-1953213cc45b,a8a36f4fe516ccb45930a7ffc8d03112b65b0852,2025-12-02T18:03:36-03:00,T3,1,3,1,main,git_branch_contains,TEAM_02,2025.2,Dev_B,git_commit
extensao3-2025_2-team_02-EstudaAI-1953213cc45b,d564ced20726752752675b54a29598a9014ba217,2025-12-02T18:10:49-03:00,T3,1,4,4,main,git_branch_contains,TEAM_02,2025.2,Dev_B,git_commit
extensao3-2025_2-team_02-EstudaAI-1953213cc45b,41101983ecee05c783bc989530535600db38400e,2025-12-02T18:18:43-03:00,T3,1,3,3,main,git_branch_contains,TEAM_02,2025.2,Dev_B,git_commit
extensao3-2025_2-team_02-EstudaAI-1953213cc45b,129911824c89311366a748afe33361da9207f686,2025-12-03T08:12:38-03:00,T3,4,3,14,main,git_branch_contains,TEAM_02,2025.2,Dev_B,git_commit
extensao3-2025_2-team_02-EstudaAI-1953213cc45b,55d06e1cfa8a51a41ffa235f2871af10b961f8e6,2025-12-03T10:04:07-03:00,T3,2,343,222,main,git_branch_contains,TEAM_02,2025.2,Dev_D,git_commit
extensao3-2025_2-team_02-EstudaAI-1953213cc45b,0bebd101f62c9ab5d1a6e9465e9be8b7cfc7ed22,2025-12-03T12:29:31-03:00,T3,2,282,79,main,git_branch_contains,TEAM_02,2025.2,Dev_C,git_commit
extensao3-2025_2-team_02-EstudaAI-1953213cc45b,7d8b122b689db80286396e6750b582fab93dda9f,2025-12-03T12:29:38-03:00,T3,0,0,0,main,git_branch_contains,TEAM_02,2025.2,Dev_C,git_commit
extensao3-2025_2-team_02-EstudaAI-1953213cc45b,014707aee4834ae9b12f9e1b3fe02941e7719f3d,2025-12-03T13:06:12-03:00,T3,2,7,355,main,git_branch_contains,TEAM_02,2025.2,Dev_B,git_commit
extensao3-2025_2-team_02-EstudaAI-1953213cc45b,209b3c40bf5536389c7edcc6e48d4f57f06700ff,2025-12-03T13:26:56-03:00,T3,1,1,1,main,git_branch_contains,TEAM_02,2025.2,Dev_B,git_commit
extensao3-2025_2-team_02-EstudaAI-1953213cc45b,2c8211b81b655842f49871b63891af852d54427b,2025-12-03T13:34:36-03:00,T3,6,87,5,main,git_branch_contains,TEAM_02,2025.2,Dev_A,git_commit
extensao3-2025_2-team_02-EstudaAI-1953213cc45b,d15ab4c14d3d76d1a448481c2d84b99f6a218497,2025-12-03T13:35:58-03:00,T3,1,1,1,main,git_branch_contains,TEAM_02,2025.2,Dev_B,git_commit
extensao3-2025_2-team_02-EstudaAI-1953213cc45b,9b7e12f2718cb62ca9fe5c14d8a64fc7ad7def78,2025-12-03T14:25:39-03:00,T3,5,33,4,main,git_branch_contains,TEAM_02,2025.2,Dev_A,git_commit
extensao3-2025_2-team_02-EstudaAI-1953213cc45b,cfcc4f7ae1ef0e647c6b6f650b7aa8c78a3b9a02,2025-12-03T14:45:02-03:00,T3,3,33,2,main,git_branch_contains,TEAM_02,2025.2,Dev_A,git_commit
extensao3-2025_2-team_02-EstudaAI-1953213cc45b,d3a3749969d2938e04da0ff643cea943c80edfc8,2025-12-03T14:50:36-03:00,T3,3,18,1,main,git_branch_contains,TEAM_02,2025.2,Dev_A,git_commit
extensao3-2025_2-team_02-EstudaAI-1953213cc45b,4beffefdc902cf27658e6c1f7b94a13424f97d01,2025-12-03T15:28:21-03:00,T3,2,16,96,main,git_branch_contains,TEAM_02,2025.2,Dev_C,git_commit
extensao3-2025_2-team_02-EstudaAI-1953213cc45b,e40e7b6eb0ebccb2d309a44ac002f4a31b58d9a1,2025-12-03T15:31:58-03:00,T3,2,181,1,main,git_branch_contains,TEAM_02,2025.2,Dev_C,git_commit
extensao3-2025_2-team_02-EstudaAI-1953213cc45b,84703b775736218919e0cfce434d7929a0a41558,2025-12-03T15:42:59-03:00,T3,1,3,3,main,git_branch_contains,TEAM_02,2025.2,Dev_A,git_commit
extensao3-2025_2-team_02-EstudaAI-1953213cc45b,fd8ea249f5149d083144e6d6854b435f1968b32e,2025-12-03T16:50:05-03:00,T3,2,212,6,main,git_branch_contains,TEAM_02,2025.2,Dev_C,git_commit
extensao3-2025_2-team_02-EstudaAI-1953213cc45b,bacbbb090c40fc21478878c7accfb36a34bf6d8d,2025-12-03T16:50:13-03:00,T3,0,0,0,main,git_branch_contains,TEAM_02,2025.2,Dev_C,git_commit
extensao3-2025_2-team_02-EstudaAI-1953213cc45b,0c3c95c769b4c60e66c3ec45a689bbf7766ef672,2025-12-03T17:05:53-03:00,T3,2,17,14,main,git_branch_contains,TEAM_02,2025.2,Dev_B,git_commit
extensao3-2025_2-team_02-EstudaAI-1953213cc45b,de08cc99269d48c1c18a6a25b1ced4704c26ae0e,2025-12-03T17:44:32-03:00,T3,2,626,153,main,git_branch_contains,TEAM_02,2025.2,Dev_C,git_commit
extensao3-2025_2-team_02-EstudaAI-1953213cc45b,a349b44e9430b8f5eeb87dccdfb0cc4a137bec02,2025-12-03T17:56:09-03:00,T3,1,1,2,main,git_branch_contains,TEAM_02,2025.2,Dev_A,git_commit
extensao3-2025_2-team_02-EstudaAI-1953213cc45b,539c14a84614107ef2664c1cd755d3810e2e825b,2025-12-03T18:07:32-03:00,T3,3,278,244,main,git_branch_contains,TEAM_02,2025.2,Dev_C,git_commit
extensao3-2025_2-team_02-EstudaAI-1953213cc45b,1b361ee4869b9c1773439bb599e04b7854baf29a,2025-12-03T18:09:23-03:00,T3,2,20,3,main,git_branch_contains,TEAM_02,2025.2,Dev_A,git_commit
extensao3-2025_2-team_02-EstudaAI-1953213cc45b,4e1c7b02ef8b8ec098f9e361b7154c191753fd1b,2025-12-03T19:05:44-03:00,T3,2,32,7,main,git_branch_contains,TEAM_02,2025.2,Dev_B,git_commit
extensao3-2025_2-team_02-EstudaAI-1953213cc45b,c324f17b48c37e261f2e368beeae6bc5496ec898,2025-12-03T19:30:30-03:00,T3,2,429,209,main,git_branch_contains,TEAM_02,2025.2,Dev_C,git_commit
extensao3-2025_2-team_02-EstudaAI-1953213cc45b,9595d8ee148bdfd5d372ce56518fff51aea42262,2025-12-03T20:28:46-03:00,T3,1,2,1,main,git_branch_contains,TEAM_02,2025.2,Dev_B,git_commit
extensao3-2025_2-team_02-EstudaAI-1953213cc45b,fba12b83fe6124cfc4028c9f839a1ed809f31513,2025-12-03T22:00:10-03:00,T3,3,24,9,main,git_branch_contains,TEAM_02,2025.2,Dev_D,git_commit
extensao3-2025_2-team_02-EstudaAI-1953213cc45b,784ae9cb99df8cffb96b22794f4405b65511cd24,2025-12-03T22:00:51-03:00,T3,0,0,0,main,git_branch_contains,TEAM_02,2025.2,Dev_D,git_commit
extensao3-2025_2-team_02-EstudaAI-1953213cc45b,49e4616552d02b1d6aa1dd1ca3015fa8f83f59f7,2025-12-04T15:43:30-03:00,T3,2,16,0,main,git_branch_contains,TEAM_02,2025.2,Dev_A,git_commit
extensao3-2025_2-team_02-EstudaAI-1953213cc45b,3dd4e9bf3a49dab1798fdf74dfc923d3eabc102e,2025-12-04T16:17:47-03:00,T3,1,1,3,main,git_branch_contains,TEAM_02,2025.2,Dev_B,git_commit
extensao3-2025_2-team_02-EstudaAI-1953213cc45b,bb5249d9a05bee6d05c9ade1da291e9da67de094,2025-12-04T16:21:37-03:00,T3,1,2,1,main,git_branch_contains,TEAM_02,2025.2,Dev_A,git_commit
extensao3-2025_2-team_02-EstudaAI-1953213cc45b,1c23e6091f03a721c50d6ef972dad6480c21afe0,2025-12-04T17:54:47-03:00,T3,4,268,770,main,git_branch_contains,TEAM_02,2025.2,Dev_C,git_commit
extensao3-2025_2-team_02-EstudaAI-1953213cc45b,5baf73e24ce5d2c20b388f645bc6d124e61fc430,2025-12-04T17:54:53-03:00,T3,0,0,0,main,git_branch_contains,TEAM_02,2025.2,Dev_C,git_commit
extensao3-2025_2-team_02-EstudaAI-1953213cc45b,2b487333e5ef65bc1d6dd82c2939af1ac034f1fa,2025-12-04T18:00:51-03:00,T3,1,2,2,main,git_branch_contains,TEAM_02,2025.2,Dev_C,git_commit
extensao3-2025_2-team_02-EstudaAI-1953213cc45b,e27d836c6ebac07ab02afa2596ccc52f7c2b6bc6,2025-12-04T18:19:08-03:00,T3,3,430,196,main,git_branch_contains,TEAM_02,2025.2,Dev_D,git_commit
extensao3-2025_2-team_02-EstudaAI-1953213cc45b,8d874ffcf7e229938287999f5cc2edcc2bc41abd,2025-12-04T18:19:59-03:00,T3,0,0,0,main,git_branch_contains,TEAM_02,2025.2,Dev_D,git_commit
extensao3-2025_2-team_02-EstudaAI-1953213cc45b,6cfa0bcc7df57524f18e2a9d9805f3bc7c0c4d4a,2025-12-04T20:50:09-03:00,T3,1,203,12,main,git_branch_contains,TEAM_02,2025.2,Dev_C,git_commit
extensao3-2025_2-team_02-EstudaAI-1953213cc45b,150bf9743f26c4273aeab42fefb2d6f77c71ac17,2025-12-04T20:54:00-03:00,T3,0,0,0,main,git_branch_contains,TEAM_02,2025.2,Dev_C,git_commit
extensao3-2025_2-team_02-EstudaAI-1953213cc45b,db878af634355275c21d6dc797c7782977e6cbf3,2025-12-04T21:15:45-03:00,T3,1,0,6,main,git_branch_contains,TEAM_02,2025.2,Dev_E,git_commit
extensao3-2025_2-team_02-EstudaAI-1953213cc45b,65a9defbb0987f4e9be1be0138af4bb51d21556b,2025-12-04T21:20:07-03:00,T3,2,6,4,main,git_branch_contains,TEAM_02,2025.2,Dev_A,git_commit
extensao3-2025_2-team_02-EstudaAI-1953213cc45b,0ca8c2b4d692da60d0e1b46d3dd3b8099a683931,2025-12-04T21:24:53-03:00,T3,4,17,531,main,git_branch_contains,TEAM_02,2025.2,Dev_C,git_commit
extensao3-2025_2-team_02-EstudaAI-1953213cc45b,52b9e9cfa7fd938b1beb0145c17c311193289a1a,2025-12-04T21:24:57-03:00,T3,0,0,0,main,git_branch_contains,TEAM_02,2025.2,Dev_C,git_commit
extensao3-2025_2-team_02-EstudaAI-1953213cc45b,1f96ccb519cf70281a906a81df3faf5f7a277e5d,2025-12-04T21:33:21-03:00,T3,1,3,3,main,git_branch_contains,TEAM_02,2025.2,Dev_C,git_commit
extensao3-2025_2-team_02-EstudaAI-1953213cc45b,67946f1d7e7d403fbf14ed32ceb65dac14612c72,2025-12-04T21:42:47-03:00,T3,1,12,11,main,git_branch_contains,TEAM_02,2025.2,Dev_C,git_commit
extensao3-2025_2-team_02-EstudaAI-1953213cc45b,81e1ea90bcf43665ce5a610a940acfcffc038bf1,2025-12-04T21:52:01-03:00,T3,2,0,17,main,git_branch_contains,TEAM_02,2025.2,Dev_B,git_commit
extensao3-2025_2-team_02-EstudaAI-1953213cc45b,c041b888eb337f428a5e0222657a9a722c4f6342,2025-12-04T22:15:50-03:00,T3,1,119,8,main,git_branch_contains,TEAM_02,2025.2,Dev_D,git_commit
extensao3-2025_2-team_02-EstudaAI-1953213cc45b,b0c06fb54c003f8e461f8dc40739dfc4eb995c09,2025-12-04T22:21:37-03:00,T3,0,0,0,main,git_branch_contains,TEAM_02,2025.2,Dev_A,git_commit
extensao3-2025_2-team_02-EstudaAI-1953213cc45b,2b4926c561f60def5bb27a1664db897189180832,2025-12-04T22:26:58-03:00,T3,0,0,0,main,git_branch_contains,TEAM_02,2025.2,Dev_A,git_commit
extensao3-2025_2-team_02-EstudaAI-1953213cc45b,e7bd8a108b4f26bc6b9b0121e0f5839d2a22ffa4,2025-12-04T22:28:01-03:00,T3,0,0,0,main,git_branch_contains,TEAM_02,2025.2,Dev_A,git_commit
extensao3-2025_2-team_02-EstudaAI-1953213cc45b,cf940f66f9ae5d7be0d633d6621b6afc48e80dcb,2025-12-04T22:28:08-03:00,T3,0,0,0,main,git_branch_contains,TEAM_02,2025.2,Dev_A,git_commit
extensao3-2025_2-team_02-EstudaAI-1953213cc45b,b16a7e82ce61df442f7596563890fea645e682b4,2025-12-04T22:28:29-03:00,T3,0,0,0,main,git_branch_contains,TEAM_02,2025.2,Dev_A,git_commit
extensao3-2025_2-team_02-EstudaAI-1953213cc45b,0c0d3b3547160b5e8546cdf388298d348ad93b0f,2025-12-04T22:42:41-03:00,T3,0,0,0,main,git_branch_contains,TEAM_02,2025.2,Dev_A,git_commit
extensao3-2025_2-team_02-EstudaAI-1953213cc45b,bcdbd2a56cdd07b9f1460b3c329157e516c22a4f,2025-12-04T22:43:18-03:00,T3,0,0,0,main,git_branch_contains,TEAM_02,2025.2,Dev_A,git_commit
extensao3-2025_2-team_02-EstudaAI-1953213cc45b,8290b3e616fe5a8c8864a73f8745b4ca8d4e6bab,2025-12-04T22:43:48-03:00,T3,0,0,0,main,git_branch_contains,TEAM_02,2025.2,Dev_A,git_commit
extensao3-2025_2-team_02-EstudaAI-1953213cc45b,cc53518eed0b8253cdf7ef99603a15862bb08d90,2025-12-04T22:51:25-03:00,T3,221,0,38616,main,git_branch_contains,TEAM_02,2025.2,Dev_A,git_commit
extensao3-2025_2-team_02-EstudaAI-1953213cc45b,8447685cea4f614d861edb854c98b16df859c532,2025-12-04T23:11:54-03:00,T3,51,0,0,main,git_branch_contains,TEAM_02,2025.2,Dev_A,git_commit
extensao3-2025_2-team_02-EstudaAI-1953213cc45b,b6940d97725c20336d6d80d405ec70c59b5db4e8,2025-12-04T23:21:36-03:00,T3,53,0,0,main,git_branch_contains,TEAM_02,2025.2,Dev_A,git_commit
extensao3-2025_2-team_02-EstudaAI-1953213cc45b,71126f29ee1777868195b39d80364f3be1bdcf6c,2025-12-04T23:22:12-03:00,T3,10,0,0,main,git_branch_contains,TEAM_02,2025.2,Dev_A,git_commit
extensao3-2025_2-team_02-EstudaAI-1953213cc45b,025aec37d49ae43fff44dcf36d3de116a8d3d34b,2025-12-04T23:25:09-03:00,T3,0,0,0,main,git_branch_contains,TEAM_02,2025.2,Dev_A,git_commit
extensao3-2025_2-team_02-EstudaAI-1953213cc45b,f9c888d65fea2dee0e44f268dbf59ca5d8fdc8e7,2025-12-04T23:25:55-03:00,T3,0,0,0,main,git_branch_contains,TEAM_02,2025.2,Dev_A,git_commit
extensao3-2025_2-team_02-EstudaAI-1953213cc45b,536f8e952cce0dd219cf0acec9b1fa48bd17d59b,2025-12-04T23:26:22-03:00,T3,0,0,0,main,git_branch_contains,TEAM_02,2025.2,Dev_A,git_commit
extensao3-2025_2-team_02-EstudaAI-1953213cc45b,0824d6a2c236bbe7f0e048714324190025e9fb5d,2025-12-05T00:29:29-03:00,T3,0,0,0,main,git_branch_contains,TEAM_02,2025.2,Dev_A,git_commit
extensao3-2025_2-team_02-EstudaAI-1953213cc45b,6bf3b8d078ccfb59315df5df778d1137c0a274ed,2025-12-05T00:48:29-03:00,T3,1,72,29,main,git_branch_contains,TEAM_02,2025.2,Dev_D,git_commit
extensao3-2025_2-team_02-EstudaAI-1953213cc45b,5c6513a0eae58209394423c2666fd7425bb91f60,2025-12-05T00:49:07-03:00,T3,0,0,0,main,git_branch_contains,TEAM_02,2025.2,Dev_D,git_commit
extensao3-2025_2-team_02-EstudaAI-1953213cc45b,d8cbf024bf833e5c3597fb8d98badc5c03d53b12,2025-12-05T00:52:57-03:00,T3,1,16,0,main,git_branch_contains,TEAM_02,2025.2,Dev_D,git_commit
extensao3-2025_2-team_02-EstudaAI-1953213cc45b,3b1076ea88343eff11dc4fc23c003273d9755332,2025-12-05T00:55:23-03:00,T3,0,0,0,main,git_branch_contains,TEAM_02,2025.2,Dev_A,git_commit
extensao3-2025_2-team_02-EstudaAI-1953213cc45b,da88dc783322a97d27f7afdafb102b6552828ec2,2025-12-05T01:04:18-03:00,T3,4,0,0,main,git_branch_contains,TEAM_02,2025.2,Dev_A,git_commit
extensao3-2025_2-team_02-EstudaAI-1953213cc45b,4b7cadea5081d30a02689163e3d5c28e43409d39,2025-12-05T01:31:48-03:00,T3,1,207,2,main,git_branch_contains,TEAM_02,2025.2,Dev_A,git_commit
extensao3-2025_2-team_02-EstudaAI-1953213cc45b,028e441cc1832ed40662d949af8d4496edf36a83,2025-12-05T01:34:45-03:00,T3,1,3,2,main,git_branch_contains,TEAM_02,2025.2,Dev_A,git_commit
extensao3-2025_2-team_02-EstudaAI-1953213cc45b,3f061c322a35aebe6a799c5428ac8e741a013c2d,2025-12-05T01:36:32-03:00,T3,1,0,0,main,git_branch_contains,TEAM_02,2025.2,Dev_A,git_commit
extensao3-2025_2-team_02-EstudaAI-1953213cc45b,00ceb83a973d0d2a26ed708bd562cf12b3456b51,2025-12-05T01:37:37-03:00,T3,1,0,0,main,git_branch_contains,TEAM_02,2025.2,Dev_A,git_commit
extensao3-2025_2-team_08-ExamForge-80e19be1a764,b3466da46c82d367fa008f50400221c73fe710a4,2025-10-24T21:21:16-03:00,T2,5,154,0,main,git_branch_contains,TEAM_08,2025.2,Dev_B,git_commit
extensao3-2025_2-team_08-ExamForge-80e19be1a764,f595c151716842748164f3abb6eaeea3f2dbf791,2025-10-24T21:24:19-03:00,T2,1,88,0,main,git_branch_contains,TEAM_08,2025.2,Dev_C,git_commit
extensao3-2025_2-team_08-ExamForge-80e19be1a764,ef2070fa03b8a27608a09203d71240063cbc522a,2025-11-03T19:04:46-03:00,T2,3,208,3,main,git_branch_contains,TEAM_08,2025.2,Dev_D,git_commit
extensao3-2025_2-team_08-ExamForge-80e19be1a764,64f66946fa61578a69e1e018928a2e78ca8f2dd3,2025-11-03T20:34:52-03:00,T2,1,2,0,main,git_branch_contains,TEAM_08,2025.2,Dev_A,git_commit
extensao3-2025_2-team_08-ExamForge-80e19be1a764,9b95e37e2fbf088a5f537ac259290d315e4ef7aa,2025-11-04T09:36:30-03:00,T2,20,3897,0,main,git_branch_contains,TEAM_08,2025.2,Dev_A,git_commit
extensao3-2025_2-team_08-ExamForge-80e19be1a764,e033bd38b7035a617d7d521cdb20ebfe92d43cae,2025-11-04T10:57:43-03:00,T2,12,213,6,main,git_branch_contains,TEAM_08,2025.2,Dev_A,git_commit
extensao3-2025_2-team_08-ExamForge-80e19be1a764,b99ef12c2514ea02c501bc02f995ffe344b5f77e,2025-11-04T14:48:54-03:00,T2,2,41,101,main,git_branch_contains,TEAM_08,2025.2,Dev_D,git_commit
extensao3-2025_2-team_08-ExamForge-80e19be1a764,48dd0dca2f38ae5244ac98b5323888a9b374f92e,2025-11-05T12:57:49-03:00,T2,9,592,72,main,git_branch_contains,TEAM_08,2025.2,Dev_G,git_commit
extensao3-2025_2-team_08-ExamForge-80e19be1a764,e9c90f006cd627bc3fff3bd1abc44b7141936d15,2025-11-05T13:35:32-03:00,T2,1,0,0,main,git_branch_contains,TEAM_08,2025.2,Dev_D,git_commit
extensao3-2025_2-team_08-ExamForge-80e19be1a764,52890643add5b7f466247df363dfd50a00124ed0,2025-11-05T13:55:52-03:00,T2,30,0,0,main,git_branch_contains,TEAM_08,2025.2,Dev_E,git_commit
extensao3-2025_2-team_08-ExamForge-80e19be1a764,585077a231a637b61875637016f0c76906c88227,2025-11-05T14:16:06-03:00,T2,0,0,0,main,git_branch_contains,TEAM_08,2025.2,Dev_E,git_commit
extensao3-2025_2-team_08-ExamForge-80e19be1a764,e2613e439a364cacfe5ab50fd5d6932a8ef7d1ac,2025-11-05T14:16:06-03:00,T2,0,0,0,main,git_branch_contains,TEAM_08,2025.2,Dev_E,git_commit
extensao3-2025_2-team_08-ExamForge-80e19be1a764,77e0db2f0addb91dc39988cfb34a91d7a6e7e67a,2025-11-05T15:35:11-03:00,T2,0,0,0,main,git_branch_contains,TEAM_08,2025.2,Dev_F,git_commit
extensao3-2025_2-team_08-ExamForge-80e19be1a764,4d9bbc872e95883ea331f36ab717c11732a55d28,2025-11-05T15:36:21-03:00,T2,8,9,4,main,git_branch_contains,TEAM_08,2025.2,Dev_A,git_commit
extensao3-2025_2-team_08-ExamForge-80e19be1a764,6c073684bac6433fbd3cde2d0c66cf8e90d7aa82,2025-11-05T15:39:20-03:00,T2,0,0,0,main,git_branch_contains,TEAM_08,2025.2,Dev_F,git_commit
extensao3-2025_2-team_08-ExamForge-80e19be1a764,91802d7cf3117d0488a83149297d38a5680d5e90,2025-11-05T15:40:11-03:00,T2,0,0,0,main,git_branch_contains,TEAM_08,2025.2,Dev_A,git_commit
extensao3-2025_2-team_08-ExamForge-80e19be1a764,d9b4cdf8bd4a5515c3bbd381c98c20b0a7567765,2025-11-05T16:20:49-03:00,T2,2,2,2,main,git_branch_contains,TEAM_08,2025.2,Dev_A,git_commit
extensao3-2025_2-team_08-ExamForge-80e19be1a764,7c792f979f86400ecbaec3f02f8ec11f77b61166,2025-11-05T16:20:51-03:00,T2,0,0,0,main,git_branch_contains,TEAM_08,2025.2,Dev_A,git_commit
extensao3-2025_2-team_08-ExamForge-80e19be1a764,ade5216f71b96eaeabd6754f2e717731d444928a,2025-11-05T21:58:54-03:00,T2,0,0,0,main,git_branch_contains,TEAM_08,2025.2,Dev_C,git_commit
extensao3-2025_2-team_08-ExamForge-80e19be1a764,3e4cb6aca017f799a57c5c6940a221164b7cd5db,2025-11-05T22:33:32-03:00,T2,0,0,0,main,git_branch_contains,TEAM_08,2025.2,Dev_H,git_commit
extensao3-2025_2-team_08-ExamForge-80e19be1a764,3060db4a15c31d250bca4bcf6f93e1353f2b842e,2025-11-07T10:16:10-03:00,T2,1,9,1,main,git_branch_contains,TEAM_08,2025.2,Dev_B,git_commit
extensao3-2025_2-team_08-ExamForge-80e19be1a764,bc5eb0a8da5fd79d451052d30badb6279c216b1a,2025-11-07T10:20:19-03:00,T2,0,0,0,main,git_branch_contains,TEAM_08,2025.2,Dev_C,git_commit
extensao3-2025_2-team_08-ExamForge-80e19be1a764,a0eb8a36ce051fadc234d303d2ccbc327f1a7643,2025-11-07T19:57:41-03:00,T2,3,302,0,main,git_branch_contains,TEAM_08,2025.2,Dev_B,git_commit
extensao3-2025_2-team_08-ExamForge-80e19be1a764,ffec1c017303ade2c8a643a66c3e543c58b0487c,2025-11-16T17:37:26-03:00,T3,1,66,106,main,git_branch_contains,TEAM_08,2025.2,Dev_B,git_commit
extensao3-2025_2-team_08-ExamForge-80e19be1a764,9f450546b5d484b2a5817e52621a936a5d854618,2025-11-16T17:49:29-03:00,T3,0,0,0,main,git_branch_contains,TEAM_08,2025.2,Dev_C,git_commit
extensao3-2025_2-team_08-ExamForge-80e19be1a764,34c7c0eddec10e6a9a0e5d39a7110b3248d6de24,2025-12-04T21:54:57-03:00,T3,5,132,0,main,git_branch_contains,TEAM_08,2025.2,Dev_D,git_commit
