ID_Equipe,Semestre,window_end_day,rolling_7d_value,tier,evaluator_score_t3,planning_artifact_present_t1,planning_scope_log1p_t1,team_full_period_rolling_max,team_full_period_rolling_intensity_pct,activity_metric
TEAM_01,2025.2,-110,0.0,Lower evaluator score / weaker planning,1.5,True,4.143134726391533,1337.0,0.0,clean_source_or_test_changed_lines
TEAM_01,2025.2,-109,0.0,Lower evaluator score / weaker planning,1.5,True,4.143134726391533,1337.0,0.0,clean_source_or_test_changed_lines
TEAM_01,2025.2,-108,0.0,Lower evaluator score / weaker planning,1.5,True,4.143134726391533,1337.0,0.0,clean_source_or_test_changed_lines
TEAM_01,2025.2,-107,0.0,Lower evaluator score / weaker planning,1.5,True,4.143134726391533,1337.0,0.0,clean_source_or_test_changed_lines
TEAM_01,2025.2,-106,0.0,Lower evaluator score / weaker planning,1.5,True,4.143134726391533,1337.0,0.0,clean_source_or_test_changed_lines
TEAM_01,2025.2,-105,0.0,Lower evaluator score / weaker planning,1.5,True,4.143134726391533,1337.0,0.0,clean_source_or_test_changed_lines
TEAM_01,2025.2,-104,0.0,Lower evaluator score / weaker planning,1.5,True,4.143134726391533,1337.0,0.0,clean_source_or_test_changed_lines
TEAM_01,2025.2,-103,0.0,Lower evaluator score / weaker planning,1.5,True,4.143134726391533,1337.0,0.0,clean_source_or_test_changed_lines
TEAM_01,2025.2,-102,0.0,Lower evaluator score / weaker planning,1.5,True,4.143134726391533,1337.0,0.0,clean_source_or_test_changed_lines
TEAM_01,2025.2,-101,0.0,Lower evaluator score / weaker planning,1.5,True,4.143134726391533,1337.0,0.0,clean_source_or_test_changed_lines
TEAM_01,2025.2,-100,0.0,Lower evaluator score / weaker planning,1.5,True,4.143134726391533,1337.0,0.0,clean_source_or_test_changed_lines
TEAM_01,2025.2,-99,0.0,Lower evaluator score / weaker planning,1.5,True,4.143134726391533,1337.0,0.0,clean_source_or_test_changed_lines
TEAM_01,2025.2,-98,0.0,Lower evaluator score / weaker planning,1.5,True,4.143134726391533,1337.0,0.0,clean_source_or_test_changed_lines
TEAM_01,2025.2,-97,0.0,Lower evaluator score / weaker planning,1.5,True,4.143134726391533,1337.0,0.0,clean_source_or_test_changed_lines
TEAM_01,2025.2,-96,0.0,Lower evaluator score / weaker planning,1.5,True,4.143134726391533,1337.0,0.0,clean_source_or_test_changed_lines
TEAM_01,2025.2,-95,0.0,Lower evaluator score / weaker planning,1.5,True,4.143134726391533,1337.0,0.0,clean_source_or_test_changed_lines
TEAM_01,2025.2,-94,0.0,Lower evaluator score / weaker planning,1.5,True,4.143134726391533,1337.0,0.0,clean_source_or_test_changed_lines
TEAM_01,2025.2,-93,0.0,Lower evaluator score / weaker planning,1.5,True,4.143134726391533,1337.0,0.0,clean_source_or_test_changed_lines
TEAM_01,2025.2,-92,0.0,Lower evaluator score / weaker planning,1.5,True,4.143134726391533,1337.0,0.0,clean_source_or_test_changed_lines
TEAM_01,2025.2,-91,0.0,Lower evaluator score / weaker planning,1.5,True,4.143134726391533,1337.0,0.0,clean_source_or_test_changed_lines
TEAM_01,2025.2,-90,0.0,Lower evaluator score / weaker planning,1.5,True,4.143134726391533,1337.0,0.0,clean_source_or_test_changed_lines
TEAM_01,2025.2,-89,0.0,Lower evaluator score / weaker planning,1.5,True,4.143134726391533,1337.0,0.0,clean_source_or_test_changed_lines
TEAM_01,2025.2,-88,146.0,Lower evaluator score / weaker planning,1.5,True,4.143134726391533,1337.0,10.919970082273748,clean_source_or_test_changed_lines
TEAM_01,2025.2,-87,146.0,Lower evaluator score / weaker planning,1.5,True,4.143134726391533,1337.0,10.919970082273748,clean_source_or_test_changed_lines
TEAM_01,2025.2,-86,146.0,Lower evaluator score / weaker planning,1.5,True,4.143134726391533,1337.0,10.919970082273748,clean_source_or_test_changed_lines
TEAM_01,2025.2,-85,146.0,Lower evaluator score / weaker planning,1.5,True,4.143134726391533,1337.0,10.919970082273748,clean_source_or_test_changed_lines
TEAM_01,2025.2,-84,146.0,Lower evaluator score / weaker planning,1.5,True,4.143134726391533,1337.0,10.919970082273748,clean_source_or_test_changed_lines
TEAM_01,2025.2,-83,146.0,Lower evaluator score / weaker planning,1.5,True,4.143134726391533,1337.0,10.919970082273748,clean_source_or_test_changed_lines
TEAM_01,2025.2,-82,146.0,Lower evaluator score / weaker planning,1.5,True,4.143134726391533,1337.0,10.919970082273748,clean_source_or_test_changed_lines
TEAM_01,2025.2,-81,0.0,Lower evaluator score / weaker planning,1.5,True,4.143134726391533,1337.0,0.0,clean_source_or_test_changed_lines
TEAM_01,2025.2,-80,0.0,Lower evaluator score / weaker planning,1.5,True,4.143134726391533,1337.0,0.0,clean_source_or_test_changed_lines
TEAM_01,2025.2,-79,1294.0,Lower evaluator score / weaker planning,1.5,True,4.143134726391533,1337.0,96.78384442782348,clean_source_or_test_changed_lines
TEAM_01,2025.2,-78,1294.0,Lower evaluator score / weaker planning,1.5,True,4.143134726391533,1337.0,96.78384442782348,clean_source_or_test_changed_lines
TEAM_01,2025.2,-77,1294.0,Lower evaluator score / weaker planning,1.5,True,4.143134726391533,1337.0,96.78384442782348,clean_source_or_test_changed_lines
TEAM_01,2025.2,-76,1294.0,Lower evaluator score / weaker planning,1.5,True,4.143134726391533,1337.0,96.78384442782348,clean_source_or_test_changed_lines
TEAM_01,2025.2,-75,1294.0,Lower evaluator score / weaker planning,1.5,True,4.143134726391533,1337.0,96.78384442782348,clean_source_or_test_changed_lines
TEAM_01,2025.2,-74,1294.0,Lower evaluator score / weaker planning,1.5,True,4.143134726391533,1337.0,96.78384442782348,clean_source_or_test_changed_lines
TEAM_01,2025.2,-73,1294.0,Lower evaluator score / weaker planning,1.5,True,4.143134726391533,1337.0,96.78384442782348,clean_source_or_test_changed_lines
TEAM_01,2025.2,-72,0.0,Lower evaluator score / weaker planning,1.5,True,4.143134726391533,1337.0,0.0,clean_source_or_test_changed_lines
TEAM_01,2025.2,-71,0.0,Lower evaluator score / weaker planning,1.5,True,4.143134726391533,1337.0,0.0,clean_source_or_test_changed_lines
TEAM_01,2025.2,-70,0.0,Lower evaluator score / weaker planning,1.5,True,4.143134726391533,1337.0,0.0,clean_source_or_test_changed_lines
TEAM_01,2025.2,-69,0.0,Lower evaluator score / weaker planning,1.5,True,4.143134726391533,1337.0,0.0,clean_source_or_test_changed_lines
TEAM_01,2025.2,-68,0.0,Lower evaluator score / weaker planning,1.5,True,4.143134726391533,1337.0,0.0,clean_source_or_test_changed_lines
TEAM_01,2025.2,-67,0.0,Lower evaluator score / weaker planning,1.5,True,4.143134726391533,1337.0,0.0,clean_source_or_test_changed_lines
TEAM_01,2025.2,-66,0.0,Lower evaluator score / weaker planning,1.5,True,4.143134726391533,1337.0,0.0,clean_source_or_test_changed_lines
TEAM_01,2025.2,-65,0.0,Lower evaluator score / weaker planning,1.5,True,4.143134726391533,1337.0,0.0,clean_source_or_test_changed_lines
TEAM_01,2025.2,-64,0.0,Lower evaluator score / weaker planning,1.5,True,4.143134726391533,1337.0,0.0,clean_source_or_test_changed_lines
TEAM_01,2025.2,-63,0.0,Lower evaluator score / weaker planning,1.5,True,4.143134726391533,1337.0,0.0,clean_source_or_test_changed_lines
TEAM_01,2025.2,-62,0.0,Lower evaluator score / weaker planning,1.5,True,4.143134726391533,1337.0,0.0,clean_source_or_test_changed_lines
TEAM_01,2025.2,-61,0.0,Lower evaluator score / weaker planning,1.5,True,4.143134726391533,1337.0,0.0,clean_source_or_test_changed_lines
TEAM_01,2025.2,-60,0.0,Lower evaluator score / weaker planning,1.5,True,4.143134726391533,1337.0,0.0,clean_source_or_test_changed_lines
TEAM_01,2025.2,-59,0.0,Lower evaluator score / weaker planning,1.5,True,4.143134726391533,1337.0,0.0,clean_source_or_test_changed_lines
TEAM_01,2025.2,-58,0.0,Lower evaluator score / weaker planning,1.5,True,4.143134726391533,1337.0,0.0,clean_source_or_test_changed_lines
TEAM_01,2025.2,-57,0.0,Lower evaluator score / weaker planning,1.5,True,4.143134726391533,1337.0,0.0,clean_source_or_test_changed_lines
TEAM_01,2025.2,-56,0.0,Lower evaluator score / weaker planning,1.5,True,4.143134726391533,1337.0,0.0,clean_source_or_test_changed_lines
TEAM_01,2025.2,-55,0.0,Lower evaluator score / weaker planning,1.5,True,4.143134726391533,1337.0,0.0,clean_source_or_test_changed_lines
TEAM_01,2025.2,-54,0.0,Lower evaluator score / weaker planning,1.5,True,4.143134726391533,1337.0,0.0,clean_source_or_test_changed_lines
TEAM_01,2025.2,-53,0.0,Lower evaluator score / weaker planning,1.5,True,4.143134726391533,1337.0,0.0,clean_source_or_test_changed_lines
TEAM_01,2025.2,-52,0.0,Lower evaluator score / weaker planning,1.5,True,4.143134726391533,1337.0,0.0,clean_source_or_test_changed_lines
TEAM_01,2025.2,-51,0.0,Lower evaluator score / weaker planning,1.5,True,4.143134726391533,1337.0,0.0,clean_source_or_test_changed_lines
TEAM_01,2025.2,-50,0.0,Lower evaluator score / weaker planning,1.5,True,4.143134726391533,1337.0,0.0,clean_source_or_test_changed_lines
TEAM_01,2025.2,-49,0.0,Lower evaluator score / weaker planning,1.5,True,4.143134726391533,1337.0,0.0,clean_source_or_test_changed_lines
TEAM_01,2025.2,-48,0.0,Lower evaluator score / weaker planning,1.5,True,4.143134726391533,1337.0,0.0,clean_source_or_test_changed_lines
TEAM_01,2025.2,-47,0.0,Lower evaluator score / weaker planning,1.5,True,4.143134726391533,1337.0,0.0,clean_source_or_test_changed_lines
TEAM_01,2025.2,-46,0.0,Lower evaluator score / weaker planning,1.5,True,4.143134726391533,1337.0,0.0,clean_source_or_test_changed_lines
TEAM_01,2025.2,-45,0.0,Lower evaluator score / weaker planning,1.5,True,4.143134726391533,1337.0,0.0,clean_source_or_test_changed_lines
TEAM_01,2025.2,-44,0.0,Lower evaluator score / weaker planning,1.5,True,4.143134726391533,1337.0,0.0,clean_source_or_test_changed_lines
TEAM_01,2025.2,-43,0.0,Lower evaluator score / weaker planning,1.5,True,4.143134726391533,1337.0,0.0,clean_source_or_test_changed_lines
TEAM_01,2025.2,-42,0.0,Lower evaluator score / weaker planning,1.5,True,4.143134726391533,1337.0,0.0,clean_source_or_test_changed_lines
TEAM_01,2025.2,-41,0.0,Lower evaluator score / weaker planning,1.5,True,4.143134726391533,1337.0,0.0,clean_source_or_test_changed_lines
TEAM_01,2025.2,-40,0.0,Lower evaluator score / weaker planning,1.5,True,4.143134726391533,1337.0,0.0,clean_source_or_test_changed_lines
TEAM_01,2025.2,-39,0.0,Lower evaluator score / weaker planning,1.5,True,4.143134726391533,1337.0,0.0,clean_source_or_test_changed_lines
TEAM_01,2025.2,-38,0.0,Lower evaluator score / weaker planning,1.5,True,4.143134726391533,1337.0,0.0,clean_source_or_test_changed_lines
TEAM_01,2025.2,-37,0.0,Lower evaluator score / weaker planning,1.5,True,4.143134726391533,1337.0,0.0,clean_source_or_test_changed_lines
TEAM_01,2025.2,-36,0.0,Lower evaluator score / weaker planning,1.5,True,4.143134726391533,1337.0,0.0,clean_source_or_test_changed_lines
TEAM_01,2025.2,-35,0.0,Lower evaluator score / weaker planning,1.5,True,4.143134726391533,1337.0,0.0,clean_source_or_test_changed_lines
TEAM_01,2025.2,-34,0.0,Lower evaluator score / weaker planning,1.5,True,4.143134726391533,1337.0,0.0,clean_source_or_test_changed_lines
TEAM_01,2025.2,-33,0.0,Lower evaluator score / weaker planning,1.5,True,4.143134726391533,1337.0,0.0,clean_source_or_test_changed_lines
TEAM_01,2025.2,-32,0.0,Lower evaluator score / weaker planning,1.5,True,4.143134726391533,1337.0,0.0,clean_source_or_test_changed_lines
TEAM_01,2025.2,-31,0.0,Lower evaluator score / weaker planning,1.5,True,4.143134726391533,1337.0,0.0,clean_source_or_test_changed_lines
TEAM_01,2025.2,-30,0.0,Lower evaluator score / weaker planning,1.5,True,4.143134726391533,1337.0,0.0,clean_source_or_test_changed_lines
TEAM_01,2025.2,-29,0.0,Lower evaluator score / weaker planning,1.5,True,4.143134726391533,1337.0,0.0,clean_source_or_test_changed_lines
TEAM_01,2025.2,-28,0.0,Lower evaluator score / weaker planning,1.5,True,4.143134726391533,1337.0,0.0,clean_source_or_test_changed_lines
TEAM_01,2025.2,-27,0.0,Lower evaluator score / weaker planning,1.5,True,4.143134726391533,1337.0,0.0,clean_source_or_test_changed_lines
TEAM_01,2025.2,-26,0.0,Lower evaluator score / weaker planning,1.5,True,4.143134726391533,1337.0,0.0,clean_source_or_test_changed_lines
TEAM_01,2025.2,-25,0.0,Lower evaluator score / weaker planning,1.5,True,4.143134726391533,1337.0,0.0,clean_source_or_test_changed_lines
TEAM_01,2025.2,-24,0.0,Lower evaluator score / weaker planning,1.5,True,4.143134726391533,1337.0,0.0,clean_source_or_test_changed_lines
TEAM_01,2025.2,-23,0.0,Lower evaluator score / weaker planning,1.5,True,4.143134726391533,1337.0,0.0,clean_source_or_test_changed_lines
TEAM_01,2025.2,-22,0.0,Lower evaluator score / weaker planning,1.5,True,4.143134726391533,1337.0,0.0,clean_source_or_test_changed_lines
TEAM_01,2025.2,-21,376.0,Lower evaluator score / weaker planning,1.5,True,4.143134726391533,1337.0,28.122662677636498,clean_source_or_test_changed_lines
TEAM_01,2025.2,-20,376.0,Lower evaluator score / weaker planning,1.5,True,4.143134726391533,1337.0,28.122662677636498,clean_source_or_test_changed_lines
TEAM_01,2025.2,-19,376.0,Lower evaluator score / weaker planning,1.5,True,4.143134726391533,1337.0,28.122662677636498,clean_source_or_test_changed_lines
TEAM_01,2025.2,-18,376.0,Lower evaluator score / weaker planning,1.5,True,4.143134726391533,1337.0,28.122662677636498,clean_source_or_test_changed_lines
TEAM_01,2025.2,-17,376.0,Lower evaluator score / weaker planning,1.5,True,4.143134726391533,1337.0,28.122662677636498,clean_source_or_test_changed_lines
TEAM_01,2025.2,-16,376.0,Lower evaluator score / weaker planning,1.5,True,4.143134726391533,1337.0,28.122662677636498,clean_source_or_test_changed_lines
TEAM_01,2025.2,-15,376.0,Lower evaluator score / weaker planning,1.5,True,4.143134726391533,1337.0,28.122662677636498,clean_source_or_test_changed_lines
TEAM_01,2025.2,-14,0.0,Lower evaluator score / weaker planning,1.5,True,4.143134726391533,1337.0,0.0,clean_source_or_test_changed_lines
TEAM_01,2025.2,-13,0.0,Lower evaluator score / weaker planning,1.5,True,4.143134726391533,1337.0,0.0,clean_source_or_test_changed_lines
TEAM_01,2025.2,-12,0.0,Lower evaluator score / weaker planning,1.5,True,4.143134726391533,1337.0,0.0,clean_source_or_test_changed_lines
TEAM_01,2025.2,-11,0.0,Lower evaluator score / weaker planning,1.5,True,4.143134726391533,1337.0,0.0,clean_source_or_test_changed_lines
TEAM_01,2025.2,-10,0.0,Lower evaluator score / weaker planning,1.5,True,4.143134726391533,1337.0,0.0,clean_source_or_test_changed_lines
TEAM_01,2025.2,-9,0.0,Lower evaluator score / weaker planning,1.5,True,4.143134726391533,1337.0,0.0,clean_source_or_test_changed_lines
TEAM_01,2025.2,-8,0.0,Lower evaluator score / weaker planning,1.5,True,4.143134726391533,1337.0,0.0,clean_source_or_test_changed_lines
TEAM_01,2025.2,-7,0.0,Lower evaluator score / weaker planning,1.5,True,4.143134726391533,1337.0,0.0,clean_source_or_test_changed_lines
TEAM_01,2025.2,-6,0.0,Lower evaluator score / weaker planning,1.5,True,4.143134726391533,1337.0,0.0,clean_source_or_test_changed_lines
TEAM_01,2025.2,-5,0.0,Lower evaluator score / weaker planning,1.5,True,4.143134726391533,1337.0,0.0,clean_source_or_test_changed_lines
TEAM_01,2025.2,-4,0.0,Lower evaluator score / weaker planning,1.5,True,4.143134726391533,1337.0,0.0,clean_source_or_test_changed_lines
TEAM_01,2025.2,-3,0.0,Lower evaluator score / weaker planning,1.5,True,4.143134726391533,1337.0,0.0,clean_source_or_test_changed_lines
TEAM_01,2025.2,-2,0.0,Lower evaluator score / weaker planning,1.5,True,4.143134726391533,1337.0,0.0,clean_source_or_test_changed_lines
TEAM_01,2025.2,-1,956.0,Lower evaluator score / weaker planning,1.5,True,4.143134726391533,1337.0,71.50336574420344,clean_source_or_test_changed_lines
TEAM_01,2025.2,0,1337.0,Lower evaluator score / weaker planning,1.5,True,4.143134726391533,1337.0,100.0,clean_source_or_test_changed_lines
TEAM_01,2026.1,-110,0.0,Lower evaluator score / weaker planning,2.5,True,1.0986122886681096,6546.0,0.0,clean_source_or_test_changed_lines
TEAM_01,2026.1,-109,0.0,Lower evaluator score / weaker planning,2.5,True,1.0986122886681096,6546.0,0.0,clean_source_or_test_changed_lines
TEAM_01,2026.1,-108,0.0,Lower evaluator score / weaker planning,2.5,True,1.0986122886681096,6546.0,0.0,clean_source_or_test_changed_lines
TEAM_01,2026.1,-107,0.0,Lower evaluator score / weaker planning,2.5,True,1.0986122886681096,6546.0,0.0,clean_source_or_test_changed_lines
TEAM_01,2026.1,-106,0.0,Lower evaluator score / weaker planning,2.5,True,1.0986122886681096,6546.0,0.0,clean_source_or_test_changed_lines
TEAM_01,2026.1,-105,0.0,Lower evaluator score / weaker planning,2.5,True,1.0986122886681096,6546.0,0.0,clean_source_or_test_changed_lines
TEAM_01,2026.1,-104,0.0,Lower evaluator score / weaker planning,2.5,True,1.0986122886681096,6546.0,0.0,clean_source_or_test_changed_lines
TEAM_01,2026.1,-103,0.0,Lower evaluator score / weaker planning,2.5,True,1.0986122886681096,6546.0,0.0,clean_source_or_test_changed_lines
TEAM_01,2026.1,-102,0.0,Lower evaluator score / weaker planning,2.5,True,1.0986122886681096,6546.0,0.0,clean_source_or_test_changed_lines
TEAM_01,2026.1,-101,0.0,Lower evaluator score / weaker planning,2.5,True,1.0986122886681096,6546.0,0.0,clean_source_or_test_changed_lines
TEAM_01,2026.1,-100,0.0,Lower evaluator score / weaker planning,2.5,True,1.0986122886681096,6546.0,0.0,clean_source_or_test_changed_lines
TEAM_01,2026.1,-99,0.0,Lower evaluator score / weaker planning,2.5,True,1.0986122886681096,6546.0,0.0,clean_source_or_test_changed_lines
TEAM_01,2026.1,-98,0.0,Lower evaluator score / weaker planning,2.5,True,1.0986122886681096,6546.0,0.0,clean_source_or_test_changed_lines
TEAM_01,2026.1,-97,0.0,Lower evaluator score / weaker planning,2.5,True,1.0986122886681096,6546.0,0.0,clean_source_or_test_changed_lines
TEAM_01,2026.1,-96,0.0,Lower evaluator score / weaker planning,2.5,True,1.0986122886681096,6546.0,0.0,clean_source_or_test_changed_lines
TEAM_01,2026.1,-95,0.0,Lower evaluator score / weaker planning,2.5,True,1.0986122886681096,6546.0,0.0,clean_source_or_test_changed_lines
TEAM_01,2026.1,-94,0.0,Lower evaluator score / weaker planning,2.5,True,1.0986122886681096,6546.0,0.0,clean_source_or_test_changed_lines
TEAM_01,2026.1,-93,0.0,Lower evaluator score / weaker planning,2.5,True,1.0986122886681096,6546.0,0.0,clean_source_or_test_changed_lines
TEAM_01,2026.1,-92,0.0,Lower evaluator score / weaker planning,2.5,True,1.0986122886681096,6546.0,0.0,clean_source_or_test_changed_lines
TEAM_01,2026.1,-91,0.0,Lower evaluator score / weaker planning,2.5,True,1.0986122886681096,6546.0,0.0,clean_source_or_test_changed_lines
TEAM_01,2026.1,-90,0.0,Lower evaluator score / weaker planning,2.5,True,1.0986122886681096,6546.0,0.0,clean_source_or_test_changed_lines
TEAM_01,2026.1,-89,0.0,Lower evaluator score / weaker planning,2.5,True,1.0986122886681096,6546.0,0.0,clean_source_or_test_changed_lines
TEAM_01,2026.1,-88,0.0,Lower evaluator score / weaker planning,2.5,True,1.0986122886681096,6546.0,0.0,clean_source_or_test_changed_lines
TEAM_01,2026.1,-87,0.0,Lower evaluator score / weaker planning,2.5,True,1.0986122886681096,6546.0,0.0,clean_source_or_test_changed_lines
TEAM_01,2026.1,-86,0.0,Lower evaluator score / weaker planning,2.5,True,1.0986122886681096,6546.0,0.0,clean_source_or_test_changed_lines
TEAM_01,2026.1,-85,0.0,Lower evaluator score / weaker planning,2.5,True,1.0986122886681096,6546.0,0.0,clean_source_or_test_changed_lines
TEAM_01,2026.1,-84,0.0,Lower evaluator score / weaker planning,2.5,True,1.0986122886681096,6546.0,0.0,clean_source_or_test_changed_lines
TEAM_01,2026.1,-83,0.0,Lower evaluator score / weaker planning,2.5,True,1.0986122886681096,6546.0,0.0,clean_source_or_test_changed_lines
TEAM_01,2026.1,-82,0.0,Lower evaluator score / weaker planning,2.5,True,1.0986122886681096,6546.0,0.0,clean_source_or_test_changed_lines
TEAM_01,2026.1,-81,0.0,Lower evaluator score / weaker planning,2.5,True,1.0986122886681096,6546.0,0.0,clean_source_or_test_changed_lines
TEAM_01,2026.1,-80,0.0,Lower evaluator score / weaker planning,2.5,True,1.0986122886681096,6546.0,0.0,clean_source_or_test_changed_lines
TEAM_01,2026.1,-79,0.0,Lower evaluator score / weaker planning,2.5,True,1.0986122886681096,6546.0,0.0,clean_source_or_test_changed_lines
TEAM_01,2026.1,-78,0.0,Lower evaluator score / weaker planning,2.5,True,1.0986122886681096,6546.0,0.0,clean_source_or_test_changed_lines
TEAM_01,2026.1,-77,0.0,Lower evaluator score / weaker planning,2.5,True,1.0986122886681096,6546.0,0.0,clean_source_or_test_changed_lines
TEAM_01,2026.1,-76,0.0,Lower evaluator score / weaker planning,2.5,True,1.0986122886681096,6546.0,0.0,clean_source_or_test_changed_lines
TEAM_01,2026.1,-75,0.0,Lower evaluator score / weaker planning,2.5,True,1.0986122886681096,6546.0,0.0,clean_source_or_test_changed_lines
TEAM_01,2026.1,-74,0.0,Lower evaluator score / weaker planning,2.5,True,1.0986122886681096,6546.0,0.0,clean_source_or_test_changed_lines
TEAM_01,2026.1,-73,0.0,Lower evaluator score / weaker planning,2.5,True,1.0986122886681096,6546.0,0.0,clean_source_or_test_changed_lines
TEAM_01,2026.1,-72,0.0,Lower evaluator score / weaker planning,2.5,True,1.0986122886681096,6546.0,0.0,clean_source_or_test_changed_lines
TEAM_01,2026.1,-71,0.0,Lower evaluator score / weaker planning,2.5,True,1.0986122886681096,6546.0,0.0,clean_source_or_test_changed_lines
TEAM_01,2026.1,-70,0.0,Lower evaluator score / weaker planning,2.5,True,1.0986122886681096,6546.0,0.0,clean_source_or_test_changed_lines
TEAM_01,2026.1,-69,0.0,Lower evaluator score / weaker planning,2.5,True,1.0986122886681096,6546.0,0.0,clean_source_or_test_changed_lines
TEAM_01,2026.1,-68,0.0,Lower evaluator score / weaker planning,2.5,True,1.0986122886681096,6546.0,0.0,clean_source_or_test_changed_lines
TEAM_01,2026.1,-67,0.0,Lower evaluator score / weaker planning,2.5,True,1.0986122886681096,6546.0,0.0,clean_source_or_test_changed_lines
TEAM_01,2026.1,-66,0.0,Lower evaluator score / weaker planning,2.5,True,1.0986122886681096,6546.0,0.0,clean_source_or_test_changed_lines
TEAM_01,2026.1,-65,0.0,Lower evaluator score / weaker planning,2.5,True,1.0986122886681096,6546.0,0.0,clean_source_or_test_changed_lines
TEAM_01,2026.1,-64,0.0,Lower evaluator score / weaker planning,2.5,True,1.0986122886681096,6546.0,0.0,clean_source_or_test_changed_lines
TEAM_01,2026.1,-63,0.0,Lower evaluator score / weaker planning,2.5,True,1.0986122886681096,6546.0,0.0,clean_source_or_test_changed_lines
TEAM_01,2026.1,-62,0.0,Lower evaluator score / weaker planning,2.5,True,1.0986122886681096,6546.0,0.0,clean_source_or_test_changed_lines
TEAM_01,2026.1,-61,0.0,Lower evaluator score / weaker planning,2.5,True,1.0986122886681096,6546.0,0.0,clean_source_or_test_changed_lines
TEAM_01,2026.1,-60,0.0,Lower evaluator score / weaker planning,2.5,True,1.0986122886681096,6546.0,0.0,clean_source_or_test_changed_lines
TEAM_01,2026.1,-59,0.0,Lower evaluator score / weaker planning,2.5,True,1.0986122886681096,6546.0,0.0,clean_source_or_test_changed_lines
TEAM_01,2026.1,-58,0.0,Lower evaluator score / weaker planning,2.5,True,1.0986122886681096,6546.0,0.0,clean_source_or_test_changed_lines
TEAM_01,2026.1,-57,0.0,Lower evaluator score / weaker planning,2.5,True,1.0986122886681096,6546.0,0.0,clean_source_or_test_changed_lines
TEAM_01,2026.1,-56,0.0,Lower evaluator score / weaker planning,2.5,True,1.0986122886681096,6546.0,0.0,clean_source_or_test_changed_lines
TEAM_01,2026.1,-55,0.0,Lower evaluator score / weaker planning,2.5,True,1.0986122886681096,6546.0,0.0,clean_source_or_test_changed_lines
TEAM_01,2026.1,-54,0.0,Lower evaluator score / weaker planning,2.5,True,1.0986122886681096,6546.0,0.0,clean_source_or_test_changed_lines
TEAM_01,2026.1,-53,0.0,Lower evaluator score / weaker planning,2.5,True,1.0986122886681096,6546.0,0.0,clean_source_or_test_changed_lines
TEAM_01,2026.1,-52,0.0,Lower evaluator score / weaker planning,2.5,True,1.0986122886681096,6546.0,0.0,clean_source_or_test_changed_lines
TEAM_01,2026.1,-51,0.0,Lower evaluator score / weaker planning,2.5,True,1.0986122886681096,6546.0,0.0,clean_source_or_test_changed_lines
TEAM_01,2026.1,-50,0.0,Lower evaluator score / weaker planning,2.5,True,1.0986122886681096,6546.0,0.0,clean_source_or_test_changed_lines
TEAM_01,2026.1,-49,0.0,Lower evaluator score / weaker planning,2.5,True,1.0986122886681096,6546.0,0.0,clean_source_or_test_changed_lines
TEAM_01,2026.1,-48,0.0,Lower evaluator score / weaker planning,2.5,True,1.0986122886681096,6546.0,0.0,clean_source_or_test_changed_lines
TEAM_01,2026.1,-47,0.0,Lower evaluator score / weaker planning,2.5,True,1.0986122886681096,6546.0,0.0,clean_source_or_test_changed_lines
TEAM_01,2026.1,-46,0.0,Lower evaluator score / weaker planning,2.5,True,1.0986122886681096,6546.0,0.0,clean_source_or_test_changed_lines
TEAM_01,2026.1,-45,0.0,Lower evaluator score / weaker planning,2.5,True,1.0986122886681096,6546.0,0.0,clean_source_or_test_changed_lines
TEAM_01,2026.1,-44,0.0,Lower evaluator score / weaker planning,2.5,True,1.0986122886681096,6546.0,0.0,clean_source_or_test_changed_lines
TEAM_01,2026.1,-43,0.0,Lower evaluator score / weaker planning,2.5,True,1.0986122886681096,6546.0,0.0,clean_source_or_test_changed_lines
TEAM_01,2026.1,-42,0.0,Lower evaluator score / weaker planning,2.5,True,1.0986122886681096,6546.0,0.0,clean_source_or_test_changed_lines
TEAM_01,2026.1,-41,0.0,Lower evaluator score / weaker planning,2.5,True,1.0986122886681096,6546.0,0.0,clean_source_or_test_changed_lines
TEAM_01,2026.1,-40,0.0,Lower evaluator score / weaker planning,2.5,True,1.0986122886681096,6546.0,0.0,clean_source_or_test_changed_lines
TEAM_01,2026.1,-39,0.0,Lower evaluator score / weaker planning,2.5,True,1.0986122886681096,6546.0,0.0,clean_source_or_test_changed_lines
TEAM_01,2026.1,-38,0.0,Lower evaluator score / weaker planning,2.5,True,1.0986122886681096,6546.0,0.0,clean_source_or_test_changed_lines
TEAM_01,2026.1,-37,0.0,Lower evaluator score / weaker planning,2.5,True,1.0986122886681096,6546.0,0.0,clean_source_or_test_changed_lines
TEAM_01,2026.1,-36,0.0,Lower evaluator score / weaker planning,2.5,True,1.0986122886681096,6546.0,0.0,clean_source_or_test_changed_lines
TEAM_01,2026.1,-35,0.0,Lower evaluator score / weaker planning,2.5,True,1.0986122886681096,6546.0,0.0,clean_source_or_test_changed_lines
TEAM_01,2026.1,-34,0.0,Lower evaluator score / weaker planning,2.5,True,1.0986122886681096,6546.0,0.0,clean_source_or_test_changed_lines
TEAM_01,2026.1,-33,0.0,Lower evaluator score / weaker planning,2.5,True,1.0986122886681096,6546.0,0.0,clean_source_or_test_changed_lines
TEAM_01,2026.1,-32,0.0,Lower evaluator score / weaker planning,2.5,True,1.0986122886681096,6546.0,0.0,clean_source_or_test_changed_lines
TEAM_01,2026.1,-31,0.0,Lower evaluator score / weaker planning,2.5,True,1.0986122886681096,6546.0,0.0,clean_source_or_test_changed_lines
TEAM_01,2026.1,-30,0.0,Lower evaluator score / weaker planning,2.5,True,1.0986122886681096,6546.0,0.0,clean_source_or_test_changed_lines
TEAM_01,2026.1,-29,0.0,Lower evaluator score / weaker planning,2.5,True,1.0986122886681096,6546.0,0.0,clean_source_or_test_changed_lines
TEAM_01,2026.1,-28,4040.0,Lower evaluator score / weaker planning,2.5,True,1.0986122886681096,6546.0,61.71707913229453,clean_source_or_test_changed_lines
TEAM_01,2026.1,-27,4040.0,Lower evaluator score / weaker planning,2.5,True,1.0986122886681096,6546.0,61.71707913229453,clean_source_or_test_changed_lines
TEAM_01,2026.1,-26,4040.0,Lower evaluator score / weaker planning,2.5,True,1.0986122886681096,6546.0,61.71707913229453,clean_source_or_test_changed_lines
TEAM_01,2026.1,-25,4040.0,Lower evaluator score / weaker planning,2.5,True,1.0986122886681096,6546.0,61.71707913229453,clean_source_or_test_changed_lines
TEAM_01,2026.1,-24,4040.0,Lower evaluator score / weaker planning,2.5,True,1.0986122886681096,6546.0,61.71707913229453,clean_source_or_test_changed_lines
TEAM_01,2026.1,-23,4040.0,Lower evaluator score / weaker planning,2.5,True,1.0986122886681096,6546.0,61.71707913229453,clean_source_or_test_changed_lines
TEAM_01,2026.1,-22,4040.0,Lower evaluator score / weaker planning,2.5,True,1.0986122886681096,6546.0,61.71707913229453,clean_source_or_test_changed_lines
TEAM_01,2026.1,-21,0.0,Lower evaluator score / weaker planning,2.5,True,1.0986122886681096,6546.0,0.0,clean_source_or_test_changed_lines
TEAM_01,2026.1,-20,0.0,Lower evaluator score / weaker planning,2.5,True,1.0986122886681096,6546.0,0.0,clean_source_or_test_changed_lines
TEAM_01,2026.1,-19,0.0,Lower evaluator score / weaker planning,2.5,True,1.0986122886681096,6546.0,0.0,clean_source_or_test_changed_lines
TEAM_01,2026.1,-18,0.0,Lower evaluator score / weaker planning,2.5,True,1.0986122886681096,6546.0,0.0,clean_source_or_test_changed_lines
TEAM_01,2026.1,-17,0.0,Lower evaluator score / weaker planning,2.5,True,1.0986122886681096,6546.0,0.0,clean_source_or_test_changed_lines
TEAM_01,2026.1,-16,0.0,Lower evaluator score / weaker planning,2.5,True,1.0986122886681096,6546.0,0.0,clean_source_or_test_changed_lines
TEAM_01,2026.1,-15,0.0,Lower evaluator score / weaker planning,2.5,True,1.0986122886681096,6546.0,0.0,clean_source_or_test_changed_lines
TEAM_01,2026.1,-14,0.0,Lower evaluator score / weaker planning,2.5,True,1.0986122886681096,6546.0,0.0,clean_source_or_test_changed_lines
TEAM_01,2026.1,-13,0.0,Lower evaluator score / weaker planning,2.5,True,1.0986122886681096,6546.0,0.0,clean_source_or_test_changed_lines
TEAM_01,2026.1,-12,0.0,Lower evaluator score / weaker planning,2.5,True,1.0986122886681096,6546.0,0.0,clean_source_or_test_changed_lines
TEAM_01,2026.1,-11,0.0,Lower evaluator score / weaker planning,2.5,True,1.0986122886681096,6546.0,0.0,clean_source_or_test_changed_lines
TEAM_01,2026.1,-10,0.0,Lower evaluator score / weaker planning,2.5,True,1.0986122886681096,6546.0,0.0,clean_source_or_test_changed_lines
TEAM_01,2026.1,-9,0.0,Lower evaluator score / weaker planning,2.5,True,1.0986122886681096,6546.0,0.0,clean_source_or_test_changed_lines
TEAM_01,2026.1,-8,0.0,Lower evaluator score / weaker planning,2.5,True,1.0986122886681096,6546.0,0.0,clean_source_or_test_changed_lines
TEAM_01,2026.1,-7,0.0,Lower evaluator score / weaker planning,2.5,True,1.0986122886681096,6546.0,0.0,clean_source_or_test_changed_lines
TEAM_01,2026.1,-6,0.0,Lower evaluator score / weaker planning,2.5,True,1.0986122886681096,6546.0,0.0,clean_source_or_test_changed_lines
TEAM_01,2026.1,-5,0.0,Lower evaluator score / weaker planning,2.5,True,1.0986122886681096,6546.0,0.0,clean_source_or_test_changed_lines
TEAM_01,2026.1,-4,0.0,Lower evaluator score / weaker planning,2.5,True,1.0986122886681096,6546.0,0.0,clean_source_or_test_changed_lines
TEAM_01,2026.1,-3,0.0,Lower evaluator score / weaker planning,2.5,True,1.0986122886681096,6546.0,0.0,clean_source_or_test_changed_lines
TEAM_01,2026.1,-2,0.0,Lower evaluator score / weaker planning,2.5,True,1.0986122886681096,6546.0,0.0,clean_source_or_test_changed_lines
TEAM_01,2026.1,-1,0.0,Lower evaluator score / weaker planning,2.5,True,1.0986122886681096,6546.0,0.0,clean_source_or_test_changed_lines
TEAM_01,2026.1,0,6546.0,Lower evaluator score / weaker planning,2.5,True,1.0986122886681096,6546.0,100.0,clean_source_or_test_changed_lines
TEAM_02,2025.2,-110,0.0,Lower evaluator score / weaker planning,1.75,False,0.0,24656.0,0.0,clean_source_or_test_changed_lines
TEAM_02,2025.2,-109,0.0,Lower evaluator score / weaker planning,1.75,False,0.0,24656.0,0.0,clean_source_or_test_changed_lines
TEAM_02,2025.2,-108,0.0,Lower evaluator score / weaker planning,1.75,False,0.0,24656.0,0.0,clean_source_or_test_changed_lines
TEAM_02,2025.2,-107,0.0,Lower evaluator score / weaker planning,1.75,False,0.0,24656.0,0.0,clean_source_or_test_changed_lines
TEAM_02,2025.2,-106,0.0,Lower evaluator score / weaker planning,1.75,False,0.0,24656.0,0.0,clean_source_or_test_changed_lines
TEAM_02,2025.2,-105,0.0,Lower evaluator score / weaker planning,1.75,False,0.0,24656.0,0.0,clean_source_or_test_changed_lines
TEAM_02,2025.2,-104,0.0,Lower evaluator score / weaker planning,1.75,False,0.0,24656.0,0.0,clean_source_or_test_changed_lines
TEAM_02,2025.2,-103,0.0,Lower evaluator score / weaker planning,1.75,False,0.0,24656.0,0.0,clean_source_or_test_changed_lines
TEAM_02,2025.2,-102,0.0,Lower evaluator score / weaker planning,1.75,False,0.0,24656.0,0.0,clean_source_or_test_changed_lines
TEAM_02,2025.2,-101,0.0,Lower evaluator score / weaker planning,1.75,False,0.0,24656.0,0.0,clean_source_or_test_changed_lines
TEAM_02,2025.2,-100,0.0,Lower evaluator score / weaker planning,1.75,False,0.0,24656.0,0.0,clean_source_or_test_changed_lines
TEAM_02,2025.2,-99,0.0,Lower evaluator score / weaker planning,1.75,False,0.0,24656.0,0.0,clean_source_or_test_changed_lines
TEAM_02,2025.2,-98,0.0,Lower evaluator score / weaker planning,1.75,False,0.0,24656.0,0.0,clean_source_or_test_changed_lines
TEAM_02,2025.2,-97,0.0,Lower evaluator score / weaker planning,1.75,False,0.0,24656.0,0.0,clean_source_or_test_changed_lines
TEAM_02,2025.2,-96,0.0,Lower evaluator score / weaker planning,1.75,False,0.0,24656.0,0.0,clean_source_or_test_changed_lines
TEAM_02,2025.2,-95,0.0,Lower evaluator score / weaker planning,1.75,False,0.0,24656.0,0.0,clean_source_or_test_changed_lines
TEAM_02,2025.2,-94,0.0,Lower evaluator score / weaker planning,1.75,False,0.0,24656.0,0.0,clean_source_or_test_changed_lines
TEAM_02,2025.2,-93,0.0,Lower evaluator score / weaker planning,1.75,False,0.0,24656.0,0.0,clean_source_or_test_changed_lines
TEAM_02,2025.2,-92,0.0,Lower evaluator score / weaker planning,1.75,False,0.0,24656.0,0.0,clean_source_or_test_changed_lines
TEAM_02,2025.2,-91,0.0,Lower evaluator score / weaker planning,1.75,False,0.0,24656.0,0.0,clean_source_or_test_changed_lines
TEAM_02,2025.2,-90,0.0,Lower evaluator score / weaker planning,1.75,False,0.0,24656.0,0.0,clean_source_or_test_changed_lines
TEAM_02,2025.2,-89,0.0,Lower evaluator score / weaker planning,1.75,False,0.0,24656.0,0.0,clean_source_or_test_changed_lines
TEAM_02,2025.2,-88,0.0,Lower evaluator score / weaker planning,1.75,False,0.0,24656.0,0.0,clean_source_or_test_changed_lines
TEAM_02,2025.2,-87,0.0,Lower evaluator score / weaker planning,1.75,False,0.0,24656.0,0.0,clean_source_or_test_changed_lines
TEAM_02,2025.2,-86,0.0,Lower evaluator score / weaker planning,1.75,False,0.0,24656.0,0.0,clean_source_or_test_changed_lines
TEAM_02,2025.2,-85,0.0,Lower evaluator score / weaker planning,1.75,False,0.0,24656.0,0.0,clean_source_or_test_changed_lines
TEAM_02,2025.2,-84,0.0,Lower evaluator score / weaker planning,1.75,False,0.0,24656.0,0.0,clean_source_or_test_changed_lines
TEAM_02,2025.2,-83,0.0,Lower evaluator score / weaker planning,1.75,False,0.0,24656.0,0.0,clean_source_or_test_changed_lines
TEAM_02,2025.2,-82,0.0,Lower evaluator score / weaker planning,1.75,False,0.0,24656.0,0.0,clean_source_or_test_changed_lines
TEAM_02,2025.2,-81,0.0,Lower evaluator score / weaker planning,1.75,False,0.0,24656.0,0.0,clean_source_or_test_changed_lines
TEAM_02,2025.2,-80,0.0,Lower evaluator score / weaker planning,1.75,False,0.0,24656.0,0.0,clean_source_or_test_changed_lines
TEAM_02,2025.2,-79,0.0,Lower evaluator score / weaker planning,1.75,False,0.0,24656.0,0.0,clean_source_or_test_changed_lines
TEAM_02,2025.2,-78,0.0,Lower evaluator score / weaker planning,1.75,False,0.0,24656.0,0.0,clean_source_or_test_changed_lines
TEAM_02,2025.2,-77,0.0,Lower evaluator score / weaker planning,1.75,False,0.0,24656.0,0.0,clean_source_or_test_changed_lines
TEAM_02,2025.2,-76,0.0,Lower evaluator score / weaker planning,1.75,False,0.0,24656.0,0.0,clean_source_or_test_changed_lines
TEAM_02,2025.2,-75,0.0,Lower evaluator score / weaker planning,1.75,False,0.0,24656.0,0.0,clean_source_or_test_changed_lines
TEAM_02,2025.2,-74,0.0,Lower evaluator score / weaker planning,1.75,False,0.0,24656.0,0.0,clean_source_or_test_changed_lines
TEAM_02,2025.2,-73,0.0,Lower evaluator score / weaker planning,1.75,False,0.0,24656.0,0.0,clean_source_or_test_changed_lines
TEAM_02,2025.2,-72,0.0,Lower evaluator score / weaker planning,1.75,False,0.0,24656.0,0.0,clean_source_or_test_changed_lines
TEAM_02,2025.2,-71,0.0,Lower evaluator score / weaker planning,1.75,False,0.0,24656.0,0.0,clean_source_or_test_changed_lines
TEAM_02,2025.2,-70,0.0,Lower evaluator score / weaker planning,1.75,False,0.0,24656.0,0.0,clean_source_or_test_changed_lines
TEAM_02,2025.2,-69,0.0,Lower evaluator score / weaker planning,1.75,False,0.0,24656.0,0.0,clean_source_or_test_changed_lines
TEAM_02,2025.2,-68,0.0,Lower evaluator score / weaker planning,1.75,False,0.0,24656.0,0.0,clean_source_or_test_changed_lines
TEAM_02,2025.2,-67,0.0,Lower evaluator score / weaker planning,1.75,False,0.0,24656.0,0.0,clean_source_or_test_changed_lines
TEAM_02,2025.2,-66,0.0,Lower evaluator score / weaker planning,1.75,False,0.0,24656.0,0.0,clean_source_or_test_changed_lines
TEAM_02,2025.2,-65,0.0,Lower evaluator score / weaker planning,1.75,False,0.0,24656.0,0.0,clean_source_or_test_changed_lines
TEAM_02,2025.2,-64,0.0,Lower evaluator score / weaker planning,1.75,False,0.0,24656.0,0.0,clean_source_or_test_changed_lines
TEAM_02,2025.2,-63,0.0,Lower evaluator score / weaker planning,1.75,False,0.0,24656.0,0.0,clean_source_or_test_changed_lines
TEAM_02,2025.2,-62,0.0,Lower evaluator score / weaker planning,1.75,False,0.0,24656.0,0.0,clean_source_or_test_changed_lines
TEAM_02,2025.2,-61,0.0,Lower evaluator score / weaker planning,1.75,False,0.0,24656.0,0.0,clean_source_or_test_changed_lines
TEAM_02,2025.2,-60,0.0,Lower evaluator score / weaker planning,1.75,False,0.0,24656.0,0.0,clean_source_or_test_changed_lines
TEAM_02,2025.2,-59,0.0,Lower evaluator score / weaker planning,1.75,False,0.0,24656.0,0.0,clean_source_or_test_changed_lines
TEAM_02,2025.2,-58,0.0,Lower evaluator score / weaker planning,1.75,False,0.0,24656.0,0.0,clean_source_or_test_changed_lines
TEAM_02,2025.2,-57,0.0,Lower evaluator score / weaker planning,1.75,False,0.0,24656.0,0.0,clean_source_or_test_changed_lines
TEAM_02,2025.2,-56,0.0,Lower evaluator score / weaker planning,1.75,False,0.0,24656.0,0.0,clean_source_or_test_changed_lines
TEAM_02,2025.2,-55,0.0,Lower evaluator score / weaker planning,1.75,False,0.0,24656.0,0.0,clean_source_or_test_changed_lines
TEAM_02,2025.2,-54,0.0,Lower evaluator score / weaker planning,1.75,False,0.0,24656.0,0.0,clean_source_or_test_changed_lines
TEAM_02,2025.2,-53,0.0,Lower evaluator score / weaker planning,1.75,False,0.0,24656.0,0.0,clean_source_or_test_changed_lines
TEAM_02,2025.2,-52,0.0,Lower evaluator score / weaker planning,1.75,False,0.0,24656.0,0.0,clean_source_or_test_changed_lines
TEAM_02,2025.2,-51,0.0,Lower evaluator score / weaker planning,1.75,False,0.0,24656.0,0.0,clean_source_or_test_changed_lines
TEAM_02,2025.2,-50,0.0,Lower evaluator score / weaker planning,1.75,False,0.0,24656.0,0.0,clean_source_or_test_changed_lines
TEAM_02,2025.2,-49,0.0,Lower evaluator score / weaker planning,1.75,False,0.0,24656.0,0.0,clean_source_or_test_changed_lines
TEAM_02,2025.2,-48,0.0,Lower evaluator score / weaker planning,1.75,False,0.0,24656.0,0.0,clean_source_or_test_changed_lines
TEAM_02,2025.2,-47,0.0,Lower evaluator score / weaker planning,1.75,False,0.0,24656.0,0.0,clean_source_or_test_changed_lines
TEAM_02,2025.2,-46,0.0,Lower evaluator score / weaker planning,1.75,False,0.0,24656.0,0.0,clean_source_or_test_changed_lines
TEAM_02,2025.2,-45,0.0,Lower evaluator score / weaker planning,1.75,False,0.0,24656.0,0.0,clean_source_or_test_changed_lines
TEAM_02,2025.2,-44,0.0,Lower evaluator score / weaker planning,1.75,False,0.0,24656.0,0.0,clean_source_or_test_changed_lines
TEAM_02,2025.2,-43,0.0,Lower evaluator score / weaker planning,1.75,False,0.0,24656.0,0.0,clean_source_or_test_changed_lines
TEAM_02,2025.2,-42,0.0,Lower evaluator score / weaker planning,1.75,False,0.0,24656.0,0.0,clean_source_or_test_changed_lines
TEAM_02,2025.2,-41,0.0,Lower evaluator score / weaker planning,1.75,False,0.0,24656.0,0.0,clean_source_or_test_changed_lines
TEAM_02,2025.2,-40,0.0,Lower evaluator score / weaker planning,1.75,False,0.0,24656.0,0.0,clean_source_or_test_changed_lines
TEAM_02,2025.2,-39,23.0,Lower evaluator score / weaker planning,1.75,False,0.0,24656.0,0.09328358208955224,clean_source_or_test_changed_lines
TEAM_02,2025.2,-38,23.0,Lower evaluator score / weaker planning,1.75,False,0.0,24656.0,0.09328358208955224,clean_source_or_test_changed_lines
TEAM_02,2025.2,-37,23.0,Lower evaluator score / weaker planning,1.75,False,0.0,24656.0,0.09328358208955224,clean_source_or_test_changed_lines
TEAM_02,2025.2,-36,36.0,Lower evaluator score / weaker planning,1.75,False,0.0,24656.0,0.14600908500973395,clean_source_or_test_changed_lines
TEAM_02,2025.2,-35,89.0,Lower evaluator score / weaker planning,1.75,False,0.0,24656.0,0.3609669046073978,clean_source_or_test_changed_lines
TEAM_02,2025.2,-34,136.0,Lower evaluator score / weaker planning,1.75,False,0.0,24656.0,0.5515898767034393,clean_source_or_test_changed_lines
TEAM_02,2025.2,-33,331.0,Lower evaluator score / weaker planning,1.75,False,0.0,24656.0,1.3424724205061649,clean_source_or_test_changed_lines
TEAM_02,2025.2,-32,308.0,Lower evaluator score / weaker planning,1.75,False,0.0,24656.0,1.2491888384166125,clean_source_or_test_changed_lines
TEAM_02,2025.2,-31,558.0,Lower evaluator score / weaker planning,1.75,False,0.0,24656.0,2.2631408176508763,clean_source_or_test_changed_lines
TEAM_02,2025.2,-30,685.0,Lower evaluator score / weaker planning,1.75,False,0.0,24656.0,2.778228423101882,clean_source_or_test_changed_lines
TEAM_02,2025.2,-29,812.0,Lower evaluator score / weaker planning,1.75,False,0.0,24656.0,3.2933160285528875,clean_source_or_test_changed_lines
TEAM_02,2025.2,-28,759.0,Lower evaluator score / weaker planning,1.75,False,0.0,24656.0,3.078358208955224,clean_source_or_test_changed_lines
TEAM_02,2025.2,-27,792.0,Lower evaluator score / weaker planning,1.75,False,0.0,24656.0,3.2121998702141465,clean_source_or_test_changed_lines
TEAM_02,2025.2,-26,651.0,Lower evaluator score / weaker planning,1.75,False,0.0,24656.0,2.6403309539260222,clean_source_or_test_changed_lines
TEAM_02,2025.2,-25,651.0,Lower evaluator score / weaker planning,1.75,False,0.0,24656.0,2.6403309539260222,clean_source_or_test_changed_lines
TEAM_02,2025.2,-24,401.0,Lower evaluator score / weaker planning,1.75,False,0.0,24656.0,1.6263789746917585,clean_source_or_test_changed_lines
TEAM_02,2025.2,-23,292.0,Lower evaluator score / weaker planning,1.75,False,0.0,24656.0,1.1842959117456198,clean_source_or_test_changed_lines
TEAM_02,2025.2,-22,686.0,Lower evaluator score / weaker planning,1.75,False,0.0,24656.0,2.782284231018819,clean_source_or_test_changed_lines
TEAM_02,2025.2,-21,2494.0,Lower evaluator score / weaker planning,1.75,False,0.0,24656.0,10.115184944841012,clean_source_or_test_changed_lines
TEAM_02,2025.2,-20,2414.0,Lower evaluator score / weaker planning,1.75,False,0.0,24656.0,9.790720311486048,clean_source_or_test_changed_lines
TEAM_02,2025.2,-19,2360.0,Lower evaluator score / weaker planning,1.75,False,0.0,24656.0,9.571706683971447,clean_source_or_test_changed_lines
TEAM_02,2025.2,-18,2360.0,Lower evaluator score / weaker planning,1.75,False,0.0,24656.0,9.571706683971447,clean_source_or_test_changed_lines
TEAM_02,2025.2,-17,2650.0,Lower evaluator score / weaker planning,1.75,False,0.0,24656.0,10.747890979883193,clean_source_or_test_changed_lines
TEAM_02,2025.2,-16,3430.0,Lower evaluator score / weaker planning,1.75,False,0.0,24656.0,13.911421155094095,clean_source_or_test_changed_lines
TEAM_02,2025.2,-15,3498.0,Lower evaluator score / weaker planning,1.75,False,0.0,24656.0,14.187216093445814,clean_source_or_test_changed_lines
TEAM_02,2025.2,-14,1690.0,Lower evaluator score / weaker planning,1.75,False,0.0,24656.0,6.854315379623621,clean_source_or_test_changed_lines
TEAM_02,2025.2,-13,1814.0,Lower evaluator score / weaker planning,1.75,False,0.0,24656.0,7.357235561323816,clean_source_or_test_changed_lines
TEAM_02,2025.2,-12,1814.0,Lower evaluator score / weaker planning,1.75,False,0.0,24656.0,7.357235561323816,clean_source_or_test_changed_lines
TEAM_02,2025.2,-11,1814.0,Lower evaluator score / weaker planning,1.75,False,0.0,24656.0,7.357235561323816,clean_source_or_test_changed_lines
TEAM_02,2025.2,-10,1524.0,Lower evaluator score / weaker planning,1.75,False,0.0,24656.0,6.18105126541207,clean_source_or_test_changed_lines
TEAM_02,2025.2,-9,1052.0,Lower evaluator score / weaker planning,1.75,False,0.0,24656.0,4.2667099286177805,clean_source_or_test_changed_lines
TEAM_02,2025.2,-8,654.0,Lower evaluator score / weaker planning,1.75,False,0.0,24656.0,2.6524983776768334,clean_source_or_test_changed_lines
TEAM_02,2025.2,-7,1184.0,Lower evaluator score / weaker planning,1.75,False,0.0,24656.0,4.802076573653472,clean_source_or_test_changed_lines
TEAM_02,2025.2,-6,1283.0,Lower evaluator score / weaker planning,1.75,False,0.0,24656.0,5.20360155743024,clean_source_or_test_changed_lines
TEAM_02,2025.2,-5,1283.0,Lower evaluator score / weaker planning,1.75,False,0.0,24656.0,5.20360155743024,clean_source_or_test_changed_lines
TEAM_02,2025.2,-4,2831.0,Lower evaluator score / weaker planning,1.75,False,0.0,24656.0,11.4819922128488,clean_source_or_test_changed_lines
TEAM_02,2025.2,-3,3639.0,Lower evaluator score / weaker planning,1.75,False,0.0,24656.0,14.759085009733939,clean_source_or_test_changed_lines
TEAM_02,2025.2,-2,4078.0,Lower evaluator score / weaker planning,1.75,False,0.0,24656.0,16.539584685269304,clean_source_or_test_changed_lines
TEAM_02,2025.2,-1,7921.0,Lower evaluator score / weaker planning,1.75,False,0.0,24656.0,32.1260545100584,clean_source_or_test_changed_lines
TEAM_02,2025.2,0,24656.0,Lower evaluator score / weaker planning,1.75,False,0.0,24656.0,100.0,clean_source_or_test_changed_lines
TEAM_02,2026.1,-110,0.0,High evaluator score + good planning,2.4583333333333335,True,4.77912349311153,3986.0,0.0,clean_source_or_test_changed_lines
TEAM_02,2026.1,-109,0.0,High evaluator score + good planning,2.4583333333333335,True,4.77912349311153,3986.0,0.0,clean_source_or_test_changed_lines
TEAM_02,2026.1,-108,0.0,High evaluator score + good planning,2.4583333333333335,True,4.77912349311153,3986.0,0.0,clean_source_or_test_changed_lines
TEAM_02,2026.1,-107,0.0,High evaluator score + good planning,2.4583333333333335,True,4.77912349311153,3986.0,0.0,clean_source_or_test_changed_lines
TEAM_02,2026.1,-106,0.0,High evaluator score + good planning,2.4583333333333335,True,4.77912349311153,3986.0,0.0,clean_source_or_test_changed_lines
TEAM_02,2026.1,-105,0.0,High evaluator score + good planning,2.4583333333333335,True,4.77912349311153,3986.0,0.0,clean_source_or_test_changed_lines
TEAM_02,2026.1,-104,0.0,High evaluator score + good planning,2.4583333333333335,True,4.77912349311153,3986.0,0.0,clean_source_or_test_changed_lines
TEAM_02,2026.1,-103,0.0,High evaluator score + good planning,2.4583333333333335,True,4.77912349311153,3986.0,0.0,clean_source_or_test_changed_lines
TEAM_02,2026.1,-102,0.0,High evaluator score + good planning,2.4583333333333335,True,4.77912349311153,3986.0,0.0,clean_source_or_test_changed_lines
TEAM_02,2026.1,-101,0.0,High evaluator score + good planning,2.4583333333333335,True,4.77912349311153,3986.0,0.0,clean_source_or_test_changed_lines
TEAM_02,2026.1,-100,0.0,High evaluator score + good planning,2.4583333333333335,True,4.77912349311153,3986.0,0.0,clean_source_or_test_changed_lines
TEAM_02,2026.1,-99,0.0,High evaluator score + good planning,2.4583333333333335,True,4.77912349311153,3986.0,0.0,clean_source_or_test_changed_lines
TEAM_02,2026.1,-98,0.0,High evaluator score + good planning,2.4583333333333335,True,4.77912349311153,3986.0,0.0,clean_source_or_test_changed_lines
TEAM_02,2026.1,-97,0.0,High evaluator score + good planning,2.4583333333333335,True,4.77912349311153,3986.0,0.0,clean_source_or_test_changed_lines
TEAM_02,2026.1,-96,0.0,High evaluator score + good planning,2.4583333333333335,True,4.77912349311153,3986.0,0.0,clean_source_or_test_changed_lines
TEAM_02,2026.1,-95,0.0,High evaluator score + good planning,2.4583333333333335,True,4.77912349311153,3986.0,0.0,clean_source_or_test_changed_lines
TEAM_02,2026.1,-94,0.0,High evaluator score + good planning,2.4583333333333335,True,4.77912349311153,3986.0,0.0,clean_source_or_test_changed_lines
TEAM_02,2026.1,-93,0.0,High evaluator score + good planning,2.4583333333333335,True,4.77912349311153,3986.0,0.0,clean_source_or_test_changed_lines
TEAM_02,2026.1,-92,0.0,High evaluator score + good planning,2.4583333333333335,True,4.77912349311153,3986.0,0.0,clean_source_or_test_changed_lines
TEAM_02,2026.1,-91,0.0,High evaluator score + good planning,2.4583333333333335,True,4.77912349311153,3986.0,0.0,clean_source_or_test_changed_lines
TEAM_02,2026.1,-90,0.0,High evaluator score + good planning,2.4583333333333335,True,4.77912349311153,3986.0,0.0,clean_source_or_test_changed_lines
TEAM_02,2026.1,-89,0.0,High evaluator score + good planning,2.4583333333333335,True,4.77912349311153,3986.0,0.0,clean_source_or_test_changed_lines
TEAM_02,2026.1,-88,0.0,High evaluator score + good planning,2.4583333333333335,True,4.77912349311153,3986.0,0.0,clean_source_or_test_changed_lines
TEAM_02,2026.1,-87,0.0,High evaluator score + good planning,2.4583333333333335,True,4.77912349311153,3986.0,0.0,clean_source_or_test_changed_lines
TEAM_02,2026.1,-86,0.0,High evaluator score + good planning,2.4583333333333335,True,4.77912349311153,3986.0,0.0,clean_source_or_test_changed_lines
TEAM_02,2026.1,-85,0.0,High evaluator score + good planning,2.4583333333333335,True,4.77912349311153,3986.0,0.0,clean_source_or_test_changed_lines
TEAM_02,2026.1,-84,693.0,High evaluator score + good planning,2.4583333333333335,True,4.77912349311153,3986.0,17.385850476668338,clean_source_or_test_changed_lines
TEAM_02,2026.1,-83,693.0,High evaluator score + good planning,2.4583333333333335,True,4.77912349311153,3986.0,17.385850476668338,clean_source_or_test_changed_lines
TEAM_02,2026.1,-82,693.0,High evaluator score + good planning,2.4583333333333335,True,4.77912349311153,3986.0,17.385850476668338,clean_source_or_test_changed_lines
TEAM_02,2026.1,-81,693.0,High evaluator score + good planning,2.4583333333333335,True,4.77912349311153,3986.0,17.385850476668338,clean_source_or_test_changed_lines
TEAM_02,2026.1,-80,693.0,High evaluator score + good planning,2.4583333333333335,True,4.77912349311153,3986.0,17.385850476668338,clean_source_or_test_changed_lines
TEAM_02,2026.1,-79,693.0,High evaluator score + good planning,2.4583333333333335,True,4.77912349311153,3986.0,17.385850476668338,clean_source_or_test_changed_lines
TEAM_02,2026.1,-78,693.0,High evaluator score + good planning,2.4583333333333335,True,4.77912349311153,3986.0,17.385850476668338,clean_source_or_test_changed_lines
TEAM_02,2026.1,-77,0.0,High evaluator score + good planning,2.4583333333333335,True,4.77912349311153,3986.0,0.0,clean_source_or_test_changed_lines
TEAM_02,2026.1,-76,0.0,High evaluator score + good planning,2.4583333333333335,True,4.77912349311153,3986.0,0.0,clean_source_or_test_changed_lines
TEAM_02,2026.1,-75,0.0,High evaluator score + good planning,2.4583333333333335,True,4.77912349311153,3986.0,0.0,clean_source_or_test_changed_lines
TEAM_02,2026.1,-74,0.0,High evaluator score + good planning,2.4583333333333335,True,4.77912349311153,3986.0,0.0,clean_source_or_test_changed_lines
TEAM_02,2026.1,-73,0.0,High evaluator score + good planning,2.4583333333333335,True,4.77912349311153,3986.0,0.0,clean_source_or_test_changed_lines
TEAM_02,2026.1,-72,0.0,High evaluator score + good planning,2.4583333333333335,True,4.77912349311153,3986.0,0.0,clean_source_or_test_changed_lines
TEAM_02,2026.1,-71,647.0,High evaluator score + good planning,2.4583333333333335,True,4.77912349311153,3986.0,16.23181133968891,clean_source_or_test_changed_lines
TEAM_02,2026.1,-70,647.0,High evaluator score + good planning,2.4583333333333335,True,4.77912349311153,3986.0,16.23181133968891,clean_source_or_test_changed_lines
TEAM_02,2026.1,-69,647.0,High evaluator score + good planning,2.4583333333333335,True,4.77912349311153,3986.0,16.23181133968891,clean_source_or_test_changed_lines
TEAM_02,2026.1,-68,647.0,High evaluator score + good planning,2.4583333333333335,True,4.77912349311153,3986.0,16.23181133968891,clean_source_or_test_changed_lines
TEAM_02,2026.1,-67,647.0,High evaluator score + good planning,2.4583333333333335,True,4.77912349311153,3986.0,16.23181133968891,clean_source_or_test_changed_lines
TEAM_02,2026.1,-66,647.0,High evaluator score + good planning,2.4583333333333335,True,4.77912349311153,3986.0,16.23181133968891,clean_source_or_test_changed_lines
TEAM_02,2026.1,-65,647.0,High evaluator score + good planning,2.4583333333333335,True,4.77912349311153,3986.0,16.23181133968891,clean_source_or_test_changed_lines
TEAM_02,2026.1,-64,0.0,High evaluator score + good planning,2.4583333333333335,True,4.77912349311153,3986.0,0.0,clean_source_or_test_changed_lines
TEAM_02,2026.1,-63,0.0,High evaluator score + good planning,2.4583333333333335,True,4.77912349311153,3986.0,0.0,clean_source_or_test_changed_lines
TEAM_02,2026.1,-62,0.0,High evaluator score + good planning,2.4583333333333335,True,4.77912349311153,3986.0,0.0,clean_source_or_test_changed_lines
TEAM_02,2026.1,-61,0.0,High evaluator score + good planning,2.4583333333333335,True,4.77912349311153,3986.0,0.0,clean_source_or_test_changed_lines
TEAM_02,2026.1,-60,0.0,High evaluator score + good planning,2.4583333333333335,True,4.77912349311153,3986.0,0.0,clean_source_or_test_changed_lines
TEAM_02,2026.1,-59,0.0,High evaluator score + good planning,2.4583333333333335,True,4.77912349311153,3986.0,0.0,clean_source_or_test_changed_lines
TEAM_02,2026.1,-58,0.0,High evaluator score + good planning,2.4583333333333335,True,4.77912349311153,3986.0,0.0,clean_source_or_test_changed_lines
TEAM_02,2026.1,-57,0.0,High evaluator score + good planning,2.4583333333333335,True,4.77912349311153,3986.0,0.0,clean_source_or_test_changed_lines
TEAM_02,2026.1,-56,0.0,High evaluator score + good planning,2.4583333333333335,True,4.77912349311153,3986.0,0.0,clean_source_or_test_changed_lines
TEAM_02,2026.1,-55,0.0,High evaluator score + good planning,2.4583333333333335,True,4.77912349311153,3986.0,0.0,clean_source_or_test_changed_lines
TEAM_02,2026.1,-54,0.0,High evaluator score + good planning,2.4583333333333335,True,4.77912349311153,3986.0,0.0,clean_source_or_test_changed_lines
TEAM_02,2026.1,-53,0.0,High evaluator score + good planning,2.4583333333333335,True,4.77912349311153,3986.0,0.0,clean_source_or_test_changed_lines
TEAM_02,2026.1,-52,0.0,High evaluator score + good planning,2.4583333333333335,True,4.77912349311153,3986.0,0.0,clean_source_or_test_changed_lines
TEAM_02,2026.1,-51,0.0,High evaluator score + good planning,2.4583333333333335,True,4.77912349311153,3986.0,0.0,clean_source_or_test_changed_lines
TEAM_02,2026.1,-50,0.0,High evaluator score + good planning,2.4583333333333335,True,4.77912349311153,3986.0,0.0,clean_source_or_test_changed_lines
TEAM_02,2026.1,-49,0.0,High evaluator score + good planning,2.4583333333333335,True,4.77912349311153,3986.0,0.0,clean_source_or_test_changed_lines
TEAM_02,2026.1,-48,0.0,High evaluator score + good planning,2.4583333333333335,True,4.77912349311153,3986.0,0.0,clean_source_or_test_changed_lines
TEAM_02,2026.1,-47,0.0,High evaluator score + good planning,2.4583333333333335,True,4.77912349311153,3986.0,0.0,clean_source_or_test_changed_lines
TEAM_02,2026.1,-46,0.0,High evaluator score + good planning,2.4583333333333335,True,4.77912349311153,3986.0,0.0,clean_source_or_test_changed_lines
TEAM_02,2026.1,-45,0.0,High evaluator score + good planning,2.4583333333333335,True,4.77912349311153,3986.0,0.0,clean_source_or_test_changed_lines
TEAM_02,2026.1,-44,0.0,High evaluator score + good planning,2.4583333333333335,True,4.77912349311153,3986.0,0.0,clean_source_or_test_changed_lines
TEAM_02,2026.1,-43,0.0,High evaluator score + good planning,2.4583333333333335,True,4.77912349311153,3986.0,0.0,clean_source_or_test_changed_lines
TEAM_02,2026.1,-42,792.0,High evaluator score + good planning,2.4583333333333335,True,4.77912349311153,3986.0,19.86954340190667,clean_source_or_test_changed_lines
TEAM_02,2026.1,-41,792.0,High evaluator score + good planning,2.4583333333333335,True,4.77912349311153,3986.0,19.86954340190667,clean_source_or_test_changed_lines
TEAM_02,2026.1,-40,961.0,High evaluator score + good planning,2.4583333333333335,True,4.77912349311153,3986.0,24.10938283993979,clean_source_or_test_changed_lines
TEAM_02,2026.1,-39,961.0,High evaluator score + good planning,2.4583333333333335,True,4.77912349311153,3986.0,24.10938283993979,clean_source_or_test_changed_lines
TEAM_02,2026.1,-38,961.0,High evaluator score + good planning,2.4583333333333335,True,4.77912349311153,3986.0,24.10938283993979,clean_source_or_test_changed_lines
TEAM_02,2026.1,-37,961.0,High evaluator score + good planning,2.4583333333333335,True,4.77912349311153,3986.0,24.10938283993979,clean_source_or_test_changed_lines
TEAM_02,2026.1,-36,961.0,High evaluator score + good planning,2.4583333333333335,True,4.77912349311153,3986.0,24.10938283993979,clean_source_or_test_changed_lines
TEAM_02,2026.1,-35,169.0,High evaluator score + good planning,2.4583333333333335,True,4.77912349311153,3986.0,4.2398394380331155,clean_source_or_test_changed_lines
TEAM_02,2026.1,-34,1644.0,High evaluator score + good planning,2.4583333333333335,True,4.77912349311153,3986.0,41.244355243351734,clean_source_or_test_changed_lines
TEAM_02,2026.1,-33,1475.0,High evaluator score + good planning,2.4583333333333335,True,4.77912349311153,3986.0,37.00451580531862,clean_source_or_test_changed_lines
TEAM_02,2026.1,-32,1475.0,High evaluator score + good planning,2.4583333333333335,True,4.77912349311153,3986.0,37.00451580531862,clean_source_or_test_changed_lines
TEAM_02,2026.1,-31,1910.0,High evaluator score + good planning,2.4583333333333335,True,4.77912349311153,3986.0,47.9177119919719,clean_source_or_test_changed_lines
TEAM_02,2026.1,-30,1910.0,High evaluator score + good planning,2.4583333333333335,True,4.77912349311153,3986.0,47.9177119919719,clean_source_or_test_changed_lines
TEAM_02,2026.1,-29,2036.0,High evaluator score + good planning,2.4583333333333335,True,4.77912349311153,3986.0,51.07877571500251,clean_source_or_test_changed_lines
TEAM_02,2026.1,-28,2701.0,High evaluator score + good planning,2.4583333333333335,True,4.77912349311153,3986.0,67.76216758655293,clean_source_or_test_changed_lines
TEAM_02,2026.1,-27,1226.0,High evaluator score + good planning,2.4583333333333335,True,4.77912349311153,3986.0,30.75765178123432,clean_source_or_test_changed_lines
TEAM_02,2026.1,-26,1226.0,High evaluator score + good planning,2.4583333333333335,True,4.77912349311153,3986.0,30.75765178123432,clean_source_or_test_changed_lines
TEAM_02,2026.1,-25,1226.0,High evaluator score + good planning,2.4583333333333335,True,4.77912349311153,3986.0,30.75765178123432,clean_source_or_test_changed_lines
TEAM_02,2026.1,-24,791.0,High evaluator score + good planning,2.4583333333333335,True,4.77912349311153,3986.0,19.844455594581035,clean_source_or_test_changed_lines
TEAM_02,2026.1,-23,2597.0,High evaluator score + good planning,2.4583333333333335,True,4.77912349311153,3986.0,65.1530356246864,clean_source_or_test_changed_lines
TEAM_02,2026.1,-22,2473.0,High evaluator score + good planning,2.4583333333333335,True,4.77912349311153,3986.0,62.042147516307075,clean_source_or_test_changed_lines
TEAM_02,2026.1,-21,1862.0,High evaluator score + good planning,2.4583333333333335,True,4.77912349311153,3986.0,46.71349724034119,clean_source_or_test_changed_lines
TEAM_02,2026.1,-20,1938.0,High evaluator score + good planning,2.4583333333333335,True,4.77912349311153,3986.0,48.62017059708982,clean_source_or_test_changed_lines
TEAM_02,2026.1,-19,3924.0,High evaluator score + good planning,2.4583333333333335,True,4.77912349311153,3986.0,98.44455594581034,clean_source_or_test_changed_lines
TEAM_02,2026.1,-18,3986.0,High evaluator score + good planning,2.4583333333333335,True,4.77912349311153,3986.0,100.0,clean_source_or_test_changed_lines
TEAM_02,2026.1,-17,3986.0,High evaluator score + good planning,2.4583333333333335,True,4.77912349311153,3986.0,100.0,clean_source_or_test_changed_lines
TEAM_02,2026.1,-16,2180.0,High evaluator score + good planning,2.4583333333333335,True,4.77912349311153,3986.0,54.69141996989463,clean_source_or_test_changed_lines
TEAM_02,2026.1,-15,2178.0,High evaluator score + good planning,2.4583333333333335,True,4.77912349311153,3986.0,54.64124435524335,clean_source_or_test_changed_lines
TEAM_02,2026.1,-14,2124.0,High evaluator score + good planning,2.4583333333333335,True,4.77912349311153,3986.0,53.28650275965881,clean_source_or_test_changed_lines
TEAM_02,2026.1,-13,2577.0,High evaluator score + good planning,2.4583333333333335,True,4.77912349311153,3986.0,64.6512794781736,clean_source_or_test_changed_lines
TEAM_02,2026.1,-12,591.0,High evaluator score + good planning,2.4583333333333335,True,4.77912349311153,3986.0,14.826894129453086,clean_source_or_test_changed_lines
TEAM_02,2026.1,-11,529.0,High evaluator score + good planning,2.4583333333333335,True,4.77912349311153,3986.0,13.271450075263422,clean_source_or_test_changed_lines
TEAM_02,2026.1,-10,529.0,High evaluator score + good planning,2.4583333333333335,True,4.77912349311153,3986.0,13.271450075263422,clean_source_or_test_changed_lines
TEAM_02,2026.1,-9,529.0,High evaluator score + good planning,2.4583333333333335,True,4.77912349311153,3986.0,13.271450075263422,clean_source_or_test_changed_lines
TEAM_02,2026.1,-8,529.0,High evaluator score + good planning,2.4583333333333335,True,4.77912349311153,3986.0,13.271450075263422,clean_source_or_test_changed_lines
TEAM_02,2026.1,-7,529.0,High evaluator score + good planning,2.4583333333333335,True,4.77912349311153,3986.0,13.271450075263422,clean_source_or_test_changed_lines
TEAM_02,2026.1,-6,0.0,High evaluator score + good planning,2.4583333333333335,True,4.77912349311153,3986.0,0.0,clean_source_or_test_changed_lines
TEAM_02,2026.1,-5,747.0,High evaluator score + good planning,2.4583333333333335,True,4.77912349311153,3986.0,18.740592072252884,clean_source_or_test_changed_lines
TEAM_02,2026.1,-4,747.0,High evaluator score + good planning,2.4583333333333335,True,4.77912349311153,3986.0,18.740592072252884,clean_source_or_test_changed_lines
TEAM_02,2026.1,-3,747.0,High evaluator score + good planning,2.4583333333333335,True,4.77912349311153,3986.0,18.740592072252884,clean_source_or_test_changed_lines
TEAM_02,2026.1,-2,799.0,High evaluator score + good planning,2.4583333333333335,True,4.77912349311153,3986.0,20.045158053186153,clean_source_or_test_changed_lines
TEAM_02,2026.1,-1,1639.0,High evaluator score + good planning,2.4583333333333335,True,4.77912349311153,3986.0,41.11891620672353,clean_source_or_test_changed_lines
TEAM_02,2026.1,0,3038.0,High evaluator score + good planning,2.4583333333333335,True,4.77912349311153,3986.0,76.21675865529353,clean_source_or_test_changed_lines
TEAM_03,2025.2,-110,0.0,Lower evaluator score / weaker planning,2.40625,False,0.0,15186.0,0.0,clean_source_or_test_changed_lines
TEAM_03,2025.2,-109,0.0,Lower evaluator score / weaker planning,2.40625,False,0.0,15186.0,0.0,clean_source_or_test_changed_lines
TEAM_03,2025.2,-108,0.0,Lower evaluator score / weaker planning,2.40625,False,0.0,15186.0,0.0,clean_source_or_test_changed_lines
TEAM_03,2025.2,-107,0.0,Lower evaluator score / weaker planning,2.40625,False,0.0,15186.0,0.0,clean_source_or_test_changed_lines
TEAM_03,2025.2,-106,0.0,Lower evaluator score / weaker planning,2.40625,False,0.0,15186.0,0.0,clean_source_or_test_changed_lines
TEAM_03,2025.2,-105,0.0,Lower evaluator score / weaker planning,2.40625,False,0.0,15186.0,0.0,clean_source_or_test_changed_lines
TEAM_03,2025.2,-104,0.0,Lower evaluator score / weaker planning,2.40625,False,0.0,15186.0,0.0,clean_source_or_test_changed_lines
TEAM_03,2025.2,-103,0.0,Lower evaluator score / weaker planning,2.40625,False,0.0,15186.0,0.0,clean_source_or_test_changed_lines
TEAM_03,2025.2,-102,0.0,Lower evaluator score / weaker planning,2.40625,False,0.0,15186.0,0.0,clean_source_or_test_changed_lines
TEAM_03,2025.2,-101,0.0,Lower evaluator score / weaker planning,2.40625,False,0.0,15186.0,0.0,clean_source_or_test_changed_lines
TEAM_03,2025.2,-100,0.0,Lower evaluator score / weaker planning,2.40625,False,0.0,15186.0,0.0,clean_source_or_test_changed_lines
TEAM_03,2025.2,-99,0.0,Lower evaluator score / weaker planning,2.40625,False,0.0,15186.0,0.0,clean_source_or_test_changed_lines
TEAM_03,2025.2,-98,0.0,Lower evaluator score / weaker planning,2.40625,False,0.0,15186.0,0.0,clean_source_or_test_changed_lines
TEAM_03,2025.2,-97,0.0,Lower evaluator score / weaker planning,2.40625,False,0.0,15186.0,0.0,clean_source_or_test_changed_lines
TEAM_03,2025.2,-96,0.0,Lower evaluator score / weaker planning,2.40625,False,0.0,15186.0,0.0,clean_source_or_test_changed_lines
TEAM_03,2025.2,-95,0.0,Lower evaluator score / weaker planning,2.40625,False,0.0,15186.0,0.0,clean_source_or_test_changed_lines
TEAM_03,2025.2,-94,0.0,Lower evaluator score / weaker planning,2.40625,False,0.0,15186.0,0.0,clean_source_or_test_changed_lines
TEAM_03,2025.2,-93,0.0,Lower evaluator score / weaker planning,2.40625,False,0.0,15186.0,0.0,clean_source_or_test_changed_lines
TEAM_03,2025.2,-92,0.0,Lower evaluator score / weaker planning,2.40625,False,0.0,15186.0,0.0,clean_source_or_test_changed_lines
TEAM_03,2025.2,-91,0.0,Lower evaluator score / weaker planning,2.40625,False,0.0,15186.0,0.0,clean_source_or_test_changed_lines
TEAM_03,2025.2,-90,0.0,Lower evaluator score / weaker planning,2.40625,False,0.0,15186.0,0.0,clean_source_or_test_changed_lines
TEAM_03,2025.2,-89,0.0,Lower evaluator score / weaker planning,2.40625,False,0.0,15186.0,0.0,clean_source_or_test_changed_lines
TEAM_03,2025.2,-88,0.0,Lower evaluator score / weaker planning,2.40625,False,0.0,15186.0,0.0,clean_source_or_test_changed_lines
TEAM_03,2025.2,-87,0.0,Lower evaluator score / weaker planning,2.40625,False,0.0,15186.0,0.0,clean_source_or_test_changed_lines
TEAM_03,2025.2,-86,0.0,Lower evaluator score / weaker planning,2.40625,False,0.0,15186.0,0.0,clean_source_or_test_changed_lines
TEAM_03,2025.2,-85,0.0,Lower evaluator score / weaker planning,2.40625,False,0.0,15186.0,0.0,clean_source_or_test_changed_lines
TEAM_03,2025.2,-84,0.0,Lower evaluator score / weaker planning,2.40625,False,0.0,15186.0,0.0,clean_source_or_test_changed_lines
TEAM_03,2025.2,-83,0.0,Lower evaluator score / weaker planning,2.40625,False,0.0,15186.0,0.0,clean_source_or_test_changed_lines
TEAM_03,2025.2,-82,0.0,Lower evaluator score / weaker planning,2.40625,False,0.0,15186.0,0.0,clean_source_or_test_changed_lines
TEAM_03,2025.2,-81,0.0,Lower evaluator score / weaker planning,2.40625,False,0.0,15186.0,0.0,clean_source_or_test_changed_lines
TEAM_03,2025.2,-80,0.0,Lower evaluator score / weaker planning,2.40625,False,0.0,15186.0,0.0,clean_source_or_test_changed_lines
TEAM_03,2025.2,-79,0.0,Lower evaluator score / weaker planning,2.40625,False,0.0,15186.0,0.0,clean_source_or_test_changed_lines
TEAM_03,2025.2,-78,0.0,Lower evaluator score / weaker planning,2.40625,False,0.0,15186.0,0.0,clean_source_or_test_changed_lines
TEAM_03,2025.2,-77,0.0,Lower evaluator score / weaker planning,2.40625,False,0.0,15186.0,0.0,clean_source_or_test_changed_lines
TEAM_03,2025.2,-76,0.0,Lower evaluator score / weaker planning,2.40625,False,0.0,15186.0,0.0,clean_source_or_test_changed_lines
TEAM_03,2025.2,-75,0.0,Lower evaluator score / weaker planning,2.40625,False,0.0,15186.0,0.0,clean_source_or_test_changed_lines
TEAM_03,2025.2,-74,0.0,Lower evaluator score / weaker planning,2.40625,False,0.0,15186.0,0.0,clean_source_or_test_changed_lines
TEAM_03,2025.2,-73,0.0,Lower evaluator score / weaker planning,2.40625,False,0.0,15186.0,0.0,clean_source_or_test_changed_lines
TEAM_03,2025.2,-72,0.0,Lower evaluator score / weaker planning,2.40625,False,0.0,15186.0,0.0,clean_source_or_test_changed_lines
TEAM_03,2025.2,-71,0.0,Lower evaluator score / weaker planning,2.40625,False,0.0,15186.0,0.0,clean_source_or_test_changed_lines
TEAM_03,2025.2,-70,0.0,Lower evaluator score / weaker planning,2.40625,False,0.0,15186.0,0.0,clean_source_or_test_changed_lines
TEAM_03,2025.2,-69,0.0,Lower evaluator score / weaker planning,2.40625,False,0.0,15186.0,0.0,clean_source_or_test_changed_lines
TEAM_03,2025.2,-68,0.0,Lower evaluator score / weaker planning,2.40625,False,0.0,15186.0,0.0,clean_source_or_test_changed_lines
TEAM_03,2025.2,-67,0.0,Lower evaluator score / weaker planning,2.40625,False,0.0,15186.0,0.0,clean_source_or_test_changed_lines
TEAM_03,2025.2,-66,0.0,Lower evaluator score / weaker planning,2.40625,False,0.0,15186.0,0.0,clean_source_or_test_changed_lines
TEAM_03,2025.2,-65,0.0,Lower evaluator score / weaker planning,2.40625,False,0.0,15186.0,0.0,clean_source_or_test_changed_lines
TEAM_03,2025.2,-64,0.0,Lower evaluator score / weaker planning,2.40625,False,0.0,15186.0,0.0,clean_source_or_test_changed_lines
TEAM_03,2025.2,-63,0.0,Lower evaluator score / weaker planning,2.40625,False,0.0,15186.0,0.0,clean_source_or_test_changed_lines
TEAM_03,2025.2,-62,0.0,Lower evaluator score / weaker planning,2.40625,False,0.0,15186.0,0.0,clean_source_or_test_changed_lines
TEAM_03,2025.2,-61,0.0,Lower evaluator score / weaker planning,2.40625,False,0.0,15186.0,0.0,clean_source_or_test_changed_lines
TEAM_03,2025.2,-60,0.0,Lower evaluator score / weaker planning,2.40625,False,0.0,15186.0,0.0,clean_source_or_test_changed_lines
TEAM_03,2025.2,-59,0.0,Lower evaluator score / weaker planning,2.40625,False,0.0,15186.0,0.0,clean_source_or_test_changed_lines
TEAM_03,2025.2,-58,0.0,Lower evaluator score / weaker planning,2.40625,False,0.0,15186.0,0.0,clean_source_or_test_changed_lines
TEAM_03,2025.2,-57,0.0,Lower evaluator score / weaker planning,2.40625,False,0.0,15186.0,0.0,clean_source_or_test_changed_lines
TEAM_03,2025.2,-56,0.0,Lower evaluator score / weaker planning,2.40625,False,0.0,15186.0,0.0,clean_source_or_test_changed_lines
TEAM_03,2025.2,-55,0.0,Lower evaluator score / weaker planning,2.40625,False,0.0,15186.0,0.0,clean_source_or_test_changed_lines
TEAM_03,2025.2,-54,0.0,Lower evaluator score / weaker planning,2.40625,False,0.0,15186.0,0.0,clean_source_or_test_changed_lines
TEAM_03,2025.2,-53,0.0,Lower evaluator score / weaker planning,2.40625,False,0.0,15186.0,0.0,clean_source_or_test_changed_lines
TEAM_03,2025.2,-52,0.0,Lower evaluator score / weaker planning,2.40625,False,0.0,15186.0,0.0,clean_source_or_test_changed_lines
TEAM_03,2025.2,-51,0.0,Lower evaluator score / weaker planning,2.40625,False,0.0,15186.0,0.0,clean_source_or_test_changed_lines
TEAM_03,2025.2,-50,0.0,Lower evaluator score / weaker planning,2.40625,False,0.0,15186.0,0.0,clean_source_or_test_changed_lines
TEAM_03,2025.2,-49,0.0,Lower evaluator score / weaker planning,2.40625,False,0.0,15186.0,0.0,clean_source_or_test_changed_lines
TEAM_03,2025.2,-48,0.0,Lower evaluator score / weaker planning,2.40625,False,0.0,15186.0,0.0,clean_source_or_test_changed_lines
TEAM_03,2025.2,-47,0.0,Lower evaluator score / weaker planning,2.40625,False,0.0,15186.0,0.0,clean_source_or_test_changed_lines
TEAM_03,2025.2,-46,0.0,Lower evaluator score / weaker planning,2.40625,False,0.0,15186.0,0.0,clean_source_or_test_changed_lines
TEAM_03,2025.2,-45,0.0,Lower evaluator score / weaker planning,2.40625,False,0.0,15186.0,0.0,clean_source_or_test_changed_lines
TEAM_03,2025.2,-44,0.0,Lower evaluator score / weaker planning,2.40625,False,0.0,15186.0,0.0,clean_source_or_test_changed_lines
TEAM_03,2025.2,-43,0.0,Lower evaluator score / weaker planning,2.40625,False,0.0,15186.0,0.0,clean_source_or_test_changed_lines
TEAM_03,2025.2,-42,0.0,Lower evaluator score / weaker planning,2.40625,False,0.0,15186.0,0.0,clean_source_or_test_changed_lines
TEAM_03,2025.2,-41,0.0,Lower evaluator score / weaker planning,2.40625,False,0.0,15186.0,0.0,clean_source_or_test_changed_lines
TEAM_03,2025.2,-40,0.0,Lower evaluator score / weaker planning,2.40625,False,0.0,15186.0,0.0,clean_source_or_test_changed_lines
TEAM_03,2025.2,-39,0.0,Lower evaluator score / weaker planning,2.40625,False,0.0,15186.0,0.0,clean_source_or_test_changed_lines
TEAM_03,2025.2,-38,0.0,Lower evaluator score / weaker planning,2.40625,False,0.0,15186.0,0.0,clean_source_or_test_changed_lines
TEAM_03,2025.2,-37,0.0,Lower evaluator score / weaker planning,2.40625,False,0.0,15186.0,0.0,clean_source_or_test_changed_lines
TEAM_03,2025.2,-36,0.0,Lower evaluator score / weaker planning,2.40625,False,0.0,15186.0,0.0,clean_source_or_test_changed_lines
TEAM_03,2025.2,-35,0.0,Lower evaluator score / weaker planning,2.40625,False,0.0,15186.0,0.0,clean_source_or_test_changed_lines
TEAM_03,2025.2,-34,0.0,Lower evaluator score / weaker planning,2.40625,False,0.0,15186.0,0.0,clean_source_or_test_changed_lines
TEAM_03,2025.2,-33,0.0,Lower evaluator score / weaker planning,2.40625,False,0.0,15186.0,0.0,clean_source_or_test_changed_lines
TEAM_03,2025.2,-32,0.0,Lower evaluator score / weaker planning,2.40625,False,0.0,15186.0,0.0,clean_source_or_test_changed_lines
TEAM_03,2025.2,-31,0.0,Lower evaluator score / weaker planning,2.40625,False,0.0,15186.0,0.0,clean_source_or_test_changed_lines
TEAM_03,2025.2,-30,0.0,Lower evaluator score / weaker planning,2.40625,False,0.0,15186.0,0.0,clean_source_or_test_changed_lines
TEAM_03,2025.2,-29,0.0,Lower evaluator score / weaker planning,2.40625,False,0.0,15186.0,0.0,clean_source_or_test_changed_lines
TEAM_03,2025.2,-28,0.0,Lower evaluator score / weaker planning,2.40625,False,0.0,15186.0,0.0,clean_source_or_test_changed_lines
TEAM_03,2025.2,-27,0.0,Lower evaluator score / weaker planning,2.40625,False,0.0,15186.0,0.0,clean_source_or_test_changed_lines
TEAM_03,2025.2,-26,0.0,Lower evaluator score / weaker planning,2.40625,False,0.0,15186.0,0.0,clean_source_or_test_changed_lines
TEAM_03,2025.2,-25,0.0,Lower evaluator score / weaker planning,2.40625,False,0.0,15186.0,0.0,clean_source_or_test_changed_lines
TEAM_03,2025.2,-24,0.0,Lower evaluator score / weaker planning,2.40625,False,0.0,15186.0,0.0,clean_source_or_test_changed_lines
TEAM_03,2025.2,-23,0.0,Lower evaluator score / weaker planning,2.40625,False,0.0,15186.0,0.0,clean_source_or_test_changed_lines
TEAM_03,2025.2,-22,0.0,Lower evaluator score / weaker planning,2.40625,False,0.0,15186.0,0.0,clean_source_or_test_changed_lines
TEAM_03,2025.2,-21,0.0,Lower evaluator score / weaker planning,2.40625,False,0.0,15186.0,0.0,clean_source_or_test_changed_lines
TEAM_03,2025.2,-20,0.0,Lower evaluator score / weaker planning,2.40625,False,0.0,15186.0,0.0,clean_source_or_test_changed_lines
TEAM_03,2025.2,-19,0.0,Lower evaluator score / weaker planning,2.40625,False,0.0,15186.0,0.0,clean_source_or_test_changed_lines
TEAM_03,2025.2,-18,0.0,Lower evaluator score / weaker planning,2.40625,False,0.0,15186.0,0.0,clean_source_or_test_changed_lines
TEAM_03,2025.2,-17,0.0,Lower evaluator score / weaker planning,2.40625,False,0.0,15186.0,0.0,clean_source_or_test_changed_lines
TEAM_03,2025.2,-16,0.0,Lower evaluator score / weaker planning,2.40625,False,0.0,15186.0,0.0,clean_source_or_test_changed_lines
TEAM_03,2025.2,-15,0.0,Lower evaluator score / weaker planning,2.40625,False,0.0,15186.0,0.0,clean_source_or_test_changed_lines
TEAM_03,2025.2,-14,0.0,Lower evaluator score / weaker planning,2.40625,False,0.0,15186.0,0.0,clean_source_or_test_changed_lines
TEAM_03,2025.2,-13,0.0,Lower evaluator score / weaker planning,2.40625,False,0.0,15186.0,0.0,clean_source_or_test_changed_lines
TEAM_03,2025.2,-12,0.0,Lower evaluator score / weaker planning,2.40625,False,0.0,15186.0,0.0,clean_source_or_test_changed_lines
TEAM_03,2025.2,-11,0.0,Lower evaluator score / weaker planning,2.40625,False,0.0,15186.0,0.0,clean_source_or_test_changed_lines
TEAM_03,2025.2,-10,0.0,Lower evaluator score / weaker planning,2.40625,False,0.0,15186.0,0.0,clean_source_or_test_changed_lines
TEAM_03,2025.2,-9,0.0,Lower evaluator score / weaker planning,2.40625,False,0.0,15186.0,0.0,clean_source_or_test_changed_lines
TEAM_03,2025.2,-8,0.0,Lower evaluator score / weaker planning,2.40625,False,0.0,15186.0,0.0,clean_source_or_test_changed_lines
TEAM_03,2025.2,-7,0.0,Lower evaluator score / weaker planning,2.40625,False,0.0,15186.0,0.0,clean_source_or_test_changed_lines
TEAM_03,2025.2,-6,0.0,Lower evaluator score / weaker planning,2.40625,False,0.0,15186.0,0.0,clean_source_or_test_changed_lines
TEAM_03,2025.2,-5,0.0,Lower evaluator score / weaker planning,2.40625,False,0.0,15186.0,0.0,clean_source_or_test_changed_lines
TEAM_03,2025.2,-4,0.0,Lower evaluator score / weaker planning,2.40625,False,0.0,15186.0,0.0,clean_source_or_test_changed_lines
TEAM_03,2025.2,-3,0.0,Lower evaluator score / weaker planning,2.40625,False,0.0,15186.0,0.0,clean_source_or_test_changed_lines
TEAM_03,2025.2,-2,0.0,Lower evaluator score / weaker planning,2.40625,False,0.0,15186.0,0.0,clean_source_or_test_changed_lines
TEAM_03,2025.2,-1,0.0,Lower evaluator score / weaker planning,2.40625,False,0.0,15186.0,0.0,clean_source_or_test_changed_lines
TEAM_03,2025.2,0,15186.0,Lower evaluator score / weaker planning,2.40625,False,0.0,15186.0,100.0,clean_source_or_test_changed_lines
TEAM_03,2026.1,-110,0.0,High evaluator score + good planning,2.416666666666667,True,4.74493212836325,2600.0,0.0,clean_source_or_test_changed_lines
TEAM_03,2026.1,-109,0.0,High evaluator score + good planning,2.416666666666667,True,4.74493212836325,2600.0,0.0,clean_source_or_test_changed_lines
TEAM_03,2026.1,-108,0.0,High evaluator score + good planning,2.416666666666667,True,4.74493212836325,2600.0,0.0,clean_source_or_test_changed_lines
TEAM_03,2026.1,-107,0.0,High evaluator score + good planning,2.416666666666667,True,4.74493212836325,2600.0,0.0,clean_source_or_test_changed_lines
TEAM_03,2026.1,-106,0.0,High evaluator score + good planning,2.416666666666667,True,4.74493212836325,2600.0,0.0,clean_source_or_test_changed_lines
TEAM_03,2026.1,-105,0.0,High evaluator score + good planning,2.416666666666667,True,4.74493212836325,2600.0,0.0,clean_source_or_test_changed_lines
TEAM_03,2026.1,-104,0.0,High evaluator score + good planning,2.416666666666667,True,4.74493212836325,2600.0,0.0,clean_source_or_test_changed_lines
TEAM_03,2026.1,-103,0.0,High evaluator score + good planning,2.416666666666667,True,4.74493212836325,2600.0,0.0,clean_source_or_test_changed_lines
TEAM_03,2026.1,-102,0.0,High evaluator score + good planning,2.416666666666667,True,4.74493212836325,2600.0,0.0,clean_source_or_test_changed_lines
TEAM_03,2026.1,-101,0.0,High evaluator score + good planning,2.416666666666667,True,4.74493212836325,2600.0,0.0,clean_source_or_test_changed_lines
TEAM_03,2026.1,-100,0.0,High evaluator score + good planning,2.416666666666667,True,4.74493212836325,2600.0,0.0,clean_source_or_test_changed_lines
TEAM_03,2026.1,-99,0.0,High evaluator score + good planning,2.416666666666667,True,4.74493212836325,2600.0,0.0,clean_source_or_test_changed_lines
TEAM_03,2026.1,-98,0.0,High evaluator score + good planning,2.416666666666667,True,4.74493212836325,2600.0,0.0,clean_source_or_test_changed_lines
TEAM_03,2026.1,-97,0.0,High evaluator score + good planning,2.416666666666667,True,4.74493212836325,2600.0,0.0,clean_source_or_test_changed_lines
TEAM_03,2026.1,-96,0.0,High evaluator score + good planning,2.416666666666667,True,4.74493212836325,2600.0,0.0,clean_source_or_test_changed_lines
TEAM_03,2026.1,-95,0.0,High evaluator score + good planning,2.416666666666667,True,4.74493212836325,2600.0,0.0,clean_source_or_test_changed_lines
TEAM_03,2026.1,-94,0.0,High evaluator score + good planning,2.416666666666667,True,4.74493212836325,2600.0,0.0,clean_source_or_test_changed_lines
TEAM_03,2026.1,-93,0.0,High evaluator score + good planning,2.416666666666667,True,4.74493212836325,2600.0,0.0,clean_source_or_test_changed_lines
TEAM_03,2026.1,-92,0.0,High evaluator score + good planning,2.416666666666667,True,4.74493212836325,2600.0,0.0,clean_source_or_test_changed_lines
TEAM_03,2026.1,-91,0.0,High evaluator score + good planning,2.416666666666667,True,4.74493212836325,2600.0,0.0,clean_source_or_test_changed_lines
TEAM_03,2026.1,-90,0.0,High evaluator score + good planning,2.416666666666667,True,4.74493212836325,2600.0,0.0,clean_source_or_test_changed_lines
TEAM_03,2026.1,-89,0.0,High evaluator score + good planning,2.416666666666667,True,4.74493212836325,2600.0,0.0,clean_source_or_test_changed_lines
TEAM_03,2026.1,-88,0.0,High evaluator score + good planning,2.416666666666667,True,4.74493212836325,2600.0,0.0,clean_source_or_test_changed_lines
TEAM_03,2026.1,-87,0.0,High evaluator score + good planning,2.416666666666667,True,4.74493212836325,2600.0,0.0,clean_source_or_test_changed_lines
TEAM_03,2026.1,-86,31.0,High evaluator score + good planning,2.416666666666667,True,4.74493212836325,2600.0,1.1923076923076923,clean_source_or_test_changed_lines
TEAM_03,2026.1,-85,31.0,High evaluator score + good planning,2.416666666666667,True,4.74493212836325,2600.0,1.1923076923076923,clean_source_or_test_changed_lines
TEAM_03,2026.1,-84,31.0,High evaluator score + good planning,2.416666666666667,True,4.74493212836325,2600.0,1.1923076923076923,clean_source_or_test_changed_lines
TEAM_03,2026.1,-83,31.0,High evaluator score + good planning,2.416666666666667,True,4.74493212836325,2600.0,1.1923076923076923,clean_source_or_test_changed_lines
TEAM_03,2026.1,-82,31.0,High evaluator score + good planning,2.416666666666667,True,4.74493212836325,2600.0,1.1923076923076923,clean_source_or_test_changed_lines
TEAM_03,2026.1,-81,31.0,High evaluator score + good planning,2.416666666666667,True,4.74493212836325,2600.0,1.1923076923076923,clean_source_or_test_changed_lines
TEAM_03,2026.1,-80,31.0,High evaluator score + good planning,2.416666666666667,True,4.74493212836325,2600.0,1.1923076923076923,clean_source_or_test_changed_lines
TEAM_03,2026.1,-79,0.0,High evaluator score + good planning,2.416666666666667,True,4.74493212836325,2600.0,0.0,clean_source_or_test_changed_lines
TEAM_03,2026.1,-78,0.0,High evaluator score + good planning,2.416666666666667,True,4.74493212836325,2600.0,0.0,clean_source_or_test_changed_lines
TEAM_03,2026.1,-77,0.0,High evaluator score + good planning,2.416666666666667,True,4.74493212836325,2600.0,0.0,clean_source_or_test_changed_lines
TEAM_03,2026.1,-76,0.0,High evaluator score + good planning,2.416666666666667,True,4.74493212836325,2600.0,0.0,clean_source_or_test_changed_lines
TEAM_03,2026.1,-75,0.0,High evaluator score + good planning,2.416666666666667,True,4.74493212836325,2600.0,0.0,clean_source_or_test_changed_lines
TEAM_03,2026.1,-74,0.0,High evaluator score + good planning,2.416666666666667,True,4.74493212836325,2600.0,0.0,clean_source_or_test_changed_lines
TEAM_03,2026.1,-73,0.0,High evaluator score + good planning,2.416666666666667,True,4.74493212836325,2600.0,0.0,clean_source_or_test_changed_lines
TEAM_03,2026.1,-72,0.0,High evaluator score + good planning,2.416666666666667,True,4.74493212836325,2600.0,0.0,clean_source_or_test_changed_lines
TEAM_03,2026.1,-71,0.0,High evaluator score + good planning,2.416666666666667,True,4.74493212836325,2600.0,0.0,clean_source_or_test_changed_lines
TEAM_03,2026.1,-70,237.0,High evaluator score + good planning,2.416666666666667,True,4.74493212836325,2600.0,9.115384615384615,clean_source_or_test_changed_lines
TEAM_03,2026.1,-69,557.0,High evaluator score + good planning,2.416666666666667,True,4.74493212836325,2600.0,21.423076923076923,clean_source_or_test_changed_lines
TEAM_03,2026.1,-68,1624.0,High evaluator score + good planning,2.416666666666667,True,4.74493212836325,2600.0,62.46153846153846,clean_source_or_test_changed_lines
TEAM_03,2026.1,-67,1624.0,High evaluator score + good planning,2.416666666666667,True,4.74493212836325,2600.0,62.46153846153846,clean_source_or_test_changed_lines
TEAM_03,2026.1,-66,1624.0,High evaluator score + good planning,2.416666666666667,True,4.74493212836325,2600.0,62.46153846153846,clean_source_or_test_changed_lines
TEAM_03,2026.1,-65,2125.0,High evaluator score + good planning,2.416666666666667,True,4.74493212836325,2600.0,81.73076923076923,clean_source_or_test_changed_lines
TEAM_03,2026.1,-64,2125.0,High evaluator score + good planning,2.416666666666667,True,4.74493212836325,2600.0,81.73076923076923,clean_source_or_test_changed_lines
TEAM_03,2026.1,-63,1888.0,High evaluator score + good planning,2.416666666666667,True,4.74493212836325,2600.0,72.61538461538461,clean_source_or_test_changed_lines
TEAM_03,2026.1,-62,1568.0,High evaluator score + good planning,2.416666666666667,True,4.74493212836325,2600.0,60.30769230769231,clean_source_or_test_changed_lines
TEAM_03,2026.1,-61,501.0,High evaluator score + good planning,2.416666666666667,True,4.74493212836325,2600.0,19.26923076923077,clean_source_or_test_changed_lines
TEAM_03,2026.1,-60,772.0,High evaluator score + good planning,2.416666666666667,True,4.74493212836325,2600.0,29.692307692307693,clean_source_or_test_changed_lines
TEAM_03,2026.1,-59,1489.0,High evaluator score + good planning,2.416666666666667,True,4.74493212836325,2600.0,57.26923076923077,clean_source_or_test_changed_lines
TEAM_03,2026.1,-58,988.0,High evaluator score + good planning,2.416666666666667,True,4.74493212836325,2600.0,38.0,clean_source_or_test_changed_lines
TEAM_03,2026.1,-57,988.0,High evaluator score + good planning,2.416666666666667,True,4.74493212836325,2600.0,38.0,clean_source_or_test_changed_lines
TEAM_03,2026.1,-56,1427.0,High evaluator score + good planning,2.416666666666667,True,4.74493212836325,2600.0,54.88461538461539,clean_source_or_test_changed_lines
TEAM_03,2026.1,-55,1427.0,High evaluator score + good planning,2.416666666666667,True,4.74493212836325,2600.0,54.88461538461539,clean_source_or_test_changed_lines
TEAM_03,2026.1,-54,1427.0,High evaluator score + good planning,2.416666666666667,True,4.74493212836325,2600.0,54.88461538461539,clean_source_or_test_changed_lines
TEAM_03,2026.1,-53,1156.0,High evaluator score + good planning,2.416666666666667,True,4.74493212836325,2600.0,44.46153846153846,clean_source_or_test_changed_lines
TEAM_03,2026.1,-52,439.0,High evaluator score + good planning,2.416666666666667,True,4.74493212836325,2600.0,16.884615384615383,clean_source_or_test_changed_lines
TEAM_03,2026.1,-51,439.0,High evaluator score + good planning,2.416666666666667,True,4.74493212836325,2600.0,16.884615384615383,clean_source_or_test_changed_lines
TEAM_03,2026.1,-50,439.0,High evaluator score + good planning,2.416666666666667,True,4.74493212836325,2600.0,16.884615384615383,clean_source_or_test_changed_lines
TEAM_03,2026.1,-49,0.0,High evaluator score + good planning,2.416666666666667,True,4.74493212836325,2600.0,0.0,clean_source_or_test_changed_lines
TEAM_03,2026.1,-48,0.0,High evaluator score + good planning,2.416666666666667,True,4.74493212836325,2600.0,0.0,clean_source_or_test_changed_lines
TEAM_03,2026.1,-47,0.0,High evaluator score + good planning,2.416666666666667,True,4.74493212836325,2600.0,0.0,clean_source_or_test_changed_lines
TEAM_03,2026.1,-46,0.0,High evaluator score + good planning,2.416666666666667,True,4.74493212836325,2600.0,0.0,clean_source_or_test_changed_lines
TEAM_03,2026.1,-45,0.0,High evaluator score + good planning,2.416666666666667,True,4.74493212836325,2600.0,0.0,clean_source_or_test_changed_lines
TEAM_03,2026.1,-44,0.0,High evaluator score + good planning,2.416666666666667,True,4.74493212836325,2600.0,0.0,clean_source_or_test_changed_lines
TEAM_03,2026.1,-43,0.0,High evaluator score + good planning,2.416666666666667,True,4.74493212836325,2600.0,0.0,clean_source_or_test_changed_lines
TEAM_03,2026.1,-42,0.0,High evaluator score + good planning,2.416666666666667,True,4.74493212836325,2600.0,0.0,clean_source_or_test_changed_lines
TEAM_03,2026.1,-41,0.0,High evaluator score + good planning,2.416666666666667,True,4.74493212836325,2600.0,0.0,clean_source_or_test_changed_lines
TEAM_03,2026.1,-40,0.0,High evaluator score + good planning,2.416666666666667,True,4.74493212836325,2600.0,0.0,clean_source_or_test_changed_lines
TEAM_03,2026.1,-39,0.0,High evaluator score + good planning,2.416666666666667,True,4.74493212836325,2600.0,0.0,clean_source_or_test_changed_lines
TEAM_03,2026.1,-38,31.0,High evaluator score + good planning,2.416666666666667,True,4.74493212836325,2600.0,1.1923076923076923,clean_source_or_test_changed_lines
TEAM_03,2026.1,-37,31.0,High evaluator score + good planning,2.416666666666667,True,4.74493212836325,2600.0,1.1923076923076923,clean_source_or_test_changed_lines
TEAM_03,2026.1,-36,31.0,High evaluator score + good planning,2.416666666666667,True,4.74493212836325,2600.0,1.1923076923076923,clean_source_or_test_changed_lines
TEAM_03,2026.1,-35,31.0,High evaluator score + good planning,2.416666666666667,True,4.74493212836325,2600.0,1.1923076923076923,clean_source_or_test_changed_lines
TEAM_03,2026.1,-34,31.0,High evaluator score + good planning,2.416666666666667,True,4.74493212836325,2600.0,1.1923076923076923,clean_source_or_test_changed_lines
TEAM_03,2026.1,-33,413.0,High evaluator score + good planning,2.416666666666667,True,4.74493212836325,2600.0,15.884615384615385,clean_source_or_test_changed_lines
TEAM_03,2026.1,-32,1922.0,High evaluator score + good planning,2.416666666666667,True,4.74493212836325,2600.0,73.92307692307692,clean_source_or_test_changed_lines
TEAM_03,2026.1,-31,1891.0,High evaluator score + good planning,2.416666666666667,True,4.74493212836325,2600.0,72.73076923076923,clean_source_or_test_changed_lines
TEAM_03,2026.1,-30,2596.0,High evaluator score + good planning,2.416666666666667,True,4.74493212836325,2600.0,99.84615384615384,clean_source_or_test_changed_lines
TEAM_03,2026.1,-29,2596.0,High evaluator score + good planning,2.416666666666667,True,4.74493212836325,2600.0,99.84615384615384,clean_source_or_test_changed_lines
TEAM_03,2026.1,-28,2600.0,High evaluator score + good planning,2.416666666666667,True,4.74493212836325,2600.0,100.0,clean_source_or_test_changed_lines
TEAM_03,2026.1,-27,2600.0,High evaluator score + good planning,2.416666666666667,True,4.74493212836325,2600.0,100.0,clean_source_or_test_changed_lines
TEAM_03,2026.1,-26,2218.0,High evaluator score + good planning,2.416666666666667,True,4.74493212836325,2600.0,85.3076923076923,clean_source_or_test_changed_lines
TEAM_03,2026.1,-25,802.0,High evaluator score + good planning,2.416666666666667,True,4.74493212836325,2600.0,30.846153846153847,clean_source_or_test_changed_lines
TEAM_03,2026.1,-24,802.0,High evaluator score + good planning,2.416666666666667,True,4.74493212836325,2600.0,30.846153846153847,clean_source_or_test_changed_lines
TEAM_03,2026.1,-23,97.0,High evaluator score + good planning,2.416666666666667,True,4.74493212836325,2600.0,3.730769230769231,clean_source_or_test_changed_lines
TEAM_03,2026.1,-22,97.0,High evaluator score + good planning,2.416666666666667,True,4.74493212836325,2600.0,3.730769230769231,clean_source_or_test_changed_lines
TEAM_03,2026.1,-21,93.0,High evaluator score + good planning,2.416666666666667,True,4.74493212836325,2600.0,3.576923076923077,clean_source_or_test_changed_lines
TEAM_03,2026.1,-20,93.0,High evaluator score + good planning,2.416666666666667,True,4.74493212836325,2600.0,3.576923076923077,clean_source_or_test_changed_lines
TEAM_03,2026.1,-19,93.0,High evaluator score + good planning,2.416666666666667,True,4.74493212836325,2600.0,3.576923076923077,clean_source_or_test_changed_lines
TEAM_03,2026.1,-18,0.0,High evaluator score + good planning,2.416666666666667,True,4.74493212836325,2600.0,0.0,clean_source_or_test_changed_lines
TEAM_03,2026.1,-17,0.0,High evaluator score + good planning,2.416666666666667,True,4.74493212836325,2600.0,0.0,clean_source_or_test_changed_lines
TEAM_03,2026.1,-16,0.0,High evaluator score + good planning,2.416666666666667,True,4.74493212836325,2600.0,0.0,clean_source_or_test_changed_lines
TEAM_03,2026.1,-15,0.0,High evaluator score + good planning,2.416666666666667,True,4.74493212836325,2600.0,0.0,clean_source_or_test_changed_lines
TEAM_03,2026.1,-14,0.0,High evaluator score + good planning,2.416666666666667,True,4.74493212836325,2600.0,0.0,clean_source_or_test_changed_lines
TEAM_03,2026.1,-13,0.0,High evaluator score + good planning,2.416666666666667,True,4.74493212836325,2600.0,0.0,clean_source_or_test_changed_lines
TEAM_03,2026.1,-12,0.0,High evaluator score + good planning,2.416666666666667,True,4.74493212836325,2600.0,0.0,clean_source_or_test_changed_lines
TEAM_03,2026.1,-11,0.0,High evaluator score + good planning,2.416666666666667,True,4.74493212836325,2600.0,0.0,clean_source_or_test_changed_lines
TEAM_03,2026.1,-10,0.0,High evaluator score + good planning,2.416666666666667,True,4.74493212836325,2600.0,0.0,clean_source_or_test_changed_lines
TEAM_03,2026.1,-9,0.0,High evaluator score + good planning,2.416666666666667,True,4.74493212836325,2600.0,0.0,clean_source_or_test_changed_lines
TEAM_03,2026.1,-8,0.0,High evaluator score + good planning,2.416666666666667,True,4.74493212836325,2600.0,0.0,clean_source_or_test_changed_lines
TEAM_03,2026.1,-7,0.0,High evaluator score + good planning,2.416666666666667,True,4.74493212836325,2600.0,0.0,clean_source_or_test_changed_lines
TEAM_03,2026.1,-6,0.0,High evaluator score + good planning,2.416666666666667,True,4.74493212836325,2600.0,0.0,clean_source_or_test_changed_lines
TEAM_03,2026.1,-5,0.0,High evaluator score + good planning,2.416666666666667,True,4.74493212836325,2600.0,0.0,clean_source_or_test_changed_lines
TEAM_03,2026.1,-4,0.0,High evaluator score + good planning,2.416666666666667,True,4.74493212836325,2600.0,0.0,clean_source_or_test_changed_lines
TEAM_03,2026.1,-3,0.0,High evaluator score + good planning,2.416666666666667,True,4.74493212836325,2600.0,0.0,clean_source_or_test_changed_lines
TEAM_03,2026.1,-2,0.0,High evaluator score + good planning,2.416666666666667,True,4.74493212836325,2600.0,0.0,clean_source_or_test_changed_lines
TEAM_03,2026.1,-1,0.0,High evaluator score + good planning,2.416666666666667,True,4.74493212836325,2600.0,0.0,clean_source_or_test_changed_lines
TEAM_03,2026.1,0,103.0,High evaluator score + good planning,2.416666666666667,True,4.74493212836325,2600.0,3.9615384615384617,clean_source_or_test_changed_lines
TEAM_04,2025.2,-110,0.0,High evaluator score + good planning,2.4583333333333335,True,5.4510384535657,10971.0,0.0,clean_source_or_test_changed_lines
TEAM_04,2025.2,-109,0.0,High evaluator score + good planning,2.4583333333333335,True,5.4510384535657,10971.0,0.0,clean_source_or_test_changed_lines
TEAM_04,2025.2,-108,0.0,High evaluator score + good planning,2.4583333333333335,True,5.4510384535657,10971.0,0.0,clean_source_or_test_changed_lines
TEAM_04,2025.2,-107,0.0,High evaluator score + good planning,2.4583333333333335,True,5.4510384535657,10971.0,0.0,clean_source_or_test_changed_lines
TEAM_04,2025.2,-106,0.0,High evaluator score + good planning,2.4583333333333335,True,5.4510384535657,10971.0,0.0,clean_source_or_test_changed_lines
TEAM_04,2025.2,-105,0.0,High evaluator score + good planning,2.4583333333333335,True,5.4510384535657,10971.0,0.0,clean_source_or_test_changed_lines
TEAM_04,2025.2,-104,0.0,High evaluator score + good planning,2.4583333333333335,True,5.4510384535657,10971.0,0.0,clean_source_or_test_changed_lines
TEAM_04,2025.2,-103,0.0,High evaluator score + good planning,2.4583333333333335,True,5.4510384535657,10971.0,0.0,clean_source_or_test_changed_lines
TEAM_04,2025.2,-102,0.0,High evaluator score + good planning,2.4583333333333335,True,5.4510384535657,10971.0,0.0,clean_source_or_test_changed_lines
TEAM_04,2025.2,-101,0.0,High evaluator score + good planning,2.4583333333333335,True,5.4510384535657,10971.0,0.0,clean_source_or_test_changed_lines
TEAM_04,2025.2,-100,0.0,High evaluator score + good planning,2.4583333333333335,True,5.4510384535657,10971.0,0.0,clean_source_or_test_changed_lines
TEAM_04,2025.2,-99,0.0,High evaluator score + good planning,2.4583333333333335,True,5.4510384535657,10971.0,0.0,clean_source_or_test_changed_lines
TEAM_04,2025.2,-98,0.0,High evaluator score + good planning,2.4583333333333335,True,5.4510384535657,10971.0,0.0,clean_source_or_test_changed_lines
TEAM_04,2025.2,-97,0.0,High evaluator score + good planning,2.4583333333333335,True,5.4510384535657,10971.0,0.0,clean_source_or_test_changed_lines
TEAM_04,2025.2,-96,0.0,High evaluator score + good planning,2.4583333333333335,True,5.4510384535657,10971.0,0.0,clean_source_or_test_changed_lines
TEAM_04,2025.2,-95,0.0,High evaluator score + good planning,2.4583333333333335,True,5.4510384535657,10971.0,0.0,clean_source_or_test_changed_lines
TEAM_04,2025.2,-94,0.0,High evaluator score + good planning,2.4583333333333335,True,5.4510384535657,10971.0,0.0,clean_source_or_test_changed_lines
TEAM_04,2025.2,-93,0.0,High evaluator score + good planning,2.4583333333333335,True,5.4510384535657,10971.0,0.0,clean_source_or_test_changed_lines
TEAM_04,2025.2,-92,0.0,High evaluator score + good planning,2.4583333333333335,True,5.4510384535657,10971.0,0.0,clean_source_or_test_changed_lines
TEAM_04,2025.2,-91,0.0,High evaluator score + good planning,2.4583333333333335,True,5.4510384535657,10971.0,0.0,clean_source_or_test_changed_lines
TEAM_04,2025.2,-90,0.0,High evaluator score + good planning,2.4583333333333335,True,5.4510384535657,10971.0,0.0,clean_source_or_test_changed_lines
TEAM_04,2025.2,-89,0.0,High evaluator score + good planning,2.4583333333333335,True,5.4510384535657,10971.0,0.0,clean_source_or_test_changed_lines
TEAM_04,2025.2,-88,0.0,High evaluator score + good planning,2.4583333333333335,True,5.4510384535657,10971.0,0.0,clean_source_or_test_changed_lines
TEAM_04,2025.2,-87,0.0,High evaluator score + good planning,2.4583333333333335,True,5.4510384535657,10971.0,0.0,clean_source_or_test_changed_lines
TEAM_04,2025.2,-86,0.0,High evaluator score + good planning,2.4583333333333335,True,5.4510384535657,10971.0,0.0,clean_source_or_test_changed_lines
TEAM_04,2025.2,-85,0.0,High evaluator score + good planning,2.4583333333333335,True,5.4510384535657,10971.0,0.0,clean_source_or_test_changed_lines
TEAM_04,2025.2,-84,0.0,High evaluator score + good planning,2.4583333333333335,True,5.4510384535657,10971.0,0.0,clean_source_or_test_changed_lines
TEAM_04,2025.2,-83,0.0,High evaluator score + good planning,2.4583333333333335,True,5.4510384535657,10971.0,0.0,clean_source_or_test_changed_lines
TEAM_04,2025.2,-82,0.0,High evaluator score + good planning,2.4583333333333335,True,5.4510384535657,10971.0,0.0,clean_source_or_test_changed_lines
TEAM_04,2025.2,-81,0.0,High evaluator score + good planning,2.4583333333333335,True,5.4510384535657,10971.0,0.0,clean_source_or_test_changed_lines
TEAM_04,2025.2,-80,0.0,High evaluator score + good planning,2.4583333333333335,True,5.4510384535657,10971.0,0.0,clean_source_or_test_changed_lines
TEAM_04,2025.2,-79,0.0,High evaluator score + good planning,2.4583333333333335,True,5.4510384535657,10971.0,0.0,clean_source_or_test_changed_lines
TEAM_04,2025.2,-78,0.0,High evaluator score + good planning,2.4583333333333335,True,5.4510384535657,10971.0,0.0,clean_source_or_test_changed_lines
TEAM_04,2025.2,-77,0.0,High evaluator score + good planning,2.4583333333333335,True,5.4510384535657,10971.0,0.0,clean_source_or_test_changed_lines
TEAM_04,2025.2,-76,0.0,High evaluator score + good planning,2.4583333333333335,True,5.4510384535657,10971.0,0.0,clean_source_or_test_changed_lines
TEAM_04,2025.2,-75,0.0,High evaluator score + good planning,2.4583333333333335,True,5.4510384535657,10971.0,0.0,clean_source_or_test_changed_lines
TEAM_04,2025.2,-74,0.0,High evaluator score + good planning,2.4583333333333335,True,5.4510384535657,10971.0,0.0,clean_source_or_test_changed_lines
TEAM_04,2025.2,-73,0.0,High evaluator score + good planning,2.4583333333333335,True,5.4510384535657,10971.0,0.0,clean_source_or_test_changed_lines
TEAM_04,2025.2,-72,0.0,High evaluator score + good planning,2.4583333333333335,True,5.4510384535657,10971.0,0.0,clean_source_or_test_changed_lines
TEAM_04,2025.2,-71,0.0,High evaluator score + good planning,2.4583333333333335,True,5.4510384535657,10971.0,0.0,clean_source_or_test_changed_lines
TEAM_04,2025.2,-70,0.0,High evaluator score + good planning,2.4583333333333335,True,5.4510384535657,10971.0,0.0,clean_source_or_test_changed_lines
TEAM_04,2025.2,-69,0.0,High evaluator score + good planning,2.4583333333333335,True,5.4510384535657,10971.0,0.0,clean_source_or_test_changed_lines
TEAM_04,2025.2,-68,0.0,High evaluator score + good planning,2.4583333333333335,True,5.4510384535657,10971.0,0.0,clean_source_or_test_changed_lines
TEAM_04,2025.2,-67,0.0,High evaluator score + good planning,2.4583333333333335,True,5.4510384535657,10971.0,0.0,clean_source_or_test_changed_lines
TEAM_04,2025.2,-66,0.0,High evaluator score + good planning,2.4583333333333335,True,5.4510384535657,10971.0,0.0,clean_source_or_test_changed_lines
TEAM_04,2025.2,-65,0.0,High evaluator score + good planning,2.4583333333333335,True,5.4510384535657,10971.0,0.0,clean_source_or_test_changed_lines
TEAM_04,2025.2,-64,0.0,High evaluator score + good planning,2.4583333333333335,True,5.4510384535657,10971.0,0.0,clean_source_or_test_changed_lines
TEAM_04,2025.2,-63,0.0,High evaluator score + good planning,2.4583333333333335,True,5.4510384535657,10971.0,0.0,clean_source_or_test_changed_lines
TEAM_04,2025.2,-62,0.0,High evaluator score + good planning,2.4583333333333335,True,5.4510384535657,10971.0,0.0,clean_source_or_test_changed_lines
TEAM_04,2025.2,-61,0.0,High evaluator score + good planning,2.4583333333333335,True,5.4510384535657,10971.0,0.0,clean_source_or_test_changed_lines
TEAM_04,2025.2,-60,0.0,High evaluator score + good planning,2.4583333333333335,True,5.4510384535657,10971.0,0.0,clean_source_or_test_changed_lines
TEAM_04,2025.2,-59,0.0,High evaluator score + good planning,2.4583333333333335,True,5.4510384535657,10971.0,0.0,clean_source_or_test_changed_lines
TEAM_04,2025.2,-58,0.0,High evaluator score + good planning,2.4583333333333335,True,5.4510384535657,10971.0,0.0,clean_source_or_test_changed_lines
TEAM_04,2025.2,-57,0.0,High evaluator score + good planning,2.4583333333333335,True,5.4510384535657,10971.0,0.0,clean_source_or_test_changed_lines
TEAM_04,2025.2,-56,0.0,High evaluator score + good planning,2.4583333333333335,True,5.4510384535657,10971.0,0.0,clean_source_or_test_changed_lines
TEAM_04,2025.2,-55,0.0,High evaluator score + good planning,2.4583333333333335,True,5.4510384535657,10971.0,0.0,clean_source_or_test_changed_lines
TEAM_04,2025.2,-54,0.0,High evaluator score + good planning,2.4583333333333335,True,5.4510384535657,10971.0,0.0,clean_source_or_test_changed_lines
TEAM_04,2025.2,-53,0.0,High evaluator score + good planning,2.4583333333333335,True,5.4510384535657,10971.0,0.0,clean_source_or_test_changed_lines
TEAM_04,2025.2,-52,0.0,High evaluator score + good planning,2.4583333333333335,True,5.4510384535657,10971.0,0.0,clean_source_or_test_changed_lines
TEAM_04,2025.2,-51,133.0,High evaluator score + good planning,2.4583333333333335,True,5.4510384535657,10971.0,1.2122869382918604,clean_source_or_test_changed_lines
TEAM_04,2025.2,-50,133.0,High evaluator score + good planning,2.4583333333333335,True,5.4510384535657,10971.0,1.2122869382918604,clean_source_or_test_changed_lines
TEAM_04,2025.2,-49,133.0,High evaluator score + good planning,2.4583333333333335,True,5.4510384535657,10971.0,1.2122869382918604,clean_source_or_test_changed_lines
TEAM_04,2025.2,-48,133.0,High evaluator score + good planning,2.4583333333333335,True,5.4510384535657,10971.0,1.2122869382918604,clean_source_or_test_changed_lines
TEAM_04,2025.2,-47,133.0,High evaluator score + good planning,2.4583333333333335,True,5.4510384535657,10971.0,1.2122869382918604,clean_source_or_test_changed_lines
TEAM_04,2025.2,-46,1203.0,High evaluator score + good planning,2.4583333333333335,True,5.4510384535657,10971.0,10.965272080940661,clean_source_or_test_changed_lines
TEAM_04,2025.2,-45,1203.0,High evaluator score + good planning,2.4583333333333335,True,5.4510384535657,10971.0,10.965272080940661,clean_source_or_test_changed_lines
TEAM_04,2025.2,-44,1070.0,High evaluator score + good planning,2.4583333333333335,True,5.4510384535657,10971.0,9.752985142648802,clean_source_or_test_changed_lines
TEAM_04,2025.2,-43,1070.0,High evaluator score + good planning,2.4583333333333335,True,5.4510384535657,10971.0,9.752985142648802,clean_source_or_test_changed_lines
TEAM_04,2025.2,-42,1070.0,High evaluator score + good planning,2.4583333333333335,True,5.4510384535657,10971.0,9.752985142648802,clean_source_or_test_changed_lines
TEAM_04,2025.2,-41,1070.0,High evaluator score + good planning,2.4583333333333335,True,5.4510384535657,10971.0,9.752985142648802,clean_source_or_test_changed_lines
TEAM_04,2025.2,-40,1070.0,High evaluator score + good planning,2.4583333333333335,True,5.4510384535657,10971.0,9.752985142648802,clean_source_or_test_changed_lines
TEAM_04,2025.2,-39,0.0,High evaluator score + good planning,2.4583333333333335,True,5.4510384535657,10971.0,0.0,clean_source_or_test_changed_lines
TEAM_04,2025.2,-38,231.0,High evaluator score + good planning,2.4583333333333335,True,5.4510384535657,10971.0,2.105550998085863,clean_source_or_test_changed_lines
TEAM_04,2025.2,-37,231.0,High evaluator score + good planning,2.4583333333333335,True,5.4510384535657,10971.0,2.105550998085863,clean_source_or_test_changed_lines
TEAM_04,2025.2,-36,231.0,High evaluator score + good planning,2.4583333333333335,True,5.4510384535657,10971.0,2.105550998085863,clean_source_or_test_changed_lines
TEAM_04,2025.2,-35,231.0,High evaluator score + good planning,2.4583333333333335,True,5.4510384535657,10971.0,2.105550998085863,clean_source_or_test_changed_lines
TEAM_04,2025.2,-34,231.0,High evaluator score + good planning,2.4583333333333335,True,5.4510384535657,10971.0,2.105550998085863,clean_source_or_test_changed_lines
TEAM_04,2025.2,-33,231.0,High evaluator score + good planning,2.4583333333333335,True,5.4510384535657,10971.0,2.105550998085863,clean_source_or_test_changed_lines
TEAM_04,2025.2,-32,779.0,High evaluator score + good planning,2.4583333333333335,True,5.4510384535657,10971.0,7.100537781423753,clean_source_or_test_changed_lines
TEAM_04,2025.2,-31,548.0,High evaluator score + good planning,2.4583333333333335,True,5.4510384535657,10971.0,4.9949867833378905,clean_source_or_test_changed_lines
TEAM_04,2025.2,-30,548.0,High evaluator score + good planning,2.4583333333333335,True,5.4510384535657,10971.0,4.9949867833378905,clean_source_or_test_changed_lines
TEAM_04,2025.2,-29,548.0,High evaluator score + good planning,2.4583333333333335,True,5.4510384535657,10971.0,4.9949867833378905,clean_source_or_test_changed_lines
TEAM_04,2025.2,-28,548.0,High evaluator score + good planning,2.4583333333333335,True,5.4510384535657,10971.0,4.9949867833378905,clean_source_or_test_changed_lines
TEAM_04,2025.2,-27,548.0,High evaluator score + good planning,2.4583333333333335,True,5.4510384535657,10971.0,4.9949867833378905,clean_source_or_test_changed_lines
TEAM_04,2025.2,-26,548.0,High evaluator score + good planning,2.4583333333333335,True,5.4510384535657,10971.0,4.9949867833378905,clean_source_or_test_changed_lines
TEAM_04,2025.2,-25,3050.0,High evaluator score + good planning,2.4583333333333335,True,5.4510384535657,10971.0,27.80056512624191,clean_source_or_test_changed_lines
TEAM_04,2025.2,-24,3050.0,High evaluator score + good planning,2.4583333333333335,True,5.4510384535657,10971.0,27.80056512624191,clean_source_or_test_changed_lines
TEAM_04,2025.2,-23,3050.0,High evaluator score + good planning,2.4583333333333335,True,5.4510384535657,10971.0,27.80056512624191,clean_source_or_test_changed_lines
TEAM_04,2025.2,-22,3050.0,High evaluator score + good planning,2.4583333333333335,True,5.4510384535657,10971.0,27.80056512624191,clean_source_or_test_changed_lines
TEAM_04,2025.2,-21,3050.0,High evaluator score + good planning,2.4583333333333335,True,5.4510384535657,10971.0,27.80056512624191,clean_source_or_test_changed_lines
TEAM_04,2025.2,-20,3050.0,High evaluator score + good planning,2.4583333333333335,True,5.4510384535657,10971.0,27.80056512624191,clean_source_or_test_changed_lines
TEAM_04,2025.2,-19,3926.0,High evaluator score + good planning,2.4583333333333335,True,5.4510384535657,10971.0,35.78525202807401,clean_source_or_test_changed_lines
TEAM_04,2025.2,-18,876.0,High evaluator score + good planning,2.4583333333333335,True,5.4510384535657,10971.0,7.984686901832103,clean_source_or_test_changed_lines
TEAM_04,2025.2,-17,876.0,High evaluator score + good planning,2.4583333333333335,True,5.4510384535657,10971.0,7.984686901832103,clean_source_or_test_changed_lines
TEAM_04,2025.2,-16,876.0,High evaluator score + good planning,2.4583333333333335,True,5.4510384535657,10971.0,7.984686901832103,clean_source_or_test_changed_lines
TEAM_04,2025.2,-15,876.0,High evaluator score + good planning,2.4583333333333335,True,5.4510384535657,10971.0,7.984686901832103,clean_source_or_test_changed_lines
TEAM_04,2025.2,-14,876.0,High evaluator score + good planning,2.4583333333333335,True,5.4510384535657,10971.0,7.984686901832103,clean_source_or_test_changed_lines
TEAM_04,2025.2,-13,876.0,High evaluator score + good planning,2.4583333333333335,True,5.4510384535657,10971.0,7.984686901832103,clean_source_or_test_changed_lines
TEAM_04,2025.2,-12,119.0,High evaluator score + good planning,2.4583333333333335,True,5.4510384535657,10971.0,1.084677786892717,clean_source_or_test_changed_lines
TEAM_04,2025.2,-11,119.0,High evaluator score + good planning,2.4583333333333335,True,5.4510384535657,10971.0,1.084677786892717,clean_source_or_test_changed_lines
TEAM_04,2025.2,-10,119.0,High evaluator score + good planning,2.4583333333333335,True,5.4510384535657,10971.0,1.084677786892717,clean_source_or_test_changed_lines
TEAM_04,2025.2,-9,770.0,High evaluator score + good planning,2.4583333333333335,True,5.4510384535657,10971.0,7.018503326952875,clean_source_or_test_changed_lines
TEAM_04,2025.2,-8,770.0,High evaluator score + good planning,2.4583333333333335,True,5.4510384535657,10971.0,7.018503326952875,clean_source_or_test_changed_lines
TEAM_04,2025.2,-7,770.0,High evaluator score + good planning,2.4583333333333335,True,5.4510384535657,10971.0,7.018503326952875,clean_source_or_test_changed_lines
TEAM_04,2025.2,-6,770.0,High evaluator score + good planning,2.4583333333333335,True,5.4510384535657,10971.0,7.018503326952875,clean_source_or_test_changed_lines
TEAM_04,2025.2,-5,651.0,High evaluator score + good planning,2.4583333333333335,True,5.4510384535657,10971.0,5.933825540060159,clean_source_or_test_changed_lines
TEAM_04,2025.2,-4,651.0,High evaluator score + good planning,2.4583333333333335,True,5.4510384535657,10971.0,5.933825540060159,clean_source_or_test_changed_lines
TEAM_04,2025.2,-3,2046.0,High evaluator score + good planning,2.4583333333333335,True,5.4510384535657,10971.0,18.649165983046213,clean_source_or_test_changed_lines
TEAM_04,2025.2,-2,1470.0,High evaluator score + good planning,2.4583333333333335,True,5.4510384535657,10971.0,13.398960896910035,clean_source_or_test_changed_lines
TEAM_04,2025.2,-1,1470.0,High evaluator score + good planning,2.4583333333333335,True,5.4510384535657,10971.0,13.398960896910035,clean_source_or_test_changed_lines
TEAM_04,2025.2,0,10971.0,High evaluator score + good planning,2.4583333333333335,True,5.4510384535657,10971.0,100.0,clean_source_or_test_changed_lines
TEAM_04,2026.1,-110,113.0,Lower evaluator score / weaker planning,1.9583333333333333,True,4.382026634673881,19469.0,0.5804098823771123,clean_source_or_test_changed_lines
TEAM_04,2026.1,-109,113.0,Lower evaluator score / weaker planning,1.9583333333333333,True,4.382026634673881,19469.0,0.5804098823771123,clean_source_or_test_changed_lines
TEAM_04,2026.1,-108,113.0,Lower evaluator score / weaker planning,1.9583333333333333,True,4.382026634673881,19469.0,0.5804098823771123,clean_source_or_test_changed_lines
TEAM_04,2026.1,-107,113.0,Lower evaluator score / weaker planning,1.9583333333333333,True,4.382026634673881,19469.0,0.5804098823771123,clean_source_or_test_changed_lines
TEAM_04,2026.1,-106,113.0,Lower evaluator score / weaker planning,1.9583333333333333,True,4.382026634673881,19469.0,0.5804098823771123,clean_source_or_test_changed_lines
TEAM_04,2026.1,-105,113.0,Lower evaluator score / weaker planning,1.9583333333333333,True,4.382026634673881,19469.0,0.5804098823771123,clean_source_or_test_changed_lines
TEAM_04,2026.1,-104,1435.0,Lower evaluator score / weaker planning,1.9583333333333333,True,4.382026634673881,19469.0,7.3706918691252765,clean_source_or_test_changed_lines
TEAM_04,2026.1,-103,1396.0,Lower evaluator score / weaker planning,1.9583333333333333,True,4.382026634673881,19469.0,7.170373414145565,clean_source_or_test_changed_lines
TEAM_04,2026.1,-102,1473.0,Lower evaluator score / weaker planning,1.9583333333333333,True,4.382026634673881,19469.0,7.565873953464482,clean_source_or_test_changed_lines
TEAM_04,2026.1,-101,1578.0,Lower evaluator score / weaker planning,1.9583333333333333,True,4.382026634673881,19469.0,8.10519287071755,clean_source_or_test_changed_lines
TEAM_04,2026.1,-100,1578.0,Lower evaluator score / weaker planning,1.9583333333333333,True,4.382026634673881,19469.0,8.10519287071755,clean_source_or_test_changed_lines
TEAM_04,2026.1,-99,1578.0,Lower evaluator score / weaker planning,1.9583333333333333,True,4.382026634673881,19469.0,8.10519287071755,clean_source_or_test_changed_lines
TEAM_04,2026.1,-98,1578.0,Lower evaluator score / weaker planning,1.9583333333333333,True,4.382026634673881,19469.0,8.10519287071755,clean_source_or_test_changed_lines
TEAM_04,2026.1,-97,256.0,Lower evaluator score / weaker planning,1.9583333333333333,True,4.382026634673881,19469.0,1.3149108839693873,clean_source_or_test_changed_lines
TEAM_04,2026.1,-96,182.0,Lower evaluator score / weaker planning,1.9583333333333333,True,4.382026634673881,19469.0,0.9348194565719863,clean_source_or_test_changed_lines
TEAM_04,2026.1,-95,105.0,Lower evaluator score / weaker planning,1.9583333333333333,True,4.382026634673881,19469.0,0.539318917253069,clean_source_or_test_changed_lines
TEAM_04,2026.1,-94,0.0,Lower evaluator score / weaker planning,1.9583333333333333,True,4.382026634673881,19469.0,0.0,clean_source_or_test_changed_lines
TEAM_04,2026.1,-93,0.0,Lower evaluator score / weaker planning,1.9583333333333333,True,4.382026634673881,19469.0,0.0,clean_source_or_test_changed_lines
TEAM_04,2026.1,-92,0.0,Lower evaluator score / weaker planning,1.9583333333333333,True,4.382026634673881,19469.0,0.0,clean_source_or_test_changed_lines
TEAM_04,2026.1,-91,0.0,Lower evaluator score / weaker planning,1.9583333333333333,True,4.382026634673881,19469.0,0.0,clean_source_or_test_changed_lines
TEAM_04,2026.1,-90,0.0,Lower evaluator score / weaker planning,1.9583333333333333,True,4.382026634673881,19469.0,0.0,clean_source_or_test_changed_lines
TEAM_04,2026.1,-89,0.0,Lower evaluator score / weaker planning,1.9583333333333333,True,4.382026634673881,19469.0,0.0,clean_source_or_test_changed_lines
TEAM_04,2026.1,-88,0.0,Lower evaluator score / weaker planning,1.9583333333333333,True,4.382026634673881,19469.0,0.0,clean_source_or_test_changed_lines
TEAM_04,2026.1,-87,0.0,Lower evaluator score / weaker planning,1.9583333333333333,True,4.382026634673881,19469.0,0.0,clean_source_or_test_changed_lines
TEAM_04,2026.1,-86,0.0,Lower evaluator score / weaker planning,1.9583333333333333,True,4.382026634673881,19469.0,0.0,clean_source_or_test_changed_lines
TEAM_04,2026.1,-85,0.0,Lower evaluator score / weaker planning,1.9583333333333333,True,4.382026634673881,19469.0,0.0,clean_source_or_test_changed_lines
TEAM_04,2026.1,-84,0.0,Lower evaluator score / weaker planning,1.9583333333333333,True,4.382026634673881,19469.0,0.0,clean_source_or_test_changed_lines
TEAM_04,2026.1,-83,0.0,Lower evaluator score / weaker planning,1.9583333333333333,True,4.382026634673881,19469.0,0.0,clean_source_or_test_changed_lines
TEAM_04,2026.1,-82,0.0,Lower evaluator score / weaker planning,1.9583333333333333,True,4.382026634673881,19469.0,0.0,clean_source_or_test_changed_lines
TEAM_04,2026.1,-81,0.0,Lower evaluator score / weaker planning,1.9583333333333333,True,4.382026634673881,19469.0,0.0,clean_source_or_test_changed_lines
TEAM_04,2026.1,-80,0.0,Lower evaluator score / weaker planning,1.9583333333333333,True,4.382026634673881,19469.0,0.0,clean_source_or_test_changed_lines
TEAM_04,2026.1,-79,0.0,Lower evaluator score / weaker planning,1.9583333333333333,True,4.382026634673881,19469.0,0.0,clean_source_or_test_changed_lines
TEAM_04,2026.1,-78,0.0,Lower evaluator score / weaker planning,1.9583333333333333,True,4.382026634673881,19469.0,0.0,clean_source_or_test_changed_lines
TEAM_04,2026.1,-77,0.0,Lower evaluator score / weaker planning,1.9583333333333333,True,4.382026634673881,19469.0,0.0,clean_source_or_test_changed_lines
TEAM_04,2026.1,-76,0.0,Lower evaluator score / weaker planning,1.9583333333333333,True,4.382026634673881,19469.0,0.0,clean_source_or_test_changed_lines
TEAM_04,2026.1,-75,0.0,Lower evaluator score / weaker planning,1.9583333333333333,True,4.382026634673881,19469.0,0.0,clean_source_or_test_changed_lines
TEAM_04,2026.1,-74,0.0,Lower evaluator score / weaker planning,1.9583333333333333,True,4.382026634673881,19469.0,0.0,clean_source_or_test_changed_lines
TEAM_04,2026.1,-73,0.0,Lower evaluator score / weaker planning,1.9583333333333333,True,4.382026634673881,19469.0,0.0,clean_source_or_test_changed_lines
TEAM_04,2026.1,-72,0.0,Lower evaluator score / weaker planning,1.9583333333333333,True,4.382026634673881,19469.0,0.0,clean_source_or_test_changed_lines
TEAM_04,2026.1,-71,0.0,Lower evaluator score / weaker planning,1.9583333333333333,True,4.382026634673881,19469.0,0.0,clean_source_or_test_changed_lines
TEAM_04,2026.1,-70,0.0,Lower evaluator score / weaker planning,1.9583333333333333,True,4.382026634673881,19469.0,0.0,clean_source_or_test_changed_lines
TEAM_04,2026.1,-69,0.0,Lower evaluator score / weaker planning,1.9583333333333333,True,4.382026634673881,19469.0,0.0,clean_source_or_test_changed_lines
TEAM_04,2026.1,-68,0.0,Lower evaluator score / weaker planning,1.9583333333333333,True,4.382026634673881,19469.0,0.0,clean_source_or_test_changed_lines
TEAM_04,2026.1,-67,0.0,Lower evaluator score / weaker planning,1.9583333333333333,True,4.382026634673881,19469.0,0.0,clean_source_or_test_changed_lines
TEAM_04,2026.1,-66,0.0,Lower evaluator score / weaker planning,1.9583333333333333,True,4.382026634673881,19469.0,0.0,clean_source_or_test_changed_lines
TEAM_04,2026.1,-65,0.0,Lower evaluator score / weaker planning,1.9583333333333333,True,4.382026634673881,19469.0,0.0,clean_source_or_test_changed_lines
TEAM_04,2026.1,-64,0.0,Lower evaluator score / weaker planning,1.9583333333333333,True,4.382026634673881,19469.0,0.0,clean_source_or_test_changed_lines
TEAM_04,2026.1,-63,0.0,Lower evaluator score / weaker planning,1.9583333333333333,True,4.382026634673881,19469.0,0.0,clean_source_or_test_changed_lines
TEAM_04,2026.1,-62,0.0,Lower evaluator score / weaker planning,1.9583333333333333,True,4.382026634673881,19469.0,0.0,clean_source_or_test_changed_lines
TEAM_04,2026.1,-61,0.0,Lower evaluator score / weaker planning,1.9583333333333333,True,4.382026634673881,19469.0,0.0,clean_source_or_test_changed_lines
TEAM_04,2026.1,-60,0.0,Lower evaluator score / weaker planning,1.9583333333333333,True,4.382026634673881,19469.0,0.0,clean_source_or_test_changed_lines
TEAM_04,2026.1,-59,0.0,Lower evaluator score / weaker planning,1.9583333333333333,True,4.382026634673881,19469.0,0.0,clean_source_or_test_changed_lines
TEAM_04,2026.1,-58,0.0,Lower evaluator score / weaker planning,1.9583333333333333,True,4.382026634673881,19469.0,0.0,clean_source_or_test_changed_lines
TEAM_04,2026.1,-57,0.0,Lower evaluator score / weaker planning,1.9583333333333333,True,4.382026634673881,19469.0,0.0,clean_source_or_test_changed_lines
TEAM_04,2026.1,-56,0.0,Lower evaluator score / weaker planning,1.9583333333333333,True,4.382026634673881,19469.0,0.0,clean_source_or_test_changed_lines
TEAM_04,2026.1,-55,0.0,Lower evaluator score / weaker planning,1.9583333333333333,True,4.382026634673881,19469.0,0.0,clean_source_or_test_changed_lines
TEAM_04,2026.1,-54,0.0,Lower evaluator score / weaker planning,1.9583333333333333,True,4.382026634673881,19469.0,0.0,clean_source_or_test_changed_lines
TEAM_04,2026.1,-53,0.0,Lower evaluator score / weaker planning,1.9583333333333333,True,4.382026634673881,19469.0,0.0,clean_source_or_test_changed_lines
TEAM_04,2026.1,-52,0.0,Lower evaluator score / weaker planning,1.9583333333333333,True,4.382026634673881,19469.0,0.0,clean_source_or_test_changed_lines
TEAM_04,2026.1,-51,0.0,Lower evaluator score / weaker planning,1.9583333333333333,True,4.382026634673881,19469.0,0.0,clean_source_or_test_changed_lines
TEAM_04,2026.1,-50,0.0,Lower evaluator score / weaker planning,1.9583333333333333,True,4.382026634673881,19469.0,0.0,clean_source_or_test_changed_lines
TEAM_04,2026.1,-49,0.0,Lower evaluator score / weaker planning,1.9583333333333333,True,4.382026634673881,19469.0,0.0,clean_source_or_test_changed_lines
TEAM_04,2026.1,-48,0.0,Lower evaluator score / weaker planning,1.9583333333333333,True,4.382026634673881,19469.0,0.0,clean_source_or_test_changed_lines
TEAM_04,2026.1,-47,0.0,Lower evaluator score / weaker planning,1.9583333333333333,True,4.382026634673881,19469.0,0.0,clean_source_or_test_changed_lines
TEAM_04,2026.1,-46,0.0,Lower evaluator score / weaker planning,1.9583333333333333,True,4.382026634673881,19469.0,0.0,clean_source_or_test_changed_lines
TEAM_04,2026.1,-45,0.0,Lower evaluator score / weaker planning,1.9583333333333333,True,4.382026634673881,19469.0,0.0,clean_source_or_test_changed_lines
TEAM_04,2026.1,-44,0.0,Lower evaluator score / weaker planning,1.9583333333333333,True,4.382026634673881,19469.0,0.0,clean_source_or_test_changed_lines
TEAM_04,2026.1,-43,0.0,Lower evaluator score / weaker planning,1.9583333333333333,True,4.382026634673881,19469.0,0.0,clean_source_or_test_changed_lines
TEAM_04,2026.1,-42,0.0,Lower evaluator score / weaker planning,1.9583333333333333,True,4.382026634673881,19469.0,0.0,clean_source_or_test_changed_lines
TEAM_04,2026.1,-41,0.0,Lower evaluator score / weaker planning,1.9583333333333333,True,4.382026634673881,19469.0,0.0,clean_source_or_test_changed_lines
TEAM_04,2026.1,-40,0.0,Lower evaluator score / weaker planning,1.9583333333333333,True,4.382026634673881,19469.0,0.0,clean_source_or_test_changed_lines
TEAM_04,2026.1,-39,0.0,Lower evaluator score / weaker planning,1.9583333333333333,True,4.382026634673881,19469.0,0.0,clean_source_or_test_changed_lines
TEAM_04,2026.1,-38,0.0,Lower evaluator score / weaker planning,1.9583333333333333,True,4.382026634673881,19469.0,0.0,clean_source_or_test_changed_lines
TEAM_04,2026.1,-37,0.0,Lower evaluator score / weaker planning,1.9583333333333333,True,4.382026634673881,19469.0,0.0,clean_source_or_test_changed_lines
TEAM_04,2026.1,-36,0.0,Lower evaluator score / weaker planning,1.9583333333333333,True,4.382026634673881,19469.0,0.0,clean_source_or_test_changed_lines
TEAM_04,2026.1,-35,0.0,Lower evaluator score / weaker planning,1.9583333333333333,True,4.382026634673881,19469.0,0.0,clean_source_or_test_changed_lines
TEAM_04,2026.1,-34,0.0,Lower evaluator score / weaker planning,1.9583333333333333,True,4.382026634673881,19469.0,0.0,clean_source_or_test_changed_lines
TEAM_04,2026.1,-33,0.0,Lower evaluator score / weaker planning,1.9583333333333333,True,4.382026634673881,19469.0,0.0,clean_source_or_test_changed_lines
TEAM_04,2026.1,-32,0.0,Lower evaluator score / weaker planning,1.9583333333333333,True,4.382026634673881,19469.0,0.0,clean_source_or_test_changed_lines
TEAM_04,2026.1,-31,0.0,Lower evaluator score / weaker planning,1.9583333333333333,True,4.382026634673881,19469.0,0.0,clean_source_or_test_changed_lines
TEAM_04,2026.1,-30,0.0,Lower evaluator score / weaker planning,1.9583333333333333,True,4.382026634673881,19469.0,0.0,clean_source_or_test_changed_lines
TEAM_04,2026.1,-29,0.0,Lower evaluator score / weaker planning,1.9583333333333333,True,4.382026634673881,19469.0,0.0,clean_source_or_test_changed_lines
TEAM_04,2026.1,-28,0.0,Lower evaluator score / weaker planning,1.9583333333333333,True,4.382026634673881,19469.0,0.0,clean_source_or_test_changed_lines
TEAM_04,2026.1,-27,0.0,Lower evaluator score / weaker planning,1.9583333333333333,True,4.382026634673881,19469.0,0.0,clean_source_or_test_changed_lines
TEAM_04,2026.1,-26,0.0,Lower evaluator score / weaker planning,1.9583333333333333,True,4.382026634673881,19469.0,0.0,clean_source_or_test_changed_lines
TEAM_04,2026.1,-25,0.0,Lower evaluator score / weaker planning,1.9583333333333333,True,4.382026634673881,19469.0,0.0,clean_source_or_test_changed_lines
TEAM_04,2026.1,-24,0.0,Lower evaluator score / weaker planning,1.9583333333333333,True,4.382026634673881,19469.0,0.0,clean_source_or_test_changed_lines
TEAM_04,2026.1,-23,0.0,Lower evaluator score / weaker planning,1.9583333333333333,True,4.382026634673881,19469.0,0.0,clean_source_or_test_changed_lines
TEAM_04,2026.1,-22,0.0,Lower evaluator score / weaker planning,1.9583333333333333,True,4.382026634673881,19469.0,0.0,clean_source_or_test_changed_lines
TEAM_04,2026.1,-21,0.0,Lower evaluator score / weaker planning,1.9583333333333333,True,4.382026634673881,19469.0,0.0,clean_source_or_test_changed_lines
TEAM_04,2026.1,-20,0.0,Lower evaluator score / weaker planning,1.9583333333333333,True,4.382026634673881,19469.0,0.0,clean_source_or_test_changed_lines
TEAM_04,2026.1,-19,0.0,Lower evaluator score / weaker planning,1.9583333333333333,True,4.382026634673881,19469.0,0.0,clean_source_or_test_changed_lines
TEAM_04,2026.1,-18,0.0,Lower evaluator score / weaker planning,1.9583333333333333,True,4.382026634673881,19469.0,0.0,clean_source_or_test_changed_lines
TEAM_04,2026.1,-17,0.0,Lower evaluator score / weaker planning,1.9583333333333333,True,4.382026634673881,19469.0,0.0,clean_source_or_test_changed_lines
TEAM_04,2026.1,-16,0.0,Lower evaluator score / weaker planning,1.9583333333333333,True,4.382026634673881,19469.0,0.0,clean_source_or_test_changed_lines
TEAM_04,2026.1,-15,0.0,Lower evaluator score / weaker planning,1.9583333333333333,True,4.382026634673881,19469.0,0.0,clean_source_or_test_changed_lines
TEAM_04,2026.1,-14,0.0,Lower evaluator score / weaker planning,1.9583333333333333,True,4.382026634673881,19469.0,0.0,clean_source_or_test_changed_lines
TEAM_04,2026.1,-13,0.0,Lower evaluator score / weaker planning,1.9583333333333333,True,4.382026634673881,19469.0,0.0,clean_source_or_test_changed_lines
TEAM_04,2026.1,-12,0.0,Lower evaluator score / weaker planning,1.9583333333333333,True,4.382026634673881,19469.0,0.0,clean_source_or_test_changed_lines
TEAM_04,2026.1,-11,0.0,Lower evaluator score / weaker planning,1.9583333333333333,True,4.382026634673881,19469.0,0.0,clean_source_or_test_changed_lines
TEAM_04,2026.1,-10,0.0,Lower evaluator score / weaker planning,1.9583333333333333,True,4.382026634673881,19469.0,0.0,clean_source_or_test_changed_lines
TEAM_04,2026.1,-9,0.0,Lower evaluator score / weaker planning,1.9583333333333333,True,4.382026634673881,19469.0,0.0,clean_source_or_test_changed_lines
TEAM_04,2026.1,-8,0.0,Lower evaluator score / weaker planning,1.9583333333333333,True,4.382026634673881,19469.0,0.0,clean_source_or_test_changed_lines
TEAM_04,2026.1,-7,0.0,Lower evaluator score / weaker planning,1.9583333333333333,True,4.382026634673881,19469.0,0.0,clean_source_or_test_changed_lines
TEAM_04,2026.1,-6,0.0,Lower evaluator score / weaker planning,1.9583333333333333,True,4.382026634673881,19469.0,0.0,clean_source_or_test_changed_lines
TEAM_04,2026.1,-5,0.0,Lower evaluator score / weaker planning,1.9583333333333333,True,4.382026634673881,19469.0,0.0,clean_source_or_test_changed_lines
TEAM_04,2026.1,-4,5047.0,Lower evaluator score / weaker planning,1.9583333333333333,True,4.382026634673881,19469.0,25.923262622630848,clean_source_or_test_changed_lines
TEAM_04,2026.1,-3,5047.0,Lower evaluator score / weaker planning,1.9583333333333333,True,4.382026634673881,19469.0,25.923262622630848,clean_source_or_test_changed_lines
TEAM_04,2026.1,-2,5047.0,Lower evaluator score / weaker planning,1.9583333333333333,True,4.382026634673881,19469.0,25.923262622630848,clean_source_or_test_changed_lines
TEAM_04,2026.1,-1,19441.0,Lower evaluator score / weaker planning,1.9583333333333333,True,4.382026634673881,19469.0,99.85618162206585,clean_source_or_test_changed_lines
TEAM_04,2026.1,0,19469.0,Lower evaluator score / weaker planning,1.9583333333333333,True,4.382026634673881,19469.0,100.0,clean_source_or_test_changed_lines
TEAM_05,2025.2,-110,0.0,Lower evaluator score / weaker planning,2.28125,False,0.0,2482.0,0.0,clean_source_or_test_changed_lines
TEAM_05,2025.2,-109,0.0,Lower evaluator score / weaker planning,2.28125,False,0.0,2482.0,0.0,clean_source_or_test_changed_lines
TEAM_05,2025.2,-108,0.0,Lower evaluator score / weaker planning,2.28125,False,0.0,2482.0,0.0,clean_source_or_test_changed_lines
TEAM_05,2025.2,-107,0.0,Lower evaluator score / weaker planning,2.28125,False,0.0,2482.0,0.0,clean_source_or_test_changed_lines
TEAM_05,2025.2,-106,0.0,Lower evaluator score / weaker planning,2.28125,False,0.0,2482.0,0.0,clean_source_or_test_changed_lines
TEAM_05,2025.2,-105,0.0,Lower evaluator score / weaker planning,2.28125,False,0.0,2482.0,0.0,clean_source_or_test_changed_lines
TEAM_05,2025.2,-104,0.0,Lower evaluator score / weaker planning,2.28125,False,0.0,2482.0,0.0,clean_source_or_test_changed_lines
TEAM_05,2025.2,-103,0.0,Lower evaluator score / weaker planning,2.28125,False,0.0,2482.0,0.0,clean_source_or_test_changed_lines
TEAM_05,2025.2,-102,0.0,Lower evaluator score / weaker planning,2.28125,False,0.0,2482.0,0.0,clean_source_or_test_changed_lines
TEAM_05,2025.2,-101,0.0,Lower evaluator score / weaker planning,2.28125,False,0.0,2482.0,0.0,clean_source_or_test_changed_lines
TEAM_05,2025.2,-100,0.0,Lower evaluator score / weaker planning,2.28125,False,0.0,2482.0,0.0,clean_source_or_test_changed_lines
TEAM_05,2025.2,-99,0.0,Lower evaluator score / weaker planning,2.28125,False,0.0,2482.0,0.0,clean_source_or_test_changed_lines
TEAM_05,2025.2,-98,0.0,Lower evaluator score / weaker planning,2.28125,False,0.0,2482.0,0.0,clean_source_or_test_changed_lines
TEAM_05,2025.2,-97,0.0,Lower evaluator score / weaker planning,2.28125,False,0.0,2482.0,0.0,clean_source_or_test_changed_lines
TEAM_05,2025.2,-96,0.0,Lower evaluator score / weaker planning,2.28125,False,0.0,2482.0,0.0,clean_source_or_test_changed_lines
TEAM_05,2025.2,-95,0.0,Lower evaluator score / weaker planning,2.28125,False,0.0,2482.0,0.0,clean_source_or_test_changed_lines
TEAM_05,2025.2,-94,0.0,Lower evaluator score / weaker planning,2.28125,False,0.0,2482.0,0.0,clean_source_or_test_changed_lines
TEAM_05,2025.2,-93,0.0,Lower evaluator score / weaker planning,2.28125,False,0.0,2482.0,0.0,clean_source_or_test_changed_lines
TEAM_05,2025.2,-92,0.0,Lower evaluator score / weaker planning,2.28125,False,0.0,2482.0,0.0,clean_source_or_test_changed_lines
TEAM_05,2025.2,-91,0.0,Lower evaluator score / weaker planning,2.28125,False,0.0,2482.0,0.0,clean_source_or_test_changed_lines
TEAM_05,2025.2,-90,0.0,Lower evaluator score / weaker planning,2.28125,False,0.0,2482.0,0.0,clean_source_or_test_changed_lines
TEAM_05,2025.2,-89,0.0,Lower evaluator score / weaker planning,2.28125,False,0.0,2482.0,0.0,clean_source_or_test_changed_lines
TEAM_05,2025.2,-88,0.0,Lower evaluator score / weaker planning,2.28125,False,0.0,2482.0,0.0,clean_source_or_test_changed_lines
TEAM_05,2025.2,-87,0.0,Lower evaluator score / weaker planning,2.28125,False,0.0,2482.0,0.0,clean_source_or_test_changed_lines
TEAM_05,2025.2,-86,0.0,Lower evaluator score / weaker planning,2.28125,False,0.0,2482.0,0.0,clean_source_or_test_changed_lines
TEAM_05,2025.2,-85,0.0,Lower evaluator score / weaker planning,2.28125,False,0.0,2482.0,0.0,clean_source_or_test_changed_lines
TEAM_05,2025.2,-84,0.0,Lower evaluator score / weaker planning,2.28125,False,0.0,2482.0,0.0,clean_source_or_test_changed_lines
TEAM_05,2025.2,-83,0.0,Lower evaluator score / weaker planning,2.28125,False,0.0,2482.0,0.0,clean_source_or_test_changed_lines
TEAM_05,2025.2,-82,0.0,Lower evaluator score / weaker planning,2.28125,False,0.0,2482.0,0.0,clean_source_or_test_changed_lines
TEAM_05,2025.2,-81,0.0,Lower evaluator score / weaker planning,2.28125,False,0.0,2482.0,0.0,clean_source_or_test_changed_lines
TEAM_05,2025.2,-80,0.0,Lower evaluator score / weaker planning,2.28125,False,0.0,2482.0,0.0,clean_source_or_test_changed_lines
TEAM_05,2025.2,-79,0.0,Lower evaluator score / weaker planning,2.28125,False,0.0,2482.0,0.0,clean_source_or_test_changed_lines
TEAM_05,2025.2,-78,0.0,Lower evaluator score / weaker planning,2.28125,False,0.0,2482.0,0.0,clean_source_or_test_changed_lines
TEAM_05,2025.2,-77,0.0,Lower evaluator score / weaker planning,2.28125,False,0.0,2482.0,0.0,clean_source_or_test_changed_lines
TEAM_05,2025.2,-76,0.0,Lower evaluator score / weaker planning,2.28125,False,0.0,2482.0,0.0,clean_source_or_test_changed_lines
TEAM_05,2025.2,-75,0.0,Lower evaluator score / weaker planning,2.28125,False,0.0,2482.0,0.0,clean_source_or_test_changed_lines
TEAM_05,2025.2,-74,0.0,Lower evaluator score / weaker planning,2.28125,False,0.0,2482.0,0.0,clean_source_or_test_changed_lines
TEAM_05,2025.2,-73,0.0,Lower evaluator score / weaker planning,2.28125,False,0.0,2482.0,0.0,clean_source_or_test_changed_lines
TEAM_05,2025.2,-72,0.0,Lower evaluator score / weaker planning,2.28125,False,0.0,2482.0,0.0,clean_source_or_test_changed_lines
TEAM_05,2025.2,-71,0.0,Lower evaluator score / weaker planning,2.28125,False,0.0,2482.0,0.0,clean_source_or_test_changed_lines
TEAM_05,2025.2,-70,0.0,Lower evaluator score / weaker planning,2.28125,False,0.0,2482.0,0.0,clean_source_or_test_changed_lines
TEAM_05,2025.2,-69,0.0,Lower evaluator score / weaker planning,2.28125,False,0.0,2482.0,0.0,clean_source_or_test_changed_lines
TEAM_05,2025.2,-68,0.0,Lower evaluator score / weaker planning,2.28125,False,0.0,2482.0,0.0,clean_source_or_test_changed_lines
TEAM_05,2025.2,-67,0.0,Lower evaluator score / weaker planning,2.28125,False,0.0,2482.0,0.0,clean_source_or_test_changed_lines
TEAM_05,2025.2,-66,0.0,Lower evaluator score / weaker planning,2.28125,False,0.0,2482.0,0.0,clean_source_or_test_changed_lines
TEAM_05,2025.2,-65,0.0,Lower evaluator score / weaker planning,2.28125,False,0.0,2482.0,0.0,clean_source_or_test_changed_lines
TEAM_05,2025.2,-64,0.0,Lower evaluator score / weaker planning,2.28125,False,0.0,2482.0,0.0,clean_source_or_test_changed_lines
TEAM_05,2025.2,-63,0.0,Lower evaluator score / weaker planning,2.28125,False,0.0,2482.0,0.0,clean_source_or_test_changed_lines
TEAM_05,2025.2,-62,0.0,Lower evaluator score / weaker planning,2.28125,False,0.0,2482.0,0.0,clean_source_or_test_changed_lines
TEAM_05,2025.2,-61,0.0,Lower evaluator score / weaker planning,2.28125,False,0.0,2482.0,0.0,clean_source_or_test_changed_lines
TEAM_05,2025.2,-60,0.0,Lower evaluator score / weaker planning,2.28125,False,0.0,2482.0,0.0,clean_source_or_test_changed_lines
TEAM_05,2025.2,-59,0.0,Lower evaluator score / weaker planning,2.28125,False,0.0,2482.0,0.0,clean_source_or_test_changed_lines
TEAM_05,2025.2,-58,0.0,Lower evaluator score / weaker planning,2.28125,False,0.0,2482.0,0.0,clean_source_or_test_changed_lines
TEAM_05,2025.2,-57,0.0,Lower evaluator score / weaker planning,2.28125,False,0.0,2482.0,0.0,clean_source_or_test_changed_lines
TEAM_05,2025.2,-56,0.0,Lower evaluator score / weaker planning,2.28125,False,0.0,2482.0,0.0,clean_source_or_test_changed_lines
TEAM_05,2025.2,-55,0.0,Lower evaluator score / weaker planning,2.28125,False,0.0,2482.0,0.0,clean_source_or_test_changed_lines
TEAM_05,2025.2,-54,0.0,Lower evaluator score / weaker planning,2.28125,False,0.0,2482.0,0.0,clean_source_or_test_changed_lines
TEAM_05,2025.2,-53,0.0,Lower evaluator score / weaker planning,2.28125,False,0.0,2482.0,0.0,clean_source_or_test_changed_lines
TEAM_05,2025.2,-52,0.0,Lower evaluator score / weaker planning,2.28125,False,0.0,2482.0,0.0,clean_source_or_test_changed_lines
TEAM_05,2025.2,-51,0.0,Lower evaluator score / weaker planning,2.28125,False,0.0,2482.0,0.0,clean_source_or_test_changed_lines
TEAM_05,2025.2,-50,0.0,Lower evaluator score / weaker planning,2.28125,False,0.0,2482.0,0.0,clean_source_or_test_changed_lines
TEAM_05,2025.2,-49,0.0,Lower evaluator score / weaker planning,2.28125,False,0.0,2482.0,0.0,clean_source_or_test_changed_lines
TEAM_05,2025.2,-48,0.0,Lower evaluator score / weaker planning,2.28125,False,0.0,2482.0,0.0,clean_source_or_test_changed_lines
TEAM_05,2025.2,-47,0.0,Lower evaluator score / weaker planning,2.28125,False,0.0,2482.0,0.0,clean_source_or_test_changed_lines
TEAM_05,2025.2,-46,0.0,Lower evaluator score / weaker planning,2.28125,False,0.0,2482.0,0.0,clean_source_or_test_changed_lines
TEAM_05,2025.2,-45,0.0,Lower evaluator score / weaker planning,2.28125,False,0.0,2482.0,0.0,clean_source_or_test_changed_lines
TEAM_05,2025.2,-44,0.0,Lower evaluator score / weaker planning,2.28125,False,0.0,2482.0,0.0,clean_source_or_test_changed_lines
TEAM_05,2025.2,-43,0.0,Lower evaluator score / weaker planning,2.28125,False,0.0,2482.0,0.0,clean_source_or_test_changed_lines
TEAM_05,2025.2,-42,0.0,Lower evaluator score / weaker planning,2.28125,False,0.0,2482.0,0.0,clean_source_or_test_changed_lines
TEAM_05,2025.2,-41,0.0,Lower evaluator score / weaker planning,2.28125,False,0.0,2482.0,0.0,clean_source_or_test_changed_lines
TEAM_05,2025.2,-40,0.0,Lower evaluator score / weaker planning,2.28125,False,0.0,2482.0,0.0,clean_source_or_test_changed_lines
TEAM_05,2025.2,-39,0.0,Lower evaluator score / weaker planning,2.28125,False,0.0,2482.0,0.0,clean_source_or_test_changed_lines
TEAM_05,2025.2,-38,0.0,Lower evaluator score / weaker planning,2.28125,False,0.0,2482.0,0.0,clean_source_or_test_changed_lines
TEAM_05,2025.2,-37,0.0,Lower evaluator score / weaker planning,2.28125,False,0.0,2482.0,0.0,clean_source_or_test_changed_lines
TEAM_05,2025.2,-36,0.0,Lower evaluator score / weaker planning,2.28125,False,0.0,2482.0,0.0,clean_source_or_test_changed_lines
TEAM_05,2025.2,-35,0.0,Lower evaluator score / weaker planning,2.28125,False,0.0,2482.0,0.0,clean_source_or_test_changed_lines
TEAM_05,2025.2,-34,0.0,Lower evaluator score / weaker planning,2.28125,False,0.0,2482.0,0.0,clean_source_or_test_changed_lines
TEAM_05,2025.2,-33,0.0,Lower evaluator score / weaker planning,2.28125,False,0.0,2482.0,0.0,clean_source_or_test_changed_lines
TEAM_05,2025.2,-32,0.0,Lower evaluator score / weaker planning,2.28125,False,0.0,2482.0,0.0,clean_source_or_test_changed_lines
TEAM_05,2025.2,-31,0.0,Lower evaluator score / weaker planning,2.28125,False,0.0,2482.0,0.0,clean_source_or_test_changed_lines
TEAM_05,2025.2,-30,0.0,Lower evaluator score / weaker planning,2.28125,False,0.0,2482.0,0.0,clean_source_or_test_changed_lines
TEAM_05,2025.2,-29,0.0,Lower evaluator score / weaker planning,2.28125,False,0.0,2482.0,0.0,clean_source_or_test_changed_lines
TEAM_05,2025.2,-28,0.0,Lower evaluator score / weaker planning,2.28125,False,0.0,2482.0,0.0,clean_source_or_test_changed_lines
TEAM_05,2025.2,-27,0.0,Lower evaluator score / weaker planning,2.28125,False,0.0,2482.0,0.0,clean_source_or_test_changed_lines
TEAM_05,2025.2,-26,0.0,Lower evaluator score / weaker planning,2.28125,False,0.0,2482.0,0.0,clean_source_or_test_changed_lines
TEAM_05,2025.2,-25,0.0,Lower evaluator score / weaker planning,2.28125,False,0.0,2482.0,0.0,clean_source_or_test_changed_lines
TEAM_05,2025.2,-24,0.0,Lower evaluator score / weaker planning,2.28125,False,0.0,2482.0,0.0,clean_source_or_test_changed_lines
TEAM_05,2025.2,-23,0.0,Lower evaluator score / weaker planning,2.28125,False,0.0,2482.0,0.0,clean_source_or_test_changed_lines
TEAM_05,2025.2,-22,0.0,Lower evaluator score / weaker planning,2.28125,False,0.0,2482.0,0.0,clean_source_or_test_changed_lines
TEAM_05,2025.2,-21,0.0,Lower evaluator score / weaker planning,2.28125,False,0.0,2482.0,0.0,clean_source_or_test_changed_lines
TEAM_05,2025.2,-20,0.0,Lower evaluator score / weaker planning,2.28125,False,0.0,2482.0,0.0,clean_source_or_test_changed_lines
TEAM_05,2025.2,-19,0.0,Lower evaluator score / weaker planning,2.28125,False,0.0,2482.0,0.0,clean_source_or_test_changed_lines
TEAM_05,2025.2,-18,0.0,Lower evaluator score / weaker planning,2.28125,False,0.0,2482.0,0.0,clean_source_or_test_changed_lines
TEAM_05,2025.2,-17,0.0,Lower evaluator score / weaker planning,2.28125,False,0.0,2482.0,0.0,clean_source_or_test_changed_lines
TEAM_05,2025.2,-16,0.0,Lower evaluator score / weaker planning,2.28125,False,0.0,2482.0,0.0,clean_source_or_test_changed_lines
TEAM_05,2025.2,-15,0.0,Lower evaluator score / weaker planning,2.28125,False,0.0,2482.0,0.0,clean_source_or_test_changed_lines
TEAM_05,2025.2,-14,0.0,Lower evaluator score / weaker planning,2.28125,False,0.0,2482.0,0.0,clean_source_or_test_changed_lines
TEAM_05,2025.2,-13,0.0,Lower evaluator score / weaker planning,2.28125,False,0.0,2482.0,0.0,clean_source_or_test_changed_lines
TEAM_05,2025.2,-12,0.0,Lower evaluator score / weaker planning,2.28125,False,0.0,2482.0,0.0,clean_source_or_test_changed_lines
TEAM_05,2025.2,-11,0.0,Lower evaluator score / weaker planning,2.28125,False,0.0,2482.0,0.0,clean_source_or_test_changed_lines
TEAM_05,2025.2,-10,0.0,Lower evaluator score / weaker planning,2.28125,False,0.0,2482.0,0.0,clean_source_or_test_changed_lines
TEAM_05,2025.2,-9,0.0,Lower evaluator score / weaker planning,2.28125,False,0.0,2482.0,0.0,clean_source_or_test_changed_lines
TEAM_05,2025.2,-8,0.0,Lower evaluator score / weaker planning,2.28125,False,0.0,2482.0,0.0,clean_source_or_test_changed_lines
TEAM_05,2025.2,-7,0.0,Lower evaluator score / weaker planning,2.28125,False,0.0,2482.0,0.0,clean_source_or_test_changed_lines
TEAM_05,2025.2,-6,0.0,Lower evaluator score / weaker planning,2.28125,False,0.0,2482.0,0.0,clean_source_or_test_changed_lines
TEAM_05,2025.2,-5,0.0,Lower evaluator score / weaker planning,2.28125,False,0.0,2482.0,0.0,clean_source_or_test_changed_lines
TEAM_05,2025.2,-4,0.0,Lower evaluator score / weaker planning,2.28125,False,0.0,2482.0,0.0,clean_source_or_test_changed_lines
TEAM_05,2025.2,-3,0.0,Lower evaluator score / weaker planning,2.28125,False,0.0,2482.0,0.0,clean_source_or_test_changed_lines
TEAM_05,2025.2,-2,0.0,Lower evaluator score / weaker planning,2.28125,False,0.0,2482.0,0.0,clean_source_or_test_changed_lines
TEAM_05,2025.2,-1,0.0,Lower evaluator score / weaker planning,2.28125,False,0.0,2482.0,0.0,clean_source_or_test_changed_lines
TEAM_05,2025.2,0,2482.0,Lower evaluator score / weaker planning,2.28125,False,0.0,2482.0,100.0,clean_source_or_test_changed_lines
TEAM_05,2026.1,-110,0.0,Lower evaluator score / weaker planning,2.291666666666667,True,5.407171771460119,10814.0,0.0,clean_source_or_test_changed_lines
TEAM_05,2026.1,-109,0.0,Lower evaluator score / weaker planning,2.291666666666667,True,5.407171771460119,10814.0,0.0,clean_source_or_test_changed_lines
TEAM_05,2026.1,-108,0.0,Lower evaluator score / weaker planning,2.291666666666667,True,5.407171771460119,10814.0,0.0,clean_source_or_test_changed_lines
TEAM_05,2026.1,-107,0.0,Lower evaluator score / weaker planning,2.291666666666667,True,5.407171771460119,10814.0,0.0,clean_source_or_test_changed_lines
TEAM_05,2026.1,-106,0.0,Lower evaluator score / weaker planning,2.291666666666667,True,5.407171771460119,10814.0,0.0,clean_source_or_test_changed_lines
TEAM_05,2026.1,-105,0.0,Lower evaluator score / weaker planning,2.291666666666667,True,5.407171771460119,10814.0,0.0,clean_source_or_test_changed_lines
TEAM_05,2026.1,-104,0.0,Lower evaluator score / weaker planning,2.291666666666667,True,5.407171771460119,10814.0,0.0,clean_source_or_test_changed_lines
TEAM_05,2026.1,-103,0.0,Lower evaluator score / weaker planning,2.291666666666667,True,5.407171771460119,10814.0,0.0,clean_source_or_test_changed_lines
TEAM_05,2026.1,-102,0.0,Lower evaluator score / weaker planning,2.291666666666667,True,5.407171771460119,10814.0,0.0,clean_source_or_test_changed_lines
TEAM_05,2026.1,-101,0.0,Lower evaluator score / weaker planning,2.291666666666667,True,5.407171771460119,10814.0,0.0,clean_source_or_test_changed_lines
TEAM_05,2026.1,-100,0.0,Lower evaluator score / weaker planning,2.291666666666667,True,5.407171771460119,10814.0,0.0,clean_source_or_test_changed_lines
TEAM_05,2026.1,-99,0.0,Lower evaluator score / weaker planning,2.291666666666667,True,5.407171771460119,10814.0,0.0,clean_source_or_test_changed_lines
TEAM_05,2026.1,-98,0.0,Lower evaluator score / weaker planning,2.291666666666667,True,5.407171771460119,10814.0,0.0,clean_source_or_test_changed_lines
TEAM_05,2026.1,-97,0.0,Lower evaluator score / weaker planning,2.291666666666667,True,5.407171771460119,10814.0,0.0,clean_source_or_test_changed_lines
TEAM_05,2026.1,-96,0.0,Lower evaluator score / weaker planning,2.291666666666667,True,5.407171771460119,10814.0,0.0,clean_source_or_test_changed_lines
TEAM_05,2026.1,-95,0.0,Lower evaluator score / weaker planning,2.291666666666667,True,5.407171771460119,10814.0,0.0,clean_source_or_test_changed_lines
TEAM_05,2026.1,-94,7.0,Lower evaluator score / weaker planning,2.291666666666667,True,5.407171771460119,10814.0,0.06473090438320696,clean_source_or_test_changed_lines
TEAM_05,2026.1,-93,7.0,Lower evaluator score / weaker planning,2.291666666666667,True,5.407171771460119,10814.0,0.06473090438320696,clean_source_or_test_changed_lines
TEAM_05,2026.1,-92,7.0,Lower evaluator score / weaker planning,2.291666666666667,True,5.407171771460119,10814.0,0.06473090438320696,clean_source_or_test_changed_lines
TEAM_05,2026.1,-91,7.0,Lower evaluator score / weaker planning,2.291666666666667,True,5.407171771460119,10814.0,0.06473090438320696,clean_source_or_test_changed_lines
TEAM_05,2026.1,-90,7.0,Lower evaluator score / weaker planning,2.291666666666667,True,5.407171771460119,10814.0,0.06473090438320696,clean_source_or_test_changed_lines
TEAM_05,2026.1,-89,7.0,Lower evaluator score / weaker planning,2.291666666666667,True,5.407171771460119,10814.0,0.06473090438320696,clean_source_or_test_changed_lines
TEAM_05,2026.1,-88,7.0,Lower evaluator score / weaker planning,2.291666666666667,True,5.407171771460119,10814.0,0.06473090438320696,clean_source_or_test_changed_lines
TEAM_05,2026.1,-87,0.0,Lower evaluator score / weaker planning,2.291666666666667,True,5.407171771460119,10814.0,0.0,clean_source_or_test_changed_lines
TEAM_05,2026.1,-86,0.0,Lower evaluator score / weaker planning,2.291666666666667,True,5.407171771460119,10814.0,0.0,clean_source_or_test_changed_lines
TEAM_05,2026.1,-85,0.0,Lower evaluator score / weaker planning,2.291666666666667,True,5.407171771460119,10814.0,0.0,clean_source_or_test_changed_lines
TEAM_05,2026.1,-84,0.0,Lower evaluator score / weaker planning,2.291666666666667,True,5.407171771460119,10814.0,0.0,clean_source_or_test_changed_lines
TEAM_05,2026.1,-83,55.0,Lower evaluator score / weaker planning,2.291666666666667,True,5.407171771460119,10814.0,0.5085999630109118,clean_source_or_test_changed_lines
TEAM_05,2026.1,-82,55.0,Lower evaluator score / weaker planning,2.291666666666667,True,5.407171771460119,10814.0,0.5085999630109118,clean_source_or_test_changed_lines
TEAM_05,2026.1,-81,55.0,Lower evaluator score / weaker planning,2.291666666666667,True,5.407171771460119,10814.0,0.5085999630109118,clean_source_or_test_changed_lines
TEAM_05,2026.1,-80,55.0,Lower evaluator score / weaker planning,2.291666666666667,True,5.407171771460119,10814.0,0.5085999630109118,clean_source_or_test_changed_lines
TEAM_05,2026.1,-79,143.0,Lower evaluator score / weaker planning,2.291666666666667,True,5.407171771460119,10814.0,1.3223599038283707,clean_source_or_test_changed_lines
TEAM_05,2026.1,-78,250.0,Lower evaluator score / weaker planning,2.291666666666667,True,5.407171771460119,10814.0,2.3118180136859627,clean_source_or_test_changed_lines
TEAM_05,2026.1,-77,259.0,Lower evaluator score / weaker planning,2.291666666666667,True,5.407171771460119,10814.0,2.3950434621786574,clean_source_or_test_changed_lines
TEAM_05,2026.1,-76,248.0,Lower evaluator score / weaker planning,2.291666666666667,True,5.407171771460119,10814.0,2.293323469576475,clean_source_or_test_changed_lines
TEAM_05,2026.1,-75,248.0,Lower evaluator score / weaker planning,2.291666666666667,True,5.407171771460119,10814.0,2.293323469576475,clean_source_or_test_changed_lines
TEAM_05,2026.1,-74,248.0,Lower evaluator score / weaker planning,2.291666666666667,True,5.407171771460119,10814.0,2.293323469576475,clean_source_or_test_changed_lines
TEAM_05,2026.1,-73,248.0,Lower evaluator score / weaker planning,2.291666666666667,True,5.407171771460119,10814.0,2.293323469576475,clean_source_or_test_changed_lines
TEAM_05,2026.1,-72,160.0,Lower evaluator score / weaker planning,2.291666666666667,True,5.407171771460119,10814.0,1.479563528759016,clean_source_or_test_changed_lines
TEAM_05,2026.1,-71,53.0,Lower evaluator score / weaker planning,2.291666666666667,True,5.407171771460119,10814.0,0.49010541890142406,clean_source_or_test_changed_lines
TEAM_05,2026.1,-70,44.0,Lower evaluator score / weaker planning,2.291666666666667,True,5.407171771460119,10814.0,0.4068799704087294,clean_source_or_test_changed_lines
TEAM_05,2026.1,-69,22.0,Lower evaluator score / weaker planning,2.291666666666667,True,5.407171771460119,10814.0,0.2034399852043647,clean_source_or_test_changed_lines
TEAM_05,2026.1,-68,696.0,Lower evaluator score / weaker planning,2.291666666666667,True,5.407171771460119,10814.0,6.43610135010172,clean_source_or_test_changed_lines
TEAM_05,2026.1,-67,696.0,Lower evaluator score / weaker planning,2.291666666666667,True,5.407171771460119,10814.0,6.43610135010172,clean_source_or_test_changed_lines
TEAM_05,2026.1,-66,696.0,Lower evaluator score / weaker planning,2.291666666666667,True,5.407171771460119,10814.0,6.43610135010172,clean_source_or_test_changed_lines
TEAM_05,2026.1,-65,696.0,Lower evaluator score / weaker planning,2.291666666666667,True,5.407171771460119,10814.0,6.43610135010172,clean_source_or_test_changed_lines
TEAM_05,2026.1,-64,1280.0,Lower evaluator score / weaker planning,2.291666666666667,True,5.407171771460119,10814.0,11.836508230072129,clean_source_or_test_changed_lines
TEAM_05,2026.1,-63,10814.0,Lower evaluator score / weaker planning,2.291666666666667,True,5.407171771460119,10814.0,100.0,clean_source_or_test_changed_lines
TEAM_05,2026.1,-62,10792.0,Lower evaluator score / weaker planning,2.291666666666667,True,5.407171771460119,10814.0,99.79656001479563,clean_source_or_test_changed_lines
TEAM_05,2026.1,-61,10118.0,Lower evaluator score / weaker planning,2.291666666666667,True,5.407171771460119,10814.0,93.56389864989828,clean_source_or_test_changed_lines
TEAM_05,2026.1,-60,10118.0,Lower evaluator score / weaker planning,2.291666666666667,True,5.407171771460119,10814.0,93.56389864989828,clean_source_or_test_changed_lines
TEAM_05,2026.1,-59,10118.0,Lower evaluator score / weaker planning,2.291666666666667,True,5.407171771460119,10814.0,93.56389864989828,clean_source_or_test_changed_lines
TEAM_05,2026.1,-58,10118.0,Lower evaluator score / weaker planning,2.291666666666667,True,5.407171771460119,10814.0,93.56389864989828,clean_source_or_test_changed_lines
TEAM_05,2026.1,-57,9534.0,Lower evaluator score / weaker planning,2.291666666666667,True,5.407171771460119,10814.0,88.16349176992787,clean_source_or_test_changed_lines
TEAM_05,2026.1,-56,0.0,Lower evaluator score / weaker planning,2.291666666666667,True,5.407171771460119,10814.0,0.0,clean_source_or_test_changed_lines
TEAM_05,2026.1,-55,0.0,Lower evaluator score / weaker planning,2.291666666666667,True,5.407171771460119,10814.0,0.0,clean_source_or_test_changed_lines
TEAM_05,2026.1,-54,0.0,Lower evaluator score / weaker planning,2.291666666666667,True,5.407171771460119,10814.0,0.0,clean_source_or_test_changed_lines
TEAM_05,2026.1,-53,0.0,Lower evaluator score / weaker planning,2.291666666666667,True,5.407171771460119,10814.0,0.0,clean_source_or_test_changed_lines
TEAM_05,2026.1,-52,0.0,Lower evaluator score / weaker planning,2.291666666666667,True,5.407171771460119,10814.0,0.0,clean_source_or_test_changed_lines
TEAM_05,2026.1,-51,0.0,Lower evaluator score / weaker planning,2.291666666666667,True,5.407171771460119,10814.0,0.0,clean_source_or_test_changed_lines
TEAM_05,2026.1,-50,0.0,Lower evaluator score / weaker planning,2.291666666666667,True,5.407171771460119,10814.0,0.0,clean_source_or_test_changed_lines
TEAM_05,2026.1,-49,564.0,Lower evaluator score / weaker planning,2.291666666666667,True,5.407171771460119,10814.0,5.215461438875532,clean_source_or_test_changed_lines
TEAM_05,2026.1,-48,982.0,Lower evaluator score / weaker planning,2.291666666666667,True,5.407171771460119,10814.0,9.08082115775846,clean_source_or_test_changed_lines
TEAM_05,2026.1,-47,1455.0,Lower evaluator score / weaker planning,2.291666666666667,True,5.407171771460119,10814.0,13.454780839652303,clean_source_or_test_changed_lines
TEAM_05,2026.1,-46,1658.0,Lower evaluator score / weaker planning,2.291666666666667,True,5.407171771460119,10814.0,15.331977066765305,clean_source_or_test_changed_lines
TEAM_05,2026.1,-45,1658.0,Lower evaluator score / weaker planning,2.291666666666667,True,5.407171771460119,10814.0,15.331977066765305,clean_source_or_test_changed_lines
TEAM_05,2026.1,-44,1658.0,Lower evaluator score / weaker planning,2.291666666666667,True,5.407171771460119,10814.0,15.331977066765305,clean_source_or_test_changed_lines
TEAM_05,2026.1,-43,1658.0,Lower evaluator score / weaker planning,2.291666666666667,True,5.407171771460119,10814.0,15.331977066765305,clean_source_or_test_changed_lines
TEAM_05,2026.1,-42,1163.0,Lower evaluator score / weaker planning,2.291666666666667,True,5.407171771460119,10814.0,10.754577399667099,clean_source_or_test_changed_lines
TEAM_05,2026.1,-41,1196.0,Lower evaluator score / weaker planning,2.291666666666667,True,5.407171771460119,10814.0,11.059737377473645,clean_source_or_test_changed_lines
TEAM_05,2026.1,-40,723.0,Lower evaluator score / weaker planning,2.291666666666667,True,5.407171771460119,10814.0,6.685777695579804,clean_source_or_test_changed_lines
TEAM_05,2026.1,-39,520.0,Lower evaluator score / weaker planning,2.291666666666667,True,5.407171771460119,10814.0,4.8085814684668025,clean_source_or_test_changed_lines
TEAM_05,2026.1,-38,520.0,Lower evaluator score / weaker planning,2.291666666666667,True,5.407171771460119,10814.0,4.8085814684668025,clean_source_or_test_changed_lines
TEAM_05,2026.1,-37,520.0,Lower evaluator score / weaker planning,2.291666666666667,True,5.407171771460119,10814.0,4.8085814684668025,clean_source_or_test_changed_lines
TEAM_05,2026.1,-36,520.0,Lower evaluator score / weaker planning,2.291666666666667,True,5.407171771460119,10814.0,4.8085814684668025,clean_source_or_test_changed_lines
TEAM_05,2026.1,-35,451.0,Lower evaluator score / weaker planning,2.291666666666667,True,5.407171771460119,10814.0,4.170519696689476,clean_source_or_test_changed_lines
TEAM_05,2026.1,-34,0.0,Lower evaluator score / weaker planning,2.291666666666667,True,5.407171771460119,10814.0,0.0,clean_source_or_test_changed_lines
TEAM_05,2026.1,-33,0.0,Lower evaluator score / weaker planning,2.291666666666667,True,5.407171771460119,10814.0,0.0,clean_source_or_test_changed_lines
TEAM_05,2026.1,-32,0.0,Lower evaluator score / weaker planning,2.291666666666667,True,5.407171771460119,10814.0,0.0,clean_source_or_test_changed_lines
TEAM_05,2026.1,-31,223.0,Lower evaluator score / weaker planning,2.291666666666667,True,5.407171771460119,10814.0,2.062141668207879,clean_source_or_test_changed_lines
TEAM_05,2026.1,-30,338.0,Lower evaluator score / weaker planning,2.291666666666667,True,5.407171771460119,10814.0,3.1255779545034215,clean_source_or_test_changed_lines
TEAM_05,2026.1,-29,802.0,Lower evaluator score / weaker planning,2.291666666666667,True,5.407171771460119,10814.0,7.416312187904568,clean_source_or_test_changed_lines
TEAM_05,2026.1,-28,3598.0,Lower evaluator score / weaker planning,2.291666666666667,True,5.407171771460119,10814.0,33.27168485296838,clean_source_or_test_changed_lines
TEAM_05,2026.1,-27,3603.0,Lower evaluator score / weaker planning,2.291666666666667,True,5.407171771460119,10814.0,33.317921213242094,clean_source_or_test_changed_lines
TEAM_05,2026.1,-26,3603.0,Lower evaluator score / weaker planning,2.291666666666667,True,5.407171771460119,10814.0,33.317921213242094,clean_source_or_test_changed_lines
TEAM_05,2026.1,-25,3603.0,Lower evaluator score / weaker planning,2.291666666666667,True,5.407171771460119,10814.0,33.317921213242094,clean_source_or_test_changed_lines
TEAM_05,2026.1,-24,3380.0,Lower evaluator score / weaker planning,2.291666666666667,True,5.407171771460119,10814.0,31.255779545034216,clean_source_or_test_changed_lines
TEAM_05,2026.1,-23,3265.0,Lower evaluator score / weaker planning,2.291666666666667,True,5.407171771460119,10814.0,30.19234325873867,clean_source_or_test_changed_lines
TEAM_05,2026.1,-22,2801.0,Lower evaluator score / weaker planning,2.291666666666667,True,5.407171771460119,10814.0,25.901609025337525,clean_source_or_test_changed_lines
TEAM_05,2026.1,-21,542.0,Lower evaluator score / weaker planning,2.291666666666667,True,5.407171771460119,10814.0,5.012021453671167,clean_source_or_test_changed_lines
TEAM_05,2026.1,-20,537.0,Lower evaluator score / weaker planning,2.291666666666667,True,5.407171771460119,10814.0,4.9657850933974474,clean_source_or_test_changed_lines
TEAM_05,2026.1,-19,1496.0,Lower evaluator score / weaker planning,2.291666666666667,True,5.407171771460119,10814.0,13.8339189938968,clean_source_or_test_changed_lines
TEAM_05,2026.1,-18,2980.0,Lower evaluator score / weaker planning,2.291666666666667,True,5.407171771460119,10814.0,27.556870723136676,clean_source_or_test_changed_lines
TEAM_05,2026.1,-17,3037.0,Lower evaluator score / weaker planning,2.291666666666667,True,5.407171771460119,10814.0,28.083965230257075,clean_source_or_test_changed_lines
TEAM_05,2026.1,-16,3037.0,Lower evaluator score / weaker planning,2.291666666666667,True,5.407171771460119,10814.0,28.083965230257075,clean_source_or_test_changed_lines
TEAM_05,2026.1,-15,3099.0,Lower evaluator score / weaker planning,2.291666666666667,True,5.407171771460119,10814.0,28.657296097651194,clean_source_or_test_changed_lines
TEAM_05,2026.1,-14,2562.0,Lower evaluator score / weaker planning,2.291666666666667,True,5.407171771460119,10814.0,23.691511004253744,clean_source_or_test_changed_lines
TEAM_05,2026.1,-13,2562.0,Lower evaluator score / weaker planning,2.291666666666667,True,5.407171771460119,10814.0,23.691511004253744,clean_source_or_test_changed_lines
TEAM_05,2026.1,-12,1603.0,Lower evaluator score / weaker planning,2.291666666666667,True,5.407171771460119,10814.0,14.823377103754392,clean_source_or_test_changed_lines
TEAM_05,2026.1,-11,119.0,Lower evaluator score / weaker planning,2.291666666666667,True,5.407171771460119,10814.0,1.1004253745145183,clean_source_or_test_changed_lines
TEAM_05,2026.1,-10,62.0,Lower evaluator score / weaker planning,2.291666666666667,True,5.407171771460119,10814.0,0.5733308673941188,clean_source_or_test_changed_lines
TEAM_05,2026.1,-9,62.0,Lower evaluator score / weaker planning,2.291666666666667,True,5.407171771460119,10814.0,0.5733308673941188,clean_source_or_test_changed_lines
TEAM_05,2026.1,-8,0.0,Lower evaluator score / weaker planning,2.291666666666667,True,5.407171771460119,10814.0,0.0,clean_source_or_test_changed_lines
TEAM_05,2026.1,-7,115.0,Lower evaluator score / weaker planning,2.291666666666667,True,5.407171771460119,10814.0,1.0634362862955429,clean_source_or_test_changed_lines
TEAM_05,2026.1,-6,1689.0,Lower evaluator score / weaker planning,2.291666666666667,True,5.407171771460119,10814.0,15.618642500462364,clean_source_or_test_changed_lines
TEAM_05,2026.1,-5,1689.0,Lower evaluator score / weaker planning,2.291666666666667,True,5.407171771460119,10814.0,15.618642500462364,clean_source_or_test_changed_lines
TEAM_05,2026.1,-4,1689.0,Lower evaluator score / weaker planning,2.291666666666667,True,5.407171771460119,10814.0,15.618642500462364,clean_source_or_test_changed_lines
TEAM_05,2026.1,-3,1689.0,Lower evaluator score / weaker planning,2.291666666666667,True,5.407171771460119,10814.0,15.618642500462364,clean_source_or_test_changed_lines
TEAM_05,2026.1,-2,1689.0,Lower evaluator score / weaker planning,2.291666666666667,True,5.407171771460119,10814.0,15.618642500462364,clean_source_or_test_changed_lines
TEAM_05,2026.1,-1,1758.0,Lower evaluator score / weaker planning,2.291666666666667,True,5.407171771460119,10814.0,16.256704272239688,clean_source_or_test_changed_lines
TEAM_05,2026.1,0,2254.0,Lower evaluator score / weaker planning,2.291666666666667,True,5.407171771460119,10814.0,20.84335121139264,clean_source_or_test_changed_lines
TEAM_07,2025.2,-110,0.0,High evaluator score + good planning,2.5,True,2.4849066497880004,10724.0,0.0,clean_source_or_test_changed_lines
TEAM_07,2025.2,-109,0.0,High evaluator score + good planning,2.5,True,2.4849066497880004,10724.0,0.0,clean_source_or_test_changed_lines
TEAM_07,2025.2,-108,0.0,High evaluator score + good planning,2.5,True,2.4849066497880004,10724.0,0.0,clean_source_or_test_changed_lines
TEAM_07,2025.2,-107,0.0,High evaluator score + good planning,2.5,True,2.4849066497880004,10724.0,0.0,clean_source_or_test_changed_lines
TEAM_07,2025.2,-106,0.0,High evaluator score + good planning,2.5,True,2.4849066497880004,10724.0,0.0,clean_source_or_test_changed_lines
TEAM_07,2025.2,-105,0.0,High evaluator score + good planning,2.5,True,2.4849066497880004,10724.0,0.0,clean_source_or_test_changed_lines
TEAM_07,2025.2,-104,0.0,High evaluator score + good planning,2.5,True,2.4849066497880004,10724.0,0.0,clean_source_or_test_changed_lines
TEAM_07,2025.2,-103,0.0,High evaluator score + good planning,2.5,True,2.4849066497880004,10724.0,0.0,clean_source_or_test_changed_lines
TEAM_07,2025.2,-102,0.0,High evaluator score + good planning,2.5,True,2.4849066497880004,10724.0,0.0,clean_source_or_test_changed_lines
TEAM_07,2025.2,-101,0.0,High evaluator score + good planning,2.5,True,2.4849066497880004,10724.0,0.0,clean_source_or_test_changed_lines
TEAM_07,2025.2,-100,0.0,High evaluator score + good planning,2.5,True,2.4849066497880004,10724.0,0.0,clean_source_or_test_changed_lines
TEAM_07,2025.2,-99,0.0,High evaluator score + good planning,2.5,True,2.4849066497880004,10724.0,0.0,clean_source_or_test_changed_lines
TEAM_07,2025.2,-98,0.0,High evaluator score + good planning,2.5,True,2.4849066497880004,10724.0,0.0,clean_source_or_test_changed_lines
TEAM_07,2025.2,-97,0.0,High evaluator score + good planning,2.5,True,2.4849066497880004,10724.0,0.0,clean_source_or_test_changed_lines
TEAM_07,2025.2,-96,0.0,High evaluator score + good planning,2.5,True,2.4849066497880004,10724.0,0.0,clean_source_or_test_changed_lines
TEAM_07,2025.2,-95,0.0,High evaluator score + good planning,2.5,True,2.4849066497880004,10724.0,0.0,clean_source_or_test_changed_lines
TEAM_07,2025.2,-94,0.0,High evaluator score + good planning,2.5,True,2.4849066497880004,10724.0,0.0,clean_source_or_test_changed_lines
TEAM_07,2025.2,-93,0.0,High evaluator score + good planning,2.5,True,2.4849066497880004,10724.0,0.0,clean_source_or_test_changed_lines
TEAM_07,2025.2,-92,0.0,High evaluator score + good planning,2.5,True,2.4849066497880004,10724.0,0.0,clean_source_or_test_changed_lines
TEAM_07,2025.2,-91,0.0,High evaluator score + good planning,2.5,True,2.4849066497880004,10724.0,0.0,clean_source_or_test_changed_lines
TEAM_07,2025.2,-90,0.0,High evaluator score + good planning,2.5,True,2.4849066497880004,10724.0,0.0,clean_source_or_test_changed_lines
TEAM_07,2025.2,-89,0.0,High evaluator score + good planning,2.5,True,2.4849066497880004,10724.0,0.0,clean_source_or_test_changed_lines
TEAM_07,2025.2,-88,0.0,High evaluator score + good planning,2.5,True,2.4849066497880004,10724.0,0.0,clean_source_or_test_changed_lines
TEAM_07,2025.2,-87,0.0,High evaluator score + good planning,2.5,True,2.4849066497880004,10724.0,0.0,clean_source_or_test_changed_lines
TEAM_07,2025.2,-86,0.0,High evaluator score + good planning,2.5,True,2.4849066497880004,10724.0,0.0,clean_source_or_test_changed_lines
TEAM_07,2025.2,-85,0.0,High evaluator score + good planning,2.5,True,2.4849066497880004,10724.0,0.0,clean_source_or_test_changed_lines
TEAM_07,2025.2,-84,0.0,High evaluator score + good planning,2.5,True,2.4849066497880004,10724.0,0.0,clean_source_or_test_changed_lines
TEAM_07,2025.2,-83,0.0,High evaluator score + good planning,2.5,True,2.4849066497880004,10724.0,0.0,clean_source_or_test_changed_lines
TEAM_07,2025.2,-82,0.0,High evaluator score + good planning,2.5,True,2.4849066497880004,10724.0,0.0,clean_source_or_test_changed_lines
TEAM_07,2025.2,-81,0.0,High evaluator score + good planning,2.5,True,2.4849066497880004,10724.0,0.0,clean_source_or_test_changed_lines
TEAM_07,2025.2,-80,0.0,High evaluator score + good planning,2.5,True,2.4849066497880004,10724.0,0.0,clean_source_or_test_changed_lines
TEAM_07,2025.2,-79,0.0,High evaluator score + good planning,2.5,True,2.4849066497880004,10724.0,0.0,clean_source_or_test_changed_lines
TEAM_07,2025.2,-78,0.0,High evaluator score + good planning,2.5,True,2.4849066497880004,10724.0,0.0,clean_source_or_test_changed_lines
TEAM_07,2025.2,-77,0.0,High evaluator score + good planning,2.5,True,2.4849066497880004,10724.0,0.0,clean_source_or_test_changed_lines
TEAM_07,2025.2,-76,0.0,High evaluator score + good planning,2.5,True,2.4849066497880004,10724.0,0.0,clean_source_or_test_changed_lines
TEAM_07,2025.2,-75,0.0,High evaluator score + good planning,2.5,True,2.4849066497880004,10724.0,0.0,clean_source_or_test_changed_lines
TEAM_07,2025.2,-74,0.0,High evaluator score + good planning,2.5,True,2.4849066497880004,10724.0,0.0,clean_source_or_test_changed_lines
TEAM_07,2025.2,-73,0.0,High evaluator score + good planning,2.5,True,2.4849066497880004,10724.0,0.0,clean_source_or_test_changed_lines
TEAM_07,2025.2,-72,0.0,High evaluator score + good planning,2.5,True,2.4849066497880004,10724.0,0.0,clean_source_or_test_changed_lines
TEAM_07,2025.2,-71,289.0,High evaluator score + good planning,2.5,True,2.4849066497880004,10724.0,2.6948899664304364,clean_source_or_test_changed_lines
TEAM_07,2025.2,-70,289.0,High evaluator score + good planning,2.5,True,2.4849066497880004,10724.0,2.6948899664304364,clean_source_or_test_changed_lines
TEAM_07,2025.2,-69,289.0,High evaluator score + good planning,2.5,True,2.4849066497880004,10724.0,2.6948899664304364,clean_source_or_test_changed_lines
TEAM_07,2025.2,-68,289.0,High evaluator score + good planning,2.5,True,2.4849066497880004,10724.0,2.6948899664304364,clean_source_or_test_changed_lines
TEAM_07,2025.2,-67,289.0,High evaluator score + good planning,2.5,True,2.4849066497880004,10724.0,2.6948899664304364,clean_source_or_test_changed_lines
TEAM_07,2025.2,-66,289.0,High evaluator score + good planning,2.5,True,2.4849066497880004,10724.0,2.6948899664304364,clean_source_or_test_changed_lines
TEAM_07,2025.2,-65,289.0,High evaluator score + good planning,2.5,True,2.4849066497880004,10724.0,2.6948899664304364,clean_source_or_test_changed_lines
TEAM_07,2025.2,-64,0.0,High evaluator score + good planning,2.5,True,2.4849066497880004,10724.0,0.0,clean_source_or_test_changed_lines
TEAM_07,2025.2,-63,0.0,High evaluator score + good planning,2.5,True,2.4849066497880004,10724.0,0.0,clean_source_or_test_changed_lines
TEAM_07,2025.2,-62,0.0,High evaluator score + good planning,2.5,True,2.4849066497880004,10724.0,0.0,clean_source_or_test_changed_lines
TEAM_07,2025.2,-61,0.0,High evaluator score + good planning,2.5,True,2.4849066497880004,10724.0,0.0,clean_source_or_test_changed_lines
TEAM_07,2025.2,-60,0.0,High evaluator score + good planning,2.5,True,2.4849066497880004,10724.0,0.0,clean_source_or_test_changed_lines
TEAM_07,2025.2,-59,162.0,High evaluator score + good planning,2.5,True,2.4849066497880004,10724.0,1.5106303618052965,clean_source_or_test_changed_lines
TEAM_07,2025.2,-58,2118.0,High evaluator score + good planning,2.5,True,2.4849066497880004,10724.0,19.750093248787767,clean_source_or_test_changed_lines
TEAM_07,2025.2,-57,2118.0,High evaluator score + good planning,2.5,True,2.4849066497880004,10724.0,19.750093248787767,clean_source_or_test_changed_lines
TEAM_07,2025.2,-56,2118.0,High evaluator score + good planning,2.5,True,2.4849066497880004,10724.0,19.750093248787767,clean_source_or_test_changed_lines
TEAM_07,2025.2,-55,2296.0,High evaluator score + good planning,2.5,True,2.4849066497880004,10724.0,21.409921671018278,clean_source_or_test_changed_lines
TEAM_07,2025.2,-54,2296.0,High evaluator score + good planning,2.5,True,2.4849066497880004,10724.0,21.409921671018278,clean_source_or_test_changed_lines
TEAM_07,2025.2,-53,2296.0,High evaluator score + good planning,2.5,True,2.4849066497880004,10724.0,21.409921671018278,clean_source_or_test_changed_lines
TEAM_07,2025.2,-52,3484.0,High evaluator score + good planning,2.5,True,2.4849066497880004,10724.0,32.48787765759045,clean_source_or_test_changed_lines
TEAM_07,2025.2,-51,10566.0,High evaluator score + good planning,2.5,True,2.4849066497880004,10724.0,98.526669153301,clean_source_or_test_changed_lines
TEAM_07,2025.2,-50,10566.0,High evaluator score + good planning,2.5,True,2.4849066497880004,10724.0,98.526669153301,clean_source_or_test_changed_lines
TEAM_07,2025.2,-49,10724.0,High evaluator score + good planning,2.5,True,2.4849066497880004,10724.0,100.0,clean_source_or_test_changed_lines
TEAM_07,2025.2,-48,10546.0,High evaluator score + good planning,2.5,True,2.4849066497880004,10724.0,98.3401715777695,clean_source_or_test_changed_lines
TEAM_07,2025.2,-47,10546.0,High evaluator score + good planning,2.5,True,2.4849066497880004,10724.0,98.3401715777695,clean_source_or_test_changed_lines
TEAM_07,2025.2,-46,10546.0,High evaluator score + good planning,2.5,True,2.4849066497880004,10724.0,98.3401715777695,clean_source_or_test_changed_lines
TEAM_07,2025.2,-45,9196.0,High evaluator score + good planning,2.5,True,2.4849066497880004,10724.0,85.75158522939202,clean_source_or_test_changed_lines
TEAM_07,2025.2,-44,158.0,High evaluator score + good planning,2.5,True,2.4849066497880004,10724.0,1.473330846698993,clean_source_or_test_changed_lines
TEAM_07,2025.2,-43,158.0,High evaluator score + good planning,2.5,True,2.4849066497880004,10724.0,1.473330846698993,clean_source_or_test_changed_lines
TEAM_07,2025.2,-42,0.0,High evaluator score + good planning,2.5,True,2.4849066497880004,10724.0,0.0,clean_source_or_test_changed_lines
TEAM_07,2025.2,-41,0.0,High evaluator score + good planning,2.5,True,2.4849066497880004,10724.0,0.0,clean_source_or_test_changed_lines
TEAM_07,2025.2,-40,0.0,High evaluator score + good planning,2.5,True,2.4849066497880004,10724.0,0.0,clean_source_or_test_changed_lines
TEAM_07,2025.2,-39,0.0,High evaluator score + good planning,2.5,True,2.4849066497880004,10724.0,0.0,clean_source_or_test_changed_lines
TEAM_07,2025.2,-38,0.0,High evaluator score + good planning,2.5,True,2.4849066497880004,10724.0,0.0,clean_source_or_test_changed_lines
TEAM_07,2025.2,-37,0.0,High evaluator score + good planning,2.5,True,2.4849066497880004,10724.0,0.0,clean_source_or_test_changed_lines
TEAM_07,2025.2,-36,0.0,High evaluator score + good planning,2.5,True,2.4849066497880004,10724.0,0.0,clean_source_or_test_changed_lines
TEAM_07,2025.2,-35,0.0,High evaluator score + good planning,2.5,True,2.4849066497880004,10724.0,0.0,clean_source_or_test_changed_lines
TEAM_07,2025.2,-34,0.0,High evaluator score + good planning,2.5,True,2.4849066497880004,10724.0,0.0,clean_source_or_test_changed_lines
TEAM_07,2025.2,-33,0.0,High evaluator score + good planning,2.5,True,2.4849066497880004,10724.0,0.0,clean_source_or_test_changed_lines
TEAM_07,2025.2,-32,0.0,High evaluator score + good planning,2.5,True,2.4849066497880004,10724.0,0.0,clean_source_or_test_changed_lines
TEAM_07,2025.2,-31,0.0,High evaluator score + good planning,2.5,True,2.4849066497880004,10724.0,0.0,clean_source_or_test_changed_lines
TEAM_07,2025.2,-30,0.0,High evaluator score + good planning,2.5,True,2.4849066497880004,10724.0,0.0,clean_source_or_test_changed_lines
TEAM_07,2025.2,-29,0.0,High evaluator score + good planning,2.5,True,2.4849066497880004,10724.0,0.0,clean_source_or_test_changed_lines
TEAM_07,2025.2,-28,0.0,High evaluator score + good planning,2.5,True,2.4849066497880004,10724.0,0.0,clean_source_or_test_changed_lines
TEAM_07,2025.2,-27,680.0,High evaluator score + good planning,2.5,True,2.4849066497880004,10724.0,6.340917568071615,clean_source_or_test_changed_lines
TEAM_07,2025.2,-26,993.0,High evaluator score + good planning,2.5,True,2.4849066497880004,10724.0,9.259604625139874,clean_source_or_test_changed_lines
TEAM_07,2025.2,-25,993.0,High evaluator score + good planning,2.5,True,2.4849066497880004,10724.0,9.259604625139874,clean_source_or_test_changed_lines
TEAM_07,2025.2,-24,2133.0,High evaluator score + good planning,2.5,True,2.4849066497880004,10724.0,19.889966430436406,clean_source_or_test_changed_lines
TEAM_07,2025.2,-23,3275.0,High evaluator score + good planning,2.5,True,2.4849066497880004,10724.0,30.53897799328609,clean_source_or_test_changed_lines
TEAM_07,2025.2,-22,3752.0,High evaluator score + good planning,2.5,True,2.4849066497880004,10724.0,34.9869451697128,clean_source_or_test_changed_lines
TEAM_07,2025.2,-21,4629.0,High evaluator score + good planning,2.5,True,2.4849066497880004,10724.0,43.16486385676986,clean_source_or_test_changed_lines
TEAM_07,2025.2,-20,3949.0,High evaluator score + good planning,2.5,True,2.4849066497880004,10724.0,36.823946288698245,clean_source_or_test_changed_lines
TEAM_07,2025.2,-19,3636.0,High evaluator score + good planning,2.5,True,2.4849066497880004,10724.0,33.90525923162999,clean_source_or_test_changed_lines
TEAM_07,2025.2,-18,3636.0,High evaluator score + good planning,2.5,True,2.4849066497880004,10724.0,33.90525923162999,clean_source_or_test_changed_lines
TEAM_07,2025.2,-17,2496.0,High evaluator score + good planning,2.5,True,2.4849066497880004,10724.0,23.274897426333457,clean_source_or_test_changed_lines
TEAM_07,2025.2,-16,1354.0,High evaluator score + good planning,2.5,True,2.4849066497880004,10724.0,12.625885863483775,clean_source_or_test_changed_lines
TEAM_07,2025.2,-15,877.0,High evaluator score + good planning,2.5,True,2.4849066497880004,10724.0,8.177918687057069,clean_source_or_test_changed_lines
TEAM_07,2025.2,-14,0.0,High evaluator score + good planning,2.5,True,2.4849066497880004,10724.0,0.0,clean_source_or_test_changed_lines
TEAM_07,2025.2,-13,0.0,High evaluator score + good planning,2.5,True,2.4849066497880004,10724.0,0.0,clean_source_or_test_changed_lines
TEAM_07,2025.2,-12,0.0,High evaluator score + good planning,2.5,True,2.4849066497880004,10724.0,0.0,clean_source_or_test_changed_lines
TEAM_07,2025.2,-11,0.0,High evaluator score + good planning,2.5,True,2.4849066497880004,10724.0,0.0,clean_source_or_test_changed_lines
TEAM_07,2025.2,-10,0.0,High evaluator score + good planning,2.5,True,2.4849066497880004,10724.0,0.0,clean_source_or_test_changed_lines
TEAM_07,2025.2,-9,0.0,High evaluator score + good planning,2.5,True,2.4849066497880004,10724.0,0.0,clean_source_or_test_changed_lines
TEAM_07,2025.2,-8,0.0,High evaluator score + good planning,2.5,True,2.4849066497880004,10724.0,0.0,clean_source_or_test_changed_lines
TEAM_07,2025.2,-7,0.0,High evaluator score + good planning,2.5,True,2.4849066497880004,10724.0,0.0,clean_source_or_test_changed_lines
TEAM_07,2025.2,-6,0.0,High evaluator score + good planning,2.5,True,2.4849066497880004,10724.0,0.0,clean_source_or_test_changed_lines
TEAM_07,2025.2,-5,0.0,High evaluator score + good planning,2.5,True,2.4849066497880004,10724.0,0.0,clean_source_or_test_changed_lines
TEAM_07,2025.2,-4,0.0,High evaluator score + good planning,2.5,True,2.4849066497880004,10724.0,0.0,clean_source_or_test_changed_lines
TEAM_07,2025.2,-3,0.0,High evaluator score + good planning,2.5,True,2.4849066497880004,10724.0,0.0,clean_source_or_test_changed_lines
TEAM_07,2025.2,-2,662.0,High evaluator score + good planning,2.5,True,2.4849066497880004,10724.0,6.173069750093249,clean_source_or_test_changed_lines
TEAM_07,2025.2,-1,1208.0,High evaluator score + good planning,2.5,True,2.4849066497880004,10724.0,11.264453562103693,clean_source_or_test_changed_lines
TEAM_07,2025.2,0,1208.0,High evaluator score + good planning,2.5,True,2.4849066497880004,10724.0,11.264453562103693,clean_source_or_test_changed_lines
TEAM_08,2025.2,-110,0.0,Lower evaluator score / weaker planning,2.416666666666667,False,0.0,1452.0,0.0,clean_source_or_test_changed_lines
TEAM_08,2025.2,-109,0.0,Lower evaluator score / weaker planning,2.416666666666667,False,0.0,1452.0,0.0,clean_source_or_test_changed_lines
TEAM_08,2025.2,-108,0.0,Lower evaluator score / weaker planning,2.416666666666667,False,0.0,1452.0,0.0,clean_source_or_test_changed_lines
TEAM_08,2025.2,-107,0.0,Lower evaluator score / weaker planning,2.416666666666667,False,0.0,1452.0,0.0,clean_source_or_test_changed_lines
TEAM_08,2025.2,-106,0.0,Lower evaluator score / weaker planning,2.416666666666667,False,0.0,1452.0,0.0,clean_source_or_test_changed_lines
TEAM_08,2025.2,-105,0.0,Lower evaluator score / weaker planning,2.416666666666667,False,0.0,1452.0,0.0,clean_source_or_test_changed_lines
TEAM_08,2025.2,-104,0.0,Lower evaluator score / weaker planning,2.416666666666667,False,0.0,1452.0,0.0,clean_source_or_test_changed_lines
TEAM_08,2025.2,-103,0.0,Lower evaluator score / weaker planning,2.416666666666667,False,0.0,1452.0,0.0,clean_source_or_test_changed_lines
TEAM_08,2025.2,-102,0.0,Lower evaluator score / weaker planning,2.416666666666667,False,0.0,1452.0,0.0,clean_source_or_test_changed_lines
TEAM_08,2025.2,-101,0.0,Lower evaluator score / weaker planning,2.416666666666667,False,0.0,1452.0,0.0,clean_source_or_test_changed_lines
TEAM_08,2025.2,-100,0.0,Lower evaluator score / weaker planning,2.416666666666667,False,0.0,1452.0,0.0,clean_source_or_test_changed_lines
TEAM_08,2025.2,-99,0.0,Lower evaluator score / weaker planning,2.416666666666667,False,0.0,1452.0,0.0,clean_source_or_test_changed_lines
TEAM_08,2025.2,-98,0.0,Lower evaluator score / weaker planning,2.416666666666667,False,0.0,1452.0,0.0,clean_source_or_test_changed_lines
TEAM_08,2025.2,-97,0.0,Lower evaluator score / weaker planning,2.416666666666667,False,0.0,1452.0,0.0,clean_source_or_test_changed_lines
TEAM_08,2025.2,-96,0.0,Lower evaluator score / weaker planning,2.416666666666667,False,0.0,1452.0,0.0,clean_source_or_test_changed_lines
TEAM_08,2025.2,-95,0.0,Lower evaluator score / weaker planning,2.416666666666667,False,0.0,1452.0,0.0,clean_source_or_test_changed_lines
TEAM_08,2025.2,-94,0.0,Lower evaluator score / weaker planning,2.416666666666667,False,0.0,1452.0,0.0,clean_source_or_test_changed_lines
TEAM_08,2025.2,-93,0.0,Lower evaluator score / weaker planning,2.416666666666667,False,0.0,1452.0,0.0,clean_source_or_test_changed_lines
TEAM_08,2025.2,-92,0.0,Lower evaluator score / weaker planning,2.416666666666667,False,0.0,1452.0,0.0,clean_source_or_test_changed_lines
TEAM_08,2025.2,-91,0.0,Lower evaluator score / weaker planning,2.416666666666667,False,0.0,1452.0,0.0,clean_source_or_test_changed_lines
TEAM_08,2025.2,-90,0.0,Lower evaluator score / weaker planning,2.416666666666667,False,0.0,1452.0,0.0,clean_source_or_test_changed_lines
TEAM_08,2025.2,-89,0.0,Lower evaluator score / weaker planning,2.416666666666667,False,0.0,1452.0,0.0,clean_source_or_test_changed_lines
TEAM_08,2025.2,-88,0.0,Lower evaluator score / weaker planning,2.416666666666667,False,0.0,1452.0,0.0,clean_source_or_test_changed_lines
TEAM_08,2025.2,-87,0.0,Lower evaluator score / weaker planning,2.416666666666667,False,0.0,1452.0,0.0,clean_source_or_test_changed_lines
TEAM_08,2025.2,-86,0.0,Lower evaluator score / weaker planning,2.416666666666667,False,0.0,1452.0,0.0,clean_source_or_test_changed_lines
TEAM_08,2025.2,-85,0.0,Lower evaluator score / weaker planning,2.416666666666667,False,0.0,1452.0,0.0,clean_source_or_test_changed_lines
TEAM_08,2025.2,-84,0.0,Lower evaluator score / weaker planning,2.416666666666667,False,0.0,1452.0,0.0,clean_source_or_test_changed_lines
TEAM_08,2025.2,-83,0.0,Lower evaluator score / weaker planning,2.416666666666667,False,0.0,1452.0,0.0,clean_source_or_test_changed_lines
TEAM_08,2025.2,-82,0.0,Lower evaluator score / weaker planning,2.416666666666667,False,0.0,1452.0,0.0,clean_source_or_test_changed_lines
TEAM_08,2025.2,-81,0.0,Lower evaluator score / weaker planning,2.416666666666667,False,0.0,1452.0,0.0,clean_source_or_test_changed_lines
TEAM_08,2025.2,-80,0.0,Lower evaluator score / weaker planning,2.416666666666667,False,0.0,1452.0,0.0,clean_source_or_test_changed_lines
TEAM_08,2025.2,-79,0.0,Lower evaluator score / weaker planning,2.416666666666667,False,0.0,1452.0,0.0,clean_source_or_test_changed_lines
TEAM_08,2025.2,-78,0.0,Lower evaluator score / weaker planning,2.416666666666667,False,0.0,1452.0,0.0,clean_source_or_test_changed_lines
TEAM_08,2025.2,-77,0.0,Lower evaluator score / weaker planning,2.416666666666667,False,0.0,1452.0,0.0,clean_source_or_test_changed_lines
TEAM_08,2025.2,-76,0.0,Lower evaluator score / weaker planning,2.416666666666667,False,0.0,1452.0,0.0,clean_source_or_test_changed_lines
TEAM_08,2025.2,-75,0.0,Lower evaluator score / weaker planning,2.416666666666667,False,0.0,1452.0,0.0,clean_source_or_test_changed_lines
TEAM_08,2025.2,-74,0.0,Lower evaluator score / weaker planning,2.416666666666667,False,0.0,1452.0,0.0,clean_source_or_test_changed_lines
TEAM_08,2025.2,-73,0.0,Lower evaluator score / weaker planning,2.416666666666667,False,0.0,1452.0,0.0,clean_source_or_test_changed_lines
TEAM_08,2025.2,-72,0.0,Lower evaluator score / weaker planning,2.416666666666667,False,0.0,1452.0,0.0,clean_source_or_test_changed_lines
TEAM_08,2025.2,-71,0.0,Lower evaluator score / weaker planning,2.416666666666667,False,0.0,1452.0,0.0,clean_source_or_test_changed_lines
TEAM_08,2025.2,-70,0.0,Lower evaluator score / weaker planning,2.416666666666667,False,0.0,1452.0,0.0,clean_source_or_test_changed_lines
TEAM_08,2025.2,-69,0.0,Lower evaluator score / weaker planning,2.416666666666667,False,0.0,1452.0,0.0,clean_source_or_test_changed_lines
TEAM_08,2025.2,-68,0.0,Lower evaluator score / weaker planning,2.416666666666667,False,0.0,1452.0,0.0,clean_source_or_test_changed_lines
TEAM_08,2025.2,-67,0.0,Lower evaluator score / weaker planning,2.416666666666667,False,0.0,1452.0,0.0,clean_source_or_test_changed_lines
TEAM_08,2025.2,-66,0.0,Lower evaluator score / weaker planning,2.416666666666667,False,0.0,1452.0,0.0,clean_source_or_test_changed_lines
TEAM_08,2025.2,-65,0.0,Lower evaluator score / weaker planning,2.416666666666667,False,0.0,1452.0,0.0,clean_source_or_test_changed_lines
TEAM_08,2025.2,-64,0.0,Lower evaluator score / weaker planning,2.416666666666667,False,0.0,1452.0,0.0,clean_source_or_test_changed_lines
TEAM_08,2025.2,-63,0.0,Lower evaluator score / weaker planning,2.416666666666667,False,0.0,1452.0,0.0,clean_source_or_test_changed_lines
TEAM_08,2025.2,-62,0.0,Lower evaluator score / weaker planning,2.416666666666667,False,0.0,1452.0,0.0,clean_source_or_test_changed_lines
TEAM_08,2025.2,-61,0.0,Lower evaluator score / weaker planning,2.416666666666667,False,0.0,1452.0,0.0,clean_source_or_test_changed_lines
TEAM_08,2025.2,-60,0.0,Lower evaluator score / weaker planning,2.416666666666667,False,0.0,1452.0,0.0,clean_source_or_test_changed_lines
TEAM_08,2025.2,-59,0.0,Lower evaluator score / weaker planning,2.416666666666667,False,0.0,1452.0,0.0,clean_source_or_test_changed_lines
TEAM_08,2025.2,-58,0.0,Lower evaluator score / weaker planning,2.416666666666667,False,0.0,1452.0,0.0,clean_source_or_test_changed_lines
TEAM_08,2025.2,-57,0.0,Lower evaluator score / weaker planning,2.416666666666667,False,0.0,1452.0,0.0,clean_source_or_test_changed_lines
TEAM_08,2025.2,-56,0.0,Lower evaluator score / weaker planning,2.416666666666667,False,0.0,1452.0,0.0,clean_source_or_test_changed_lines
TEAM_08,2025.2,-55,0.0,Lower evaluator score / weaker planning,2.416666666666667,False,0.0,1452.0,0.0,clean_source_or_test_changed_lines
TEAM_08,2025.2,-54,0.0,Lower evaluator score / weaker planning,2.416666666666667,False,0.0,1452.0,0.0,clean_source_or_test_changed_lines
TEAM_08,2025.2,-53,0.0,Lower evaluator score / weaker planning,2.416666666666667,False,0.0,1452.0,0.0,clean_source_or_test_changed_lines
TEAM_08,2025.2,-52,0.0,Lower evaluator score / weaker planning,2.416666666666667,False,0.0,1452.0,0.0,clean_source_or_test_changed_lines
TEAM_08,2025.2,-51,0.0,Lower evaluator score / weaker planning,2.416666666666667,False,0.0,1452.0,0.0,clean_source_or_test_changed_lines
TEAM_08,2025.2,-50,0.0,Lower evaluator score / weaker planning,2.416666666666667,False,0.0,1452.0,0.0,clean_source_or_test_changed_lines
TEAM_08,2025.2,-49,0.0,Lower evaluator score / weaker planning,2.416666666666667,False,0.0,1452.0,0.0,clean_source_or_test_changed_lines
TEAM_08,2025.2,-48,0.0,Lower evaluator score / weaker planning,2.416666666666667,False,0.0,1452.0,0.0,clean_source_or_test_changed_lines
TEAM_08,2025.2,-47,0.0,Lower evaluator score / weaker planning,2.416666666666667,False,0.0,1452.0,0.0,clean_source_or_test_changed_lines
TEAM_08,2025.2,-46,0.0,Lower evaluator score / weaker planning,2.416666666666667,False,0.0,1452.0,0.0,clean_source_or_test_changed_lines
TEAM_08,2025.2,-45,0.0,Lower evaluator score / weaker planning,2.416666666666667,False,0.0,1452.0,0.0,clean_source_or_test_changed_lines
TEAM_08,2025.2,-44,0.0,Lower evaluator score / weaker planning,2.416666666666667,False,0.0,1452.0,0.0,clean_source_or_test_changed_lines
TEAM_08,2025.2,-43,0.0,Lower evaluator score / weaker planning,2.416666666666667,False,0.0,1452.0,0.0,clean_source_or_test_changed_lines
TEAM_08,2025.2,-42,0.0,Lower evaluator score / weaker planning,2.416666666666667,False,0.0,1452.0,0.0,clean_source_or_test_changed_lines
TEAM_08,2025.2,-41,129.0,Lower evaluator score / weaker planning,2.416666666666667,False,0.0,1452.0,8.884297520661157,clean_source_or_test_changed_lines
TEAM_08,2025.2,-40,129.0,Lower evaluator score / weaker planning,2.416666666666667,False,0.0,1452.0,8.884297520661157,clean_source_or_test_changed_lines
TEAM_08,2025.2,-39,129.0,Lower evaluator score / weaker planning,2.416666666666667,False,0.0,1452.0,8.884297520661157,clean_source_or_test_changed_lines
TEAM_08,2025.2,-38,129.0,Lower evaluator score / weaker planning,2.416666666666667,False,0.0,1452.0,8.884297520661157,clean_source_or_test_changed_lines
TEAM_08,2025.2,-37,129.0,Lower evaluator score / weaker planning,2.416666666666667,False,0.0,1452.0,8.884297520661157,clean_source_or_test_changed_lines
TEAM_08,2025.2,-36,129.0,Lower evaluator score / weaker planning,2.416666666666667,False,0.0,1452.0,8.884297520661157,clean_source_or_test_changed_lines
TEAM_08,2025.2,-35,129.0,Lower evaluator score / weaker planning,2.416666666666667,False,0.0,1452.0,8.884297520661157,clean_source_or_test_changed_lines
TEAM_08,2025.2,-34,0.0,Lower evaluator score / weaker planning,2.416666666666667,False,0.0,1452.0,0.0,clean_source_or_test_changed_lines
TEAM_08,2025.2,-33,0.0,Lower evaluator score / weaker planning,2.416666666666667,False,0.0,1452.0,0.0,clean_source_or_test_changed_lines
TEAM_08,2025.2,-32,0.0,Lower evaluator score / weaker planning,2.416666666666667,False,0.0,1452.0,0.0,clean_source_or_test_changed_lines
TEAM_08,2025.2,-31,211.0,Lower evaluator score / weaker planning,2.416666666666667,False,0.0,1452.0,14.53168044077135,clean_source_or_test_changed_lines
TEAM_08,2025.2,-30,752.0,Lower evaluator score / weaker planning,2.416666666666667,False,0.0,1452.0,51.790633608815426,clean_source_or_test_changed_lines
TEAM_08,2025.2,-29,1421.0,Lower evaluator score / weaker planning,2.416666666666667,False,0.0,1452.0,97.86501377410468,clean_source_or_test_changed_lines
TEAM_08,2025.2,-28,1421.0,Lower evaluator score / weaker planning,2.416666666666667,False,0.0,1452.0,97.86501377410468,clean_source_or_test_changed_lines
TEAM_08,2025.2,-27,1452.0,Lower evaluator score / weaker planning,2.416666666666667,False,0.0,1452.0,100.0,clean_source_or_test_changed_lines
TEAM_08,2025.2,-26,1452.0,Lower evaluator score / weaker planning,2.416666666666667,False,0.0,1452.0,100.0,clean_source_or_test_changed_lines
TEAM_08,2025.2,-25,1452.0,Lower evaluator score / weaker planning,2.416666666666667,False,0.0,1452.0,100.0,clean_source_or_test_changed_lines
TEAM_08,2025.2,-24,1241.0,Lower evaluator score / weaker planning,2.416666666666667,False,0.0,1452.0,85.46831955922865,clean_source_or_test_changed_lines
TEAM_08,2025.2,-23,700.0,Lower evaluator score / weaker planning,2.416666666666667,False,0.0,1452.0,48.209366391184574,clean_source_or_test_changed_lines
TEAM_08,2025.2,-22,31.0,Lower evaluator score / weaker planning,2.416666666666667,False,0.0,1452.0,2.1349862258953167,clean_source_or_test_changed_lines
TEAM_08,2025.2,-21,31.0,Lower evaluator score / weaker planning,2.416666666666667,False,0.0,1452.0,2.1349862258953167,clean_source_or_test_changed_lines
TEAM_08,2025.2,-20,0.0,Lower evaluator score / weaker planning,2.416666666666667,False,0.0,1452.0,0.0,clean_source_or_test_changed_lines
TEAM_08,2025.2,-19,0.0,Lower evaluator score / weaker planning,2.416666666666667,False,0.0,1452.0,0.0,clean_source_or_test_changed_lines
TEAM_08,2025.2,-18,172.0,Lower evaluator score / weaker planning,2.416666666666667,False,0.0,1452.0,11.845730027548209,clean_source_or_test_changed_lines
TEAM_08,2025.2,-17,172.0,Lower evaluator score / weaker planning,2.416666666666667,False,0.0,1452.0,11.845730027548209,clean_source_or_test_changed_lines
TEAM_08,2025.2,-16,172.0,Lower evaluator score / weaker planning,2.416666666666667,False,0.0,1452.0,11.845730027548209,clean_source_or_test_changed_lines
TEAM_08,2025.2,-15,172.0,Lower evaluator score / weaker planning,2.416666666666667,False,0.0,1452.0,11.845730027548209,clean_source_or_test_changed_lines
TEAM_08,2025.2,-14,172.0,Lower evaluator score / weaker planning,2.416666666666667,False,0.0,1452.0,11.845730027548209,clean_source_or_test_changed_lines
TEAM_08,2025.2,-13,172.0,Lower evaluator score / weaker planning,2.416666666666667,False,0.0,1452.0,11.845730027548209,clean_source_or_test_changed_lines
TEAM_08,2025.2,-12,172.0,Lower evaluator score / weaker planning,2.416666666666667,False,0.0,1452.0,11.845730027548209,clean_source_or_test_changed_lines
TEAM_08,2025.2,-11,0.0,Lower evaluator score / weaker planning,2.416666666666667,False,0.0,1452.0,0.0,clean_source_or_test_changed_lines
TEAM_08,2025.2,-10,0.0,Lower evaluator score / weaker planning,2.416666666666667,False,0.0,1452.0,0.0,clean_source_or_test_changed_lines
TEAM_08,2025.2,-9,0.0,Lower evaluator score / weaker planning,2.416666666666667,False,0.0,1452.0,0.0,clean_source_or_test_changed_lines
TEAM_08,2025.2,-8,0.0,Lower evaluator score / weaker planning,2.416666666666667,False,0.0,1452.0,0.0,clean_source_or_test_changed_lines
TEAM_08,2025.2,-7,0.0,Lower evaluator score / weaker planning,2.416666666666667,False,0.0,1452.0,0.0,clean_source_or_test_changed_lines
TEAM_08,2025.2,-6,0.0,Lower evaluator score / weaker planning,2.416666666666667,False,0.0,1452.0,0.0,clean_source_or_test_changed_lines
TEAM_08,2025.2,-5,0.0,Lower evaluator score / weaker planning,2.416666666666667,False,0.0,1452.0,0.0,clean_source_or_test_changed_lines
TEAM_08,2025.2,-4,0.0,Lower evaluator score / weaker planning,2.416666666666667,False,0.0,1452.0,0.0,clean_source_or_test_changed_lines
TEAM_08,2025.2,-3,0.0,Lower evaluator score / weaker planning,2.416666666666667,False,0.0,1452.0,0.0,clean_source_or_test_changed_lines
TEAM_08,2025.2,-2,0.0,Lower evaluator score / weaker planning,2.416666666666667,False,0.0,1452.0,0.0,clean_source_or_test_changed_lines
TEAM_08,2025.2,-1,0.0,Lower evaluator score / weaker planning,2.416666666666667,False,0.0,1452.0,0.0,clean_source_or_test_changed_lines
TEAM_08,2025.2,0,0.0,Lower evaluator score / weaker planning,2.416666666666667,False,0.0,1452.0,0.0,clean_source_or_test_changed_lines
TEAM_09,2025.2,-110,0.0,Lower evaluator score / weaker planning,2.2083333333333335,True,1.0986122886681096,22609.0,0.0,clean_source_or_test_changed_lines
TEAM_09,2025.2,-109,0.0,Lower evaluator score / weaker planning,2.2083333333333335,True,1.0986122886681096,22609.0,0.0,clean_source_or_test_changed_lines
TEAM_09,2025.2,-108,0.0,Lower evaluator score / weaker planning,2.2083333333333335,True,1.0986122886681096,22609.0,0.0,clean_source_or_test_changed_lines
TEAM_09,2025.2,-107,0.0,Lower evaluator score / weaker planning,2.2083333333333335,True,1.0986122886681096,22609.0,0.0,clean_source_or_test_changed_lines
TEAM_09,2025.2,-106,0.0,Lower evaluator score / weaker planning,2.2083333333333335,True,1.0986122886681096,22609.0,0.0,clean_source_or_test_changed_lines
TEAM_09,2025.2,-105,0.0,Lower evaluator score / weaker planning,2.2083333333333335,True,1.0986122886681096,22609.0,0.0,clean_source_or_test_changed_lines
TEAM_09,2025.2,-104,0.0,Lower evaluator score / weaker planning,2.2083333333333335,True,1.0986122886681096,22609.0,0.0,clean_source_or_test_changed_lines
TEAM_09,2025.2,-103,0.0,Lower evaluator score / weaker planning,2.2083333333333335,True,1.0986122886681096,22609.0,0.0,clean_source_or_test_changed_lines
TEAM_09,2025.2,-102,0.0,Lower evaluator score / weaker planning,2.2083333333333335,True,1.0986122886681096,22609.0,0.0,clean_source_or_test_changed_lines
TEAM_09,2025.2,-101,0.0,Lower evaluator score / weaker planning,2.2083333333333335,True,1.0986122886681096,22609.0,0.0,clean_source_or_test_changed_lines
TEAM_09,2025.2,-100,0.0,Lower evaluator score / weaker planning,2.2083333333333335,True,1.0986122886681096,22609.0,0.0,clean_source_or_test_changed_lines
TEAM_09,2025.2,-99,0.0,Lower evaluator score / weaker planning,2.2083333333333335,True,1.0986122886681096,22609.0,0.0,clean_source_or_test_changed_lines
TEAM_09,2025.2,-98,0.0,Lower evaluator score / weaker planning,2.2083333333333335,True,1.0986122886681096,22609.0,0.0,clean_source_or_test_changed_lines
TEAM_09,2025.2,-97,0.0,Lower evaluator score / weaker planning,2.2083333333333335,True,1.0986122886681096,22609.0,0.0,clean_source_or_test_changed_lines
TEAM_09,2025.2,-96,0.0,Lower evaluator score / weaker planning,2.2083333333333335,True,1.0986122886681096,22609.0,0.0,clean_source_or_test_changed_lines
TEAM_09,2025.2,-95,0.0,Lower evaluator score / weaker planning,2.2083333333333335,True,1.0986122886681096,22609.0,0.0,clean_source_or_test_changed_lines
TEAM_09,2025.2,-94,0.0,Lower evaluator score / weaker planning,2.2083333333333335,True,1.0986122886681096,22609.0,0.0,clean_source_or_test_changed_lines
TEAM_09,2025.2,-93,0.0,Lower evaluator score / weaker planning,2.2083333333333335,True,1.0986122886681096,22609.0,0.0,clean_source_or_test_changed_lines
TEAM_09,2025.2,-92,0.0,Lower evaluator score / weaker planning,2.2083333333333335,True,1.0986122886681096,22609.0,0.0,clean_source_or_test_changed_lines
TEAM_09,2025.2,-91,0.0,Lower evaluator score / weaker planning,2.2083333333333335,True,1.0986122886681096,22609.0,0.0,clean_source_or_test_changed_lines
TEAM_09,2025.2,-90,0.0,Lower evaluator score / weaker planning,2.2083333333333335,True,1.0986122886681096,22609.0,0.0,clean_source_or_test_changed_lines
TEAM_09,2025.2,-89,0.0,Lower evaluator score / weaker planning,2.2083333333333335,True,1.0986122886681096,22609.0,0.0,clean_source_or_test_changed_lines
TEAM_09,2025.2,-88,0.0,Lower evaluator score / weaker planning,2.2083333333333335,True,1.0986122886681096,22609.0,0.0,clean_source_or_test_changed_lines
TEAM_09,2025.2,-87,0.0,Lower evaluator score / weaker planning,2.2083333333333335,True,1.0986122886681096,22609.0,0.0,clean_source_or_test_changed_lines
TEAM_09,2025.2,-86,0.0,Lower evaluator score / weaker planning,2.2083333333333335,True,1.0986122886681096,22609.0,0.0,clean_source_or_test_changed_lines
TEAM_09,2025.2,-85,0.0,Lower evaluator score / weaker planning,2.2083333333333335,True,1.0986122886681096,22609.0,0.0,clean_source_or_test_changed_lines
TEAM_09,2025.2,-84,0.0,Lower evaluator score / weaker planning,2.2083333333333335,True,1.0986122886681096,22609.0,0.0,clean_source_or_test_changed_lines
TEAM_09,2025.2,-83,0.0,Lower evaluator score / weaker planning,2.2083333333333335,True,1.0986122886681096,22609.0,0.0,clean_source_or_test_changed_lines
TEAM_09,2025.2,-82,0.0,Lower evaluator score / weaker planning,2.2083333333333335,True,1.0986122886681096,22609.0,0.0,clean_source_or_test_changed_lines
TEAM_09,2025.2,-81,0.0,Lower evaluator score / weaker planning,2.2083333333333335,True,1.0986122886681096,22609.0,0.0,clean_source_or_test_changed_lines
TEAM_09,2025.2,-80,0.0,Lower evaluator score / weaker planning,2.2083333333333335,True,1.0986122886681096,22609.0,0.0,clean_source_or_test_changed_lines
TEAM_09,2025.2,-79,0.0,Lower evaluator score / weaker planning,2.2083333333333335,True,1.0986122886681096,22609.0,0.0,clean_source_or_test_changed_lines
TEAM_09,2025.2,-78,0.0,Lower evaluator score / weaker planning,2.2083333333333335,True,1.0986122886681096,22609.0,0.0,clean_source_or_test_changed_lines
TEAM_09,2025.2,-77,0.0,Lower evaluator score / weaker planning,2.2083333333333335,True,1.0986122886681096,22609.0,0.0,clean_source_or_test_changed_lines
TEAM_09,2025.2,-76,0.0,Lower evaluator score / weaker planning,2.2083333333333335,True,1.0986122886681096,22609.0,0.0,clean_source_or_test_changed_lines
TEAM_09,2025.2,-75,0.0,Lower evaluator score / weaker planning,2.2083333333333335,True,1.0986122886681096,22609.0,0.0,clean_source_or_test_changed_lines
TEAM_09,2025.2,-74,0.0,Lower evaluator score / weaker planning,2.2083333333333335,True,1.0986122886681096,22609.0,0.0,clean_source_or_test_changed_lines
TEAM_09,2025.2,-73,0.0,Lower evaluator score / weaker planning,2.2083333333333335,True,1.0986122886681096,22609.0,0.0,clean_source_or_test_changed_lines
TEAM_09,2025.2,-72,0.0,Lower evaluator score / weaker planning,2.2083333333333335,True,1.0986122886681096,22609.0,0.0,clean_source_or_test_changed_lines
TEAM_09,2025.2,-71,0.0,Lower evaluator score / weaker planning,2.2083333333333335,True,1.0986122886681096,22609.0,0.0,clean_source_or_test_changed_lines
TEAM_09,2025.2,-70,0.0,Lower evaluator score / weaker planning,2.2083333333333335,True,1.0986122886681096,22609.0,0.0,clean_source_or_test_changed_lines
TEAM_09,2025.2,-69,0.0,Lower evaluator score / weaker planning,2.2083333333333335,True,1.0986122886681096,22609.0,0.0,clean_source_or_test_changed_lines
TEAM_09,2025.2,-68,0.0,Lower evaluator score / weaker planning,2.2083333333333335,True,1.0986122886681096,22609.0,0.0,clean_source_or_test_changed_lines
TEAM_09,2025.2,-67,0.0,Lower evaluator score / weaker planning,2.2083333333333335,True,1.0986122886681096,22609.0,0.0,clean_source_or_test_changed_lines
TEAM_09,2025.2,-66,0.0,Lower evaluator score / weaker planning,2.2083333333333335,True,1.0986122886681096,22609.0,0.0,clean_source_or_test_changed_lines
TEAM_09,2025.2,-65,0.0,Lower evaluator score / weaker planning,2.2083333333333335,True,1.0986122886681096,22609.0,0.0,clean_source_or_test_changed_lines
TEAM_09,2025.2,-64,0.0,Lower evaluator score / weaker planning,2.2083333333333335,True,1.0986122886681096,22609.0,0.0,clean_source_or_test_changed_lines
TEAM_09,2025.2,-63,0.0,Lower evaluator score / weaker planning,2.2083333333333335,True,1.0986122886681096,22609.0,0.0,clean_source_or_test_changed_lines
TEAM_09,2025.2,-62,0.0,Lower evaluator score / weaker planning,2.2083333333333335,True,1.0986122886681096,22609.0,0.0,clean_source_or_test_changed_lines
TEAM_09,2025.2,-61,0.0,Lower evaluator score / weaker planning,2.2083333333333335,True,1.0986122886681096,22609.0,0.0,clean_source_or_test_changed_lines
TEAM_09,2025.2,-60,0.0,Lower evaluator score / weaker planning,2.2083333333333335,True,1.0986122886681096,22609.0,0.0,clean_source_or_test_changed_lines
TEAM_09,2025.2,-59,0.0,Lower evaluator score / weaker planning,2.2083333333333335,True,1.0986122886681096,22609.0,0.0,clean_source_or_test_changed_lines
TEAM_09,2025.2,-58,0.0,Lower evaluator score / weaker planning,2.2083333333333335,True,1.0986122886681096,22609.0,0.0,clean_source_or_test_changed_lines
TEAM_09,2025.2,-57,0.0,Lower evaluator score / weaker planning,2.2083333333333335,True,1.0986122886681096,22609.0,0.0,clean_source_or_test_changed_lines
TEAM_09,2025.2,-56,0.0,Lower evaluator score / weaker planning,2.2083333333333335,True,1.0986122886681096,22609.0,0.0,clean_source_or_test_changed_lines
TEAM_09,2025.2,-55,0.0,Lower evaluator score / weaker planning,2.2083333333333335,True,1.0986122886681096,22609.0,0.0,clean_source_or_test_changed_lines
TEAM_09,2025.2,-54,0.0,Lower evaluator score / weaker planning,2.2083333333333335,True,1.0986122886681096,22609.0,0.0,clean_source_or_test_changed_lines
TEAM_09,2025.2,-53,0.0,Lower evaluator score / weaker planning,2.2083333333333335,True,1.0986122886681096,22609.0,0.0,clean_source_or_test_changed_lines
TEAM_09,2025.2,-52,0.0,Lower evaluator score / weaker planning,2.2083333333333335,True,1.0986122886681096,22609.0,0.0,clean_source_or_test_changed_lines
TEAM_09,2025.2,-51,0.0,Lower evaluator score / weaker planning,2.2083333333333335,True,1.0986122886681096,22609.0,0.0,clean_source_or_test_changed_lines
TEAM_09,2025.2,-50,0.0,Lower evaluator score / weaker planning,2.2083333333333335,True,1.0986122886681096,22609.0,0.0,clean_source_or_test_changed_lines
TEAM_09,2025.2,-49,0.0,Lower evaluator score / weaker planning,2.2083333333333335,True,1.0986122886681096,22609.0,0.0,clean_source_or_test_changed_lines
TEAM_09,2025.2,-48,0.0,Lower evaluator score / weaker planning,2.2083333333333335,True,1.0986122886681096,22609.0,0.0,clean_source_or_test_changed_lines
TEAM_09,2025.2,-47,0.0,Lower evaluator score / weaker planning,2.2083333333333335,True,1.0986122886681096,22609.0,0.0,clean_source_or_test_changed_lines
TEAM_09,2025.2,-46,0.0,Lower evaluator score / weaker planning,2.2083333333333335,True,1.0986122886681096,22609.0,0.0,clean_source_or_test_changed_lines
TEAM_09,2025.2,-45,205.0,Lower evaluator score / weaker planning,2.2083333333333335,True,1.0986122886681096,22609.0,0.9067185634039542,clean_source_or_test_changed_lines
TEAM_09,2025.2,-44,205.0,Lower evaluator score / weaker planning,2.2083333333333335,True,1.0986122886681096,22609.0,0.9067185634039542,clean_source_or_test_changed_lines
TEAM_09,2025.2,-43,205.0,Lower evaluator score / weaker planning,2.2083333333333335,True,1.0986122886681096,22609.0,0.9067185634039542,clean_source_or_test_changed_lines
TEAM_09,2025.2,-42,873.0,Lower evaluator score / weaker planning,2.2083333333333335,True,1.0986122886681096,22609.0,3.8612941748861074,clean_source_or_test_changed_lines
TEAM_09,2025.2,-41,873.0,Lower evaluator score / weaker planning,2.2083333333333335,True,1.0986122886681096,22609.0,3.8612941748861074,clean_source_or_test_changed_lines
TEAM_09,2025.2,-40,873.0,Lower evaluator score / weaker planning,2.2083333333333335,True,1.0986122886681096,22609.0,3.8612941748861074,clean_source_or_test_changed_lines
TEAM_09,2025.2,-39,873.0,Lower evaluator score / weaker planning,2.2083333333333335,True,1.0986122886681096,22609.0,3.8612941748861074,clean_source_or_test_changed_lines
TEAM_09,2025.2,-38,668.0,Lower evaluator score / weaker planning,2.2083333333333335,True,1.0986122886681096,22609.0,2.954575611482153,clean_source_or_test_changed_lines
TEAM_09,2025.2,-37,668.0,Lower evaluator score / weaker planning,2.2083333333333335,True,1.0986122886681096,22609.0,2.954575611482153,clean_source_or_test_changed_lines
TEAM_09,2025.2,-36,996.0,Lower evaluator score / weaker planning,2.2083333333333335,True,1.0986122886681096,22609.0,4.40532531292848,clean_source_or_test_changed_lines
TEAM_09,2025.2,-35,328.0,Lower evaluator score / weaker planning,2.2083333333333335,True,1.0986122886681096,22609.0,1.4507497014463266,clean_source_or_test_changed_lines
TEAM_09,2025.2,-34,328.0,Lower evaluator score / weaker planning,2.2083333333333335,True,1.0986122886681096,22609.0,1.4507497014463266,clean_source_or_test_changed_lines
TEAM_09,2025.2,-33,328.0,Lower evaluator score / weaker planning,2.2083333333333335,True,1.0986122886681096,22609.0,1.4507497014463266,clean_source_or_test_changed_lines
TEAM_09,2025.2,-32,328.0,Lower evaluator score / weaker planning,2.2083333333333335,True,1.0986122886681096,22609.0,1.4507497014463266,clean_source_or_test_changed_lines
TEAM_09,2025.2,-31,328.0,Lower evaluator score / weaker planning,2.2083333333333335,True,1.0986122886681096,22609.0,1.4507497014463266,clean_source_or_test_changed_lines
TEAM_09,2025.2,-30,328.0,Lower evaluator score / weaker planning,2.2083333333333335,True,1.0986122886681096,22609.0,1.4507497014463266,clean_source_or_test_changed_lines
TEAM_09,2025.2,-29,771.0,Lower evaluator score / weaker planning,2.2083333333333335,True,1.0986122886681096,22609.0,3.4101464018753593,clean_source_or_test_changed_lines
TEAM_09,2025.2,-28,771.0,Lower evaluator score / weaker planning,2.2083333333333335,True,1.0986122886681096,22609.0,3.4101464018753593,clean_source_or_test_changed_lines
TEAM_09,2025.2,-27,771.0,Lower evaluator score / weaker planning,2.2083333333333335,True,1.0986122886681096,22609.0,3.4101464018753593,clean_source_or_test_changed_lines
TEAM_09,2025.2,-26,1745.0,Lower evaluator score / weaker planning,2.2083333333333335,True,1.0986122886681096,22609.0,7.7181653323897565,clean_source_or_test_changed_lines
TEAM_09,2025.2,-25,1840.0,Lower evaluator score / weaker planning,2.2083333333333335,True,1.0986122886681096,22609.0,8.138351983723297,clean_source_or_test_changed_lines
TEAM_09,2025.2,-24,2035.0,Lower evaluator score / weaker planning,2.2083333333333335,True,1.0986122886681096,22609.0,9.000840373302667,clean_source_or_test_changed_lines
TEAM_09,2025.2,-23,2035.0,Lower evaluator score / weaker planning,2.2083333333333335,True,1.0986122886681096,22609.0,9.000840373302667,clean_source_or_test_changed_lines
TEAM_09,2025.2,-22,6374.0,Lower evaluator score / weaker planning,2.2083333333333335,True,1.0986122886681096,22609.0,28.192312795789288,clean_source_or_test_changed_lines
TEAM_09,2025.2,-21,6564.0,Lower evaluator score / weaker planning,2.2083333333333335,True,1.0986122886681096,22609.0,29.032686098456367,clean_source_or_test_changed_lines
TEAM_09,2025.2,-20,6564.0,Lower evaluator score / weaker planning,2.2083333333333335,True,1.0986122886681096,22609.0,29.032686098456367,clean_source_or_test_changed_lines
TEAM_09,2025.2,-19,5590.0,Lower evaluator score / weaker planning,2.2083333333333335,True,1.0986122886681096,22609.0,24.72466716794197,clean_source_or_test_changed_lines
TEAM_09,2025.2,-18,5495.0,Lower evaluator score / weaker planning,2.2083333333333335,True,1.0986122886681096,22609.0,24.30448051660843,clean_source_or_test_changed_lines
TEAM_09,2025.2,-17,5300.0,Lower evaluator score / weaker planning,2.2083333333333335,True,1.0986122886681096,22609.0,23.44199212702906,clean_source_or_test_changed_lines
TEAM_09,2025.2,-16,22609.0,Lower evaluator score / weaker planning,2.2083333333333335,True,1.0986122886681096,22609.0,100.0,clean_source_or_test_changed_lines
TEAM_09,2025.2,-15,17535.0,Lower evaluator score / weaker planning,2.2083333333333335,True,1.0986122886681096,22609.0,77.55760980140651,clean_source_or_test_changed_lines
TEAM_09,2025.2,-14,17658.0,Lower evaluator score / weaker planning,2.2083333333333335,True,1.0986122886681096,22609.0,78.1016409394489,clean_source_or_test_changed_lines
TEAM_09,2025.2,-13,17658.0,Lower evaluator score / weaker planning,2.2083333333333335,True,1.0986122886681096,22609.0,78.1016409394489,clean_source_or_test_changed_lines
TEAM_09,2025.2,-12,17658.0,Lower evaluator score / weaker planning,2.2083333333333335,True,1.0986122886681096,22609.0,78.1016409394489,clean_source_or_test_changed_lines
TEAM_09,2025.2,-11,17658.0,Lower evaluator score / weaker planning,2.2083333333333335,True,1.0986122886681096,22609.0,78.1016409394489,clean_source_or_test_changed_lines
TEAM_09,2025.2,-10,17658.0,Lower evaluator score / weaker planning,2.2083333333333335,True,1.0986122886681096,22609.0,78.1016409394489,clean_source_or_test_changed_lines
TEAM_09,2025.2,-9,349.0,Lower evaluator score / weaker planning,2.2083333333333335,True,1.0986122886681096,22609.0,1.5436330664779512,clean_source_or_test_changed_lines
TEAM_09,2025.2,-8,313.0,Lower evaluator score / weaker planning,2.2083333333333335,True,1.0986122886681096,22609.0,1.384404440709452,clean_source_or_test_changed_lines
TEAM_09,2025.2,-7,0.0,Lower evaluator score / weaker planning,2.2083333333333335,True,1.0986122886681096,22609.0,0.0,clean_source_or_test_changed_lines
TEAM_09,2025.2,-6,0.0,Lower evaluator score / weaker planning,2.2083333333333335,True,1.0986122886681096,22609.0,0.0,clean_source_or_test_changed_lines
TEAM_09,2025.2,-5,0.0,Lower evaluator score / weaker planning,2.2083333333333335,True,1.0986122886681096,22609.0,0.0,clean_source_or_test_changed_lines
TEAM_09,2025.2,-4,0.0,Lower evaluator score / weaker planning,2.2083333333333335,True,1.0986122886681096,22609.0,0.0,clean_source_or_test_changed_lines
TEAM_09,2025.2,-3,1522.0,Lower evaluator score / weaker planning,2.2083333333333335,True,1.0986122886681096,22609.0,6.731832456101553,clean_source_or_test_changed_lines
TEAM_09,2025.2,-2,1522.0,Lower evaluator score / weaker planning,2.2083333333333335,True,1.0986122886681096,22609.0,6.731832456101553,clean_source_or_test_changed_lines
TEAM_09,2025.2,-1,6337.0,Lower evaluator score / weaker planning,2.2083333333333335,True,1.0986122886681096,22609.0,28.02866115263833,clean_source_or_test_changed_lines
TEAM_09,2025.2,0,9544.0,Lower evaluator score / weaker planning,2.2083333333333335,True,1.0986122886681096,22609.0,42.21327789818214,clean_source_or_test_changed_lines
TEAM_10,2025.2,-110,0.0,Lower evaluator score / weaker planning,2.4375,False,0.0,3770.0,0.0,clean_source_or_test_changed_lines
TEAM_10,2025.2,-109,0.0,Lower evaluator score / weaker planning,2.4375,False,0.0,3770.0,0.0,clean_source_or_test_changed_lines
TEAM_10,2025.2,-108,0.0,Lower evaluator score / weaker planning,2.4375,False,0.0,3770.0,0.0,clean_source_or_test_changed_lines
TEAM_10,2025.2,-107,0.0,Lower evaluator score / weaker planning,2.4375,False,0.0,3770.0,0.0,clean_source_or_test_changed_lines
TEAM_10,2025.2,-106,0.0,Lower evaluator score / weaker planning,2.4375,False,0.0,3770.0,0.0,clean_source_or_test_changed_lines
TEAM_10,2025.2,-105,0.0,Lower evaluator score / weaker planning,2.4375,False,0.0,3770.0,0.0,clean_source_or_test_changed_lines
TEAM_10,2025.2,-104,0.0,Lower evaluator score / weaker planning,2.4375,False,0.0,3770.0,0.0,clean_source_or_test_changed_lines
TEAM_10,2025.2,-103,0.0,Lower evaluator score / weaker planning,2.4375,False,0.0,3770.0,0.0,clean_source_or_test_changed_lines
TEAM_10,2025.2,-102,0.0,Lower evaluator score / weaker planning,2.4375,False,0.0,3770.0,0.0,clean_source_or_test_changed_lines
TEAM_10,2025.2,-101,0.0,Lower evaluator score / weaker planning,2.4375,False,0.0,3770.0,0.0,clean_source_or_test_changed_lines
TEAM_10,2025.2,-100,0.0,Lower evaluator score / weaker planning,2.4375,False,0.0,3770.0,0.0,clean_source_or_test_changed_lines
TEAM_10,2025.2,-99,0.0,Lower evaluator score / weaker planning,2.4375,False,0.0,3770.0,0.0,clean_source_or_test_changed_lines
TEAM_10,2025.2,-98,0.0,Lower evaluator score / weaker planning,2.4375,False,0.0,3770.0,0.0,clean_source_or_test_changed_lines
TEAM_10,2025.2,-97,0.0,Lower evaluator score / weaker planning,2.4375,False,0.0,3770.0,0.0,clean_source_or_test_changed_lines
TEAM_10,2025.2,-96,0.0,Lower evaluator score / weaker planning,2.4375,False,0.0,3770.0,0.0,clean_source_or_test_changed_lines
TEAM_10,2025.2,-95,0.0,Lower evaluator score / weaker planning,2.4375,False,0.0,3770.0,0.0,clean_source_or_test_changed_lines
TEAM_10,2025.2,-94,0.0,Lower evaluator score / weaker planning,2.4375,False,0.0,3770.0,0.0,clean_source_or_test_changed_lines
TEAM_10,2025.2,-93,0.0,Lower evaluator score / weaker planning,2.4375,False,0.0,3770.0,0.0,clean_source_or_test_changed_lines
TEAM_10,2025.2,-92,0.0,Lower evaluator score / weaker planning,2.4375,False,0.0,3770.0,0.0,clean_source_or_test_changed_lines
TEAM_10,2025.2,-91,0.0,Lower evaluator score / weaker planning,2.4375,False,0.0,3770.0,0.0,clean_source_or_test_changed_lines
TEAM_10,2025.2,-90,0.0,Lower evaluator score / weaker planning,2.4375,False,0.0,3770.0,0.0,clean_source_or_test_changed_lines
TEAM_10,2025.2,-89,0.0,Lower evaluator score / weaker planning,2.4375,False,0.0,3770.0,0.0,clean_source_or_test_changed_lines
TEAM_10,2025.2,-88,0.0,Lower evaluator score / weaker planning,2.4375,False,0.0,3770.0,0.0,clean_source_or_test_changed_lines
TEAM_10,2025.2,-87,0.0,Lower evaluator score / weaker planning,2.4375,False,0.0,3770.0,0.0,clean_source_or_test_changed_lines
TEAM_10,2025.2,-86,0.0,Lower evaluator score / weaker planning,2.4375,False,0.0,3770.0,0.0,clean_source_or_test_changed_lines
TEAM_10,2025.2,-85,0.0,Lower evaluator score / weaker planning,2.4375,False,0.0,3770.0,0.0,clean_source_or_test_changed_lines
TEAM_10,2025.2,-84,0.0,Lower evaluator score / weaker planning,2.4375,False,0.0,3770.0,0.0,clean_source_or_test_changed_lines
TEAM_10,2025.2,-83,0.0,Lower evaluator score / weaker planning,2.4375,False,0.0,3770.0,0.0,clean_source_or_test_changed_lines
TEAM_10,2025.2,-82,0.0,Lower evaluator score / weaker planning,2.4375,False,0.0,3770.0,0.0,clean_source_or_test_changed_lines
TEAM_10,2025.2,-81,0.0,Lower evaluator score / weaker planning,2.4375,False,0.0,3770.0,0.0,clean_source_or_test_changed_lines
TEAM_10,2025.2,-80,0.0,Lower evaluator score / weaker planning,2.4375,False,0.0,3770.0,0.0,clean_source_or_test_changed_lines
TEAM_10,2025.2,-79,0.0,Lower evaluator score / weaker planning,2.4375,False,0.0,3770.0,0.0,clean_source_or_test_changed_lines
TEAM_10,2025.2,-78,0.0,Lower evaluator score / weaker planning,2.4375,False,0.0,3770.0,0.0,clean_source_or_test_changed_lines
TEAM_10,2025.2,-77,0.0,Lower evaluator score / weaker planning,2.4375,False,0.0,3770.0,0.0,clean_source_or_test_changed_lines
TEAM_10,2025.2,-76,0.0,Lower evaluator score / weaker planning,2.4375,False,0.0,3770.0,0.0,clean_source_or_test_changed_lines
TEAM_10,2025.2,-75,0.0,Lower evaluator score / weaker planning,2.4375,False,0.0,3770.0,0.0,clean_source_or_test_changed_lines
TEAM_10,2025.2,-74,0.0,Lower evaluator score / weaker planning,2.4375,False,0.0,3770.0,0.0,clean_source_or_test_changed_lines
TEAM_10,2025.2,-73,0.0,Lower evaluator score / weaker planning,2.4375,False,0.0,3770.0,0.0,clean_source_or_test_changed_lines
TEAM_10,2025.2,-72,0.0,Lower evaluator score / weaker planning,2.4375,False,0.0,3770.0,0.0,clean_source_or_test_changed_lines
TEAM_10,2025.2,-71,0.0,Lower evaluator score / weaker planning,2.4375,False,0.0,3770.0,0.0,clean_source_or_test_changed_lines
TEAM_10,2025.2,-70,0.0,Lower evaluator score / weaker planning,2.4375,False,0.0,3770.0,0.0,clean_source_or_test_changed_lines
TEAM_10,2025.2,-69,0.0,Lower evaluator score / weaker planning,2.4375,False,0.0,3770.0,0.0,clean_source_or_test_changed_lines
TEAM_10,2025.2,-68,0.0,Lower evaluator score / weaker planning,2.4375,False,0.0,3770.0,0.0,clean_source_or_test_changed_lines
TEAM_10,2025.2,-67,0.0,Lower evaluator score / weaker planning,2.4375,False,0.0,3770.0,0.0,clean_source_or_test_changed_lines
TEAM_10,2025.2,-66,0.0,Lower evaluator score / weaker planning,2.4375,False,0.0,3770.0,0.0,clean_source_or_test_changed_lines
TEAM_10,2025.2,-65,0.0,Lower evaluator score / weaker planning,2.4375,False,0.0,3770.0,0.0,clean_source_or_test_changed_lines
TEAM_10,2025.2,-64,0.0,Lower evaluator score / weaker planning,2.4375,False,0.0,3770.0,0.0,clean_source_or_test_changed_lines
TEAM_10,2025.2,-63,0.0,Lower evaluator score / weaker planning,2.4375,False,0.0,3770.0,0.0,clean_source_or_test_changed_lines
TEAM_10,2025.2,-62,0.0,Lower evaluator score / weaker planning,2.4375,False,0.0,3770.0,0.0,clean_source_or_test_changed_lines
TEAM_10,2025.2,-61,0.0,Lower evaluator score / weaker planning,2.4375,False,0.0,3770.0,0.0,clean_source_or_test_changed_lines
TEAM_10,2025.2,-60,0.0,Lower evaluator score / weaker planning,2.4375,False,0.0,3770.0,0.0,clean_source_or_test_changed_lines
TEAM_10,2025.2,-59,0.0,Lower evaluator score / weaker planning,2.4375,False,0.0,3770.0,0.0,clean_source_or_test_changed_lines
TEAM_10,2025.2,-58,0.0,Lower evaluator score / weaker planning,2.4375,False,0.0,3770.0,0.0,clean_source_or_test_changed_lines
TEAM_10,2025.2,-57,0.0,Lower evaluator score / weaker planning,2.4375,False,0.0,3770.0,0.0,clean_source_or_test_changed_lines
TEAM_10,2025.2,-56,0.0,Lower evaluator score / weaker planning,2.4375,False,0.0,3770.0,0.0,clean_source_or_test_changed_lines
TEAM_10,2025.2,-55,0.0,Lower evaluator score / weaker planning,2.4375,False,0.0,3770.0,0.0,clean_source_or_test_changed_lines
TEAM_10,2025.2,-54,0.0,Lower evaluator score / weaker planning,2.4375,False,0.0,3770.0,0.0,clean_source_or_test_changed_lines
TEAM_10,2025.2,-53,0.0,Lower evaluator score / weaker planning,2.4375,False,0.0,3770.0,0.0,clean_source_or_test_changed_lines
TEAM_10,2025.2,-52,0.0,Lower evaluator score / weaker planning,2.4375,False,0.0,3770.0,0.0,clean_source_or_test_changed_lines
TEAM_10,2025.2,-51,0.0,Lower evaluator score / weaker planning,2.4375,False,0.0,3770.0,0.0,clean_source_or_test_changed_lines
TEAM_10,2025.2,-50,0.0,Lower evaluator score / weaker planning,2.4375,False,0.0,3770.0,0.0,clean_source_or_test_changed_lines
TEAM_10,2025.2,-49,0.0,Lower evaluator score / weaker planning,2.4375,False,0.0,3770.0,0.0,clean_source_or_test_changed_lines
TEAM_10,2025.2,-48,0.0,Lower evaluator score / weaker planning,2.4375,False,0.0,3770.0,0.0,clean_source_or_test_changed_lines
TEAM_10,2025.2,-47,0.0,Lower evaluator score / weaker planning,2.4375,False,0.0,3770.0,0.0,clean_source_or_test_changed_lines
TEAM_10,2025.2,-46,0.0,Lower evaluator score / weaker planning,2.4375,False,0.0,3770.0,0.0,clean_source_or_test_changed_lines
TEAM_10,2025.2,-45,0.0,Lower evaluator score / weaker planning,2.4375,False,0.0,3770.0,0.0,clean_source_or_test_changed_lines
TEAM_10,2025.2,-44,0.0,Lower evaluator score / weaker planning,2.4375,False,0.0,3770.0,0.0,clean_source_or_test_changed_lines
TEAM_10,2025.2,-43,0.0,Lower evaluator score / weaker planning,2.4375,False,0.0,3770.0,0.0,clean_source_or_test_changed_lines
TEAM_10,2025.2,-42,0.0,Lower evaluator score / weaker planning,2.4375,False,0.0,3770.0,0.0,clean_source_or_test_changed_lines
TEAM_10,2025.2,-41,0.0,Lower evaluator score / weaker planning,2.4375,False,0.0,3770.0,0.0,clean_source_or_test_changed_lines
TEAM_10,2025.2,-40,0.0,Lower evaluator score / weaker planning,2.4375,False,0.0,3770.0,0.0,clean_source_or_test_changed_lines
TEAM_10,2025.2,-39,0.0,Lower evaluator score / weaker planning,2.4375,False,0.0,3770.0,0.0,clean_source_or_test_changed_lines
TEAM_10,2025.2,-38,0.0,Lower evaluator score / weaker planning,2.4375,False,0.0,3770.0,0.0,clean_source_or_test_changed_lines
TEAM_10,2025.2,-37,0.0,Lower evaluator score / weaker planning,2.4375,False,0.0,3770.0,0.0,clean_source_or_test_changed_lines
TEAM_10,2025.2,-36,0.0,Lower evaluator score / weaker planning,2.4375,False,0.0,3770.0,0.0,clean_source_or_test_changed_lines
TEAM_10,2025.2,-35,0.0,Lower evaluator score / weaker planning,2.4375,False,0.0,3770.0,0.0,clean_source_or_test_changed_lines
TEAM_10,2025.2,-34,0.0,Lower evaluator score / weaker planning,2.4375,False,0.0,3770.0,0.0,clean_source_or_test_changed_lines
TEAM_10,2025.2,-33,0.0,Lower evaluator score / weaker planning,2.4375,False,0.0,3770.0,0.0,clean_source_or_test_changed_lines
TEAM_10,2025.2,-32,0.0,Lower evaluator score / weaker planning,2.4375,False,0.0,3770.0,0.0,clean_source_or_test_changed_lines
TEAM_10,2025.2,-31,0.0,Lower evaluator score / weaker planning,2.4375,False,0.0,3770.0,0.0,clean_source_or_test_changed_lines
TEAM_10,2025.2,-30,1055.0,Lower evaluator score / weaker planning,2.4375,False,0.0,3770.0,27.984084880636605,clean_source_or_test_changed_lines
TEAM_10,2025.2,-29,1055.0,Lower evaluator score / weaker planning,2.4375,False,0.0,3770.0,27.984084880636605,clean_source_or_test_changed_lines
TEAM_10,2025.2,-28,1055.0,Lower evaluator score / weaker planning,2.4375,False,0.0,3770.0,27.984084880636605,clean_source_or_test_changed_lines
TEAM_10,2025.2,-27,1055.0,Lower evaluator score / weaker planning,2.4375,False,0.0,3770.0,27.984084880636605,clean_source_or_test_changed_lines
TEAM_10,2025.2,-26,1055.0,Lower evaluator score / weaker planning,2.4375,False,0.0,3770.0,27.984084880636605,clean_source_or_test_changed_lines
TEAM_10,2025.2,-25,1055.0,Lower evaluator score / weaker planning,2.4375,False,0.0,3770.0,27.984084880636605,clean_source_or_test_changed_lines
TEAM_10,2025.2,-24,1055.0,Lower evaluator score / weaker planning,2.4375,False,0.0,3770.0,27.984084880636605,clean_source_or_test_changed_lines
TEAM_10,2025.2,-23,0.0,Lower evaluator score / weaker planning,2.4375,False,0.0,3770.0,0.0,clean_source_or_test_changed_lines
TEAM_10,2025.2,-22,2792.0,Lower evaluator score / weaker planning,2.4375,False,0.0,3770.0,74.05835543766578,clean_source_or_test_changed_lines
TEAM_10,2025.2,-21,3770.0,Lower evaluator score / weaker planning,2.4375,False,0.0,3770.0,100.0,clean_source_or_test_changed_lines
TEAM_10,2025.2,-20,3770.0,Lower evaluator score / weaker planning,2.4375,False,0.0,3770.0,100.0,clean_source_or_test_changed_lines
TEAM_10,2025.2,-19,3770.0,Lower evaluator score / weaker planning,2.4375,False,0.0,3770.0,100.0,clean_source_or_test_changed_lines
TEAM_10,2025.2,-18,3770.0,Lower evaluator score / weaker planning,2.4375,False,0.0,3770.0,100.0,clean_source_or_test_changed_lines
TEAM_10,2025.2,-17,3770.0,Lower evaluator score / weaker planning,2.4375,False,0.0,3770.0,100.0,clean_source_or_test_changed_lines
TEAM_10,2025.2,-16,3770.0,Lower evaluator score / weaker planning,2.4375,False,0.0,3770.0,100.0,clean_source_or_test_changed_lines
TEAM_10,2025.2,-15,978.0,Lower evaluator score / weaker planning,2.4375,False,0.0,3770.0,25.94164456233422,clean_source_or_test_changed_lines
TEAM_10,2025.2,-14,0.0,Lower evaluator score / weaker planning,2.4375,False,0.0,3770.0,0.0,clean_source_or_test_changed_lines
TEAM_10,2025.2,-13,0.0,Lower evaluator score / weaker planning,2.4375,False,0.0,3770.0,0.0,clean_source_or_test_changed_lines
TEAM_10,2025.2,-12,0.0,Lower evaluator score / weaker planning,2.4375,False,0.0,3770.0,0.0,clean_source_or_test_changed_lines
TEAM_10,2025.2,-11,0.0,Lower evaluator score / weaker planning,2.4375,False,0.0,3770.0,0.0,clean_source_or_test_changed_lines
TEAM_10,2025.2,-10,0.0,Lower evaluator score / weaker planning,2.4375,False,0.0,3770.0,0.0,clean_source_or_test_changed_lines
TEAM_10,2025.2,-9,0.0,Lower evaluator score / weaker planning,2.4375,False,0.0,3770.0,0.0,clean_source_or_test_changed_lines
TEAM_10,2025.2,-8,0.0,Lower evaluator score / weaker planning,2.4375,False,0.0,3770.0,0.0,clean_source_or_test_changed_lines
TEAM_10,2025.2,-7,0.0,Lower evaluator score / weaker planning,2.4375,False,0.0,3770.0,0.0,clean_source_or_test_changed_lines
TEAM_10,2025.2,-6,0.0,Lower evaluator score / weaker planning,2.4375,False,0.0,3770.0,0.0,clean_source_or_test_changed_lines
TEAM_10,2025.2,-5,601.0,Lower evaluator score / weaker planning,2.4375,False,0.0,3770.0,15.941644562334217,clean_source_or_test_changed_lines
TEAM_10,2025.2,-4,601.0,Lower evaluator score / weaker planning,2.4375,False,0.0,3770.0,15.941644562334217,clean_source_or_test_changed_lines
TEAM_10,2025.2,-3,601.0,Lower evaluator score / weaker planning,2.4375,False,0.0,3770.0,15.941644562334217,clean_source_or_test_changed_lines
TEAM_10,2025.2,-2,601.0,Lower evaluator score / weaker planning,2.4375,False,0.0,3770.0,15.941644562334217,clean_source_or_test_changed_lines
TEAM_10,2025.2,-1,601.0,Lower evaluator score / weaker planning,2.4375,False,0.0,3770.0,15.941644562334217,clean_source_or_test_changed_lines
TEAM_10,2025.2,0,1838.0,Lower evaluator score / weaker planning,2.4375,False,0.0,3770.0,48.753315649867375,clean_source_or_test_changed_lines
