ID_Equipe,Semestre,window_end_day,rolling_7d_value,tier,evaluator_score_t3,planning_artifact_present_t1,planning_scope_log1p_t1,team_full_period_rolling_max,team_full_period_rolling_intensity_pct,activity_metric
TEAM_01,2025.2,-110,0.0,Lower evaluator score / weaker planning,1.5,True,4.143134726391533,11.0,0.0,commits
TEAM_01,2025.2,-109,0.0,Lower evaluator score / weaker planning,1.5,True,4.143134726391533,11.0,0.0,commits
TEAM_01,2025.2,-108,0.0,Lower evaluator score / weaker planning,1.5,True,4.143134726391533,11.0,0.0,commits
TEAM_01,2025.2,-107,0.0,Lower evaluator score / weaker planning,1.5,True,4.143134726391533,11.0,0.0,commits
TEAM_01,2025.2,-106,0.0,Lower evaluator score / weaker planning,1.5,True,4.143134726391533,11.0,0.0,commits
TEAM_01,2025.2,-105,0.0,Lower evaluator score / weaker planning,1.5,True,4.143134726391533,11.0,0.0,commits
TEAM_01,2025.2,-104,0.0,Lower evaluator score / weaker planning,1.5,True,4.143134726391533,11.0,0.0,commits
TEAM_01,2025.2,-103,0.0,Lower evaluator score / weaker planning,1.5,True,4.143134726391533,11.0,0.0,commits
TEAM_01,2025.2,-102,0.0,Lower evaluator score / weaker planning,1.5,True,4.143134726391533,11.0,0.0,commits
TEAM_01,2025.2,-101,0.0,Lower evaluator score / weaker planning,1.5,True,4.143134726391533,11.0,0.0,commits
TEAM_01,2025.2,-100,0.0,Lower evaluator score / weaker planning,1.5,True,4.143134726391533,11.0,0.0,commits
TEAM_01,2025.2,-99,0.0,Lower evaluator score / weaker planning,1.5,True,4.143134726391533,11.0,0.0,commits
TEAM_01,2025.2,-98,0.0,Lower evaluator score / weaker planning,1.5,True,4.143134726391533,11.0,0.0,commits
TEAM_01,2025.2,-97,0.0,Lower evaluator score / weaker planning,1.5,True,4.143134726391533,11.0,0.0,commits
TEAM_01,2025.2,-96,0.0,Lower evaluator score / weaker planning,1.5,True,4.143134726391533,11.0,0.0,commits
TEAM_01,2025.2,-95,0.0,Lower evaluator score / weaker planning,1.5,True,4.143134726391533,11.0,0.0,commits
TEAM_01,2025.2,-94,0.0,Lower evaluator score / weaker planning,1.5,True,4.143134726391533,11.0,0.0,commits
TEAM_01,2025.2,-93,0.0,Lower evaluator score / weaker planning,1.5,True,4.143134726391533,11.0,0.0,commits
TEAM_01,2025.2,-92,0.0,Lower evaluator score / weaker planning,1.5,True,4.143134726391533,11.0,0.0,commits
TEAM_01,2025.2,-91,0.0,Lower evaluator score / weaker planning,1.5,True,4.143134726391533,11.0,0.0,commits
TEAM_01,2025.2,-90,0.0,Lower evaluator score / weaker planning,1.5,True,4.143134726391533,11.0,0.0,commits
TEAM_01,2025.2,-89,2.0,Lower evaluator score / weaker planning,1.5,True,4.143134726391533,11.0,18.181818181818183,commits
TEAM_01,2025.2,-88,3.0,Lower evaluator score / weaker planning,1.5,True,4.143134726391533,11.0,27.272727272727273,commits
TEAM_01,2025.2,-87,4.0,Lower evaluator score / weaker planning,1.5,True,4.143134726391533,11.0,36.36363636363637,commits
TEAM_01,2025.2,-86,4.0,Lower evaluator score / weaker planning,1.5,True,4.143134726391533,11.0,36.36363636363637,commits
TEAM_01,2025.2,-85,4.0,Lower evaluator score / weaker planning,1.5,True,4.143134726391533,11.0,36.36363636363637,commits
TEAM_01,2025.2,-84,4.0,Lower evaluator score / weaker planning,1.5,True,4.143134726391533,11.0,36.36363636363637,commits
TEAM_01,2025.2,-83,4.0,Lower evaluator score / weaker planning,1.5,True,4.143134726391533,11.0,36.36363636363637,commits
TEAM_01,2025.2,-82,2.0,Lower evaluator score / weaker planning,1.5,True,4.143134726391533,11.0,18.181818181818183,commits
TEAM_01,2025.2,-81,1.0,Lower evaluator score / weaker planning,1.5,True,4.143134726391533,11.0,9.090909090909092,commits
TEAM_01,2025.2,-80,0.0,Lower evaluator score / weaker planning,1.5,True,4.143134726391533,11.0,0.0,commits
TEAM_01,2025.2,-79,3.0,Lower evaluator score / weaker planning,1.5,True,4.143134726391533,11.0,27.272727272727273,commits
TEAM_01,2025.2,-78,3.0,Lower evaluator score / weaker planning,1.5,True,4.143134726391533,11.0,27.272727272727273,commits
TEAM_01,2025.2,-77,3.0,Lower evaluator score / weaker planning,1.5,True,4.143134726391533,11.0,27.272727272727273,commits
TEAM_01,2025.2,-76,3.0,Lower evaluator score / weaker planning,1.5,True,4.143134726391533,11.0,27.272727272727273,commits
TEAM_01,2025.2,-75,3.0,Lower evaluator score / weaker planning,1.5,True,4.143134726391533,11.0,27.272727272727273,commits
TEAM_01,2025.2,-74,3.0,Lower evaluator score / weaker planning,1.5,True,4.143134726391533,11.0,27.272727272727273,commits
TEAM_01,2025.2,-73,3.0,Lower evaluator score / weaker planning,1.5,True,4.143134726391533,11.0,27.272727272727273,commits
TEAM_01,2025.2,-72,0.0,Lower evaluator score / weaker planning,1.5,True,4.143134726391533,11.0,0.0,commits
TEAM_01,2025.2,-71,0.0,Lower evaluator score / weaker planning,1.5,True,4.143134726391533,11.0,0.0,commits
TEAM_01,2025.2,-70,0.0,Lower evaluator score / weaker planning,1.5,True,4.143134726391533,11.0,0.0,commits
TEAM_01,2025.2,-69,0.0,Lower evaluator score / weaker planning,1.5,True,4.143134726391533,11.0,0.0,commits
TEAM_01,2025.2,-68,0.0,Lower evaluator score / weaker planning,1.5,True,4.143134726391533,11.0,0.0,commits
TEAM_01,2025.2,-67,0.0,Lower evaluator score / weaker planning,1.5,True,4.143134726391533,11.0,0.0,commits
TEAM_01,2025.2,-66,0.0,Lower evaluator score / weaker planning,1.5,True,4.143134726391533,11.0,0.0,commits
TEAM_01,2025.2,-65,0.0,Lower evaluator score / weaker planning,1.5,True,4.143134726391533,11.0,0.0,commits
TEAM_01,2025.2,-64,0.0,Lower evaluator score / weaker planning,1.5,True,4.143134726391533,11.0,0.0,commits
TEAM_01,2025.2,-63,0.0,Lower evaluator score / weaker planning,1.5,True,4.143134726391533,11.0,0.0,commits
TEAM_01,2025.2,-62,0.0,Lower evaluator score / weaker planning,1.5,True,4.143134726391533,11.0,0.0,commits
TEAM_01,2025.2,-61,0.0,Lower evaluator score / weaker planning,1.5,True,4.143134726391533,11.0,0.0,commits
TEAM_01,2025.2,-60,0.0,Lower evaluator score / weaker planning,1.5,True,4.143134726391533,11.0,0.0,commits
TEAM_01,2025.2,-59,0.0,Lower evaluator score / weaker planning,1.5,True,4.143134726391533,11.0,0.0,commits
TEAM_01,2025.2,-58,0.0,Lower evaluator score / weaker planning,1.5,True,4.143134726391533,11.0,0.0,commits
TEAM_01,2025.2,-57,0.0,Lower evaluator score / weaker planning,1.5,True,4.143134726391533,11.0,0.0,commits
TEAM_01,2025.2,-56,0.0,Lower evaluator score / weaker planning,1.5,True,4.143134726391533,11.0,0.0,commits
TEAM_01,2025.2,-55,0.0,Lower evaluator score / weaker planning,1.5,True,4.143134726391533,11.0,0.0,commits
TEAM_01,2025.2,-54,0.0,Lower evaluator score / weaker planning,1.5,True,4.143134726391533,11.0,0.0,commits
TEAM_01,2025.2,-53,0.0,Lower evaluator score / weaker planning,1.5,True,4.143134726391533,11.0,0.0,commits
TEAM_01,2025.2,-52,0.0,Lower evaluator score / weaker planning,1.5,True,4.143134726391533,11.0,0.0,commits
TEAM_01,2025.2,-51,0.0,Lower evaluator score / weaker planning,1.5,True,4.143134726391533,11.0,0.0,commits
TEAM_01,2025.2,-50,0.0,Lower evaluator score / weaker planning,1.5,True,4.143134726391533,11.0,0.0,commits
TEAM_01,2025.2,-49,0.0,Lower evaluator score / weaker planning,1.5,True,4.143134726391533,11.0,0.0,commits
TEAM_01,2025.2,-48,0.0,Lower evaluator score / weaker planning,1.5,True,4.143134726391533,11.0,0.0,commits
TEAM_01,2025.2,-47,0.0,Lower evaluator score / weaker planning,1.5,True,4.143134726391533,11.0,0.0,commits
TEAM_01,2025.2,-46,0.0,Lower evaluator score / weaker planning,1.5,True,4.143134726391533,11.0,0.0,commits
TEAM_01,2025.2,-45,0.0,Lower evaluator score / weaker planning,1.5,True,4.143134726391533,11.0,0.0,commits
TEAM_01,2025.2,-44,0.0,Lower evaluator score / weaker planning,1.5,True,4.143134726391533,11.0,0.0,commits
TEAM_01,2025.2,-43,0.0,Lower evaluator score / weaker planning,1.5,True,4.143134726391533,11.0,0.0,commits
TEAM_01,2025.2,-42,0.0,Lower evaluator score / weaker planning,1.5,True,4.143134726391533,11.0,0.0,commits
TEAM_01,2025.2,-41,0.0,Lower evaluator score / weaker planning,1.5,True,4.143134726391533,11.0,0.0,commits
TEAM_01,2025.2,-40,0.0,Lower evaluator score / weaker planning,1.5,True,4.143134726391533,11.0,0.0,commits
TEAM_01,2025.2,-39,0.0,Lower evaluator score / weaker planning,1.5,True,4.143134726391533,11.0,0.0,commits
TEAM_01,2025.2,-38,0.0,Lower evaluator score / weaker planning,1.5,True,4.143134726391533,11.0,0.0,commits
TEAM_01,2025.2,-37,0.0,Lower evaluator score / weaker planning,1.5,True,4.143134726391533,11.0,0.0,commits
TEAM_01,2025.2,-36,0.0,Lower evaluator score / weaker planning,1.5,True,4.143134726391533,11.0,0.0,commits
TEAM_01,2025.2,-35,0.0,Lower evaluator score / weaker planning,1.5,True,4.143134726391533,11.0,0.0,commits
TEAM_01,2025.2,-34,0.0,Lower evaluator score / weaker planning,1.5,True,4.143134726391533,11.0,0.0,commits
TEAM_01,2025.2,-33,0.0,Lower evaluator score / weaker planning,1.5,True,4.143134726391533,11.0,0.0,commits
TEAM_01,2025.2,-32,0.0,Lower evaluator score / weaker planning,1.5,True,4.143134726391533,11.0,0.0,commits
TEAM_01,2025.2,-31,0.0,Lower evaluator score / weaker planning,1.5,True,4.143134726391533,11.0,0.0,commits
TEAM_01,2025.2,-30,0.0,Lower evaluator score / weaker planning,1.5,True,4.143134726391533,11.0,0.0,commits
TEAM_01,2025.2,-29,0.0,Lower evaluator score / weaker planning,1.5,True,4.143134726391533,11.0,0.0,commits
TEAM_01,2025.2,-28,0.0,Lower evaluator score / weaker planning,1.5,True,4.143134726391533,11.0,0.0,commits
TEAM_01,2025.2,-27,0.0,Lower evaluator score / weaker planning,1.5,True,4.143134726391533,11.0,0.0,commits
TEAM_01,2025.2,-26,0.0,Lower evaluator score / weaker planning,1.5,True,4.143134726391533,11.0,0.0,commits
TEAM_01,2025.2,-25,0.0,Lower evaluator score / weaker planning,1.5,True,4.143134726391533,11.0,0.0,commits
TEAM_01,2025.2,-24,0.0,Lower evaluator score / weaker planning,1.5,True,4.143134726391533,11.0,0.0,commits
TEAM_01,2025.2,-23,0.0,Lower evaluator score / weaker planning,1.5,True,4.143134726391533,11.0,0.0,commits
TEAM_01,2025.2,-22,0.0,Lower evaluator score / weaker planning,1.5,True,4.143134726391533,11.0,0.0,commits
TEAM_01,2025.2,-21,1.0,Lower evaluator score / weaker planning,1.5,True,4.143134726391533,11.0,9.090909090909092,commits
TEAM_01,2025.2,-20,1.0,Lower evaluator score / weaker planning,1.5,True,4.143134726391533,11.0,9.090909090909092,commits
TEAM_01,2025.2,-19,1.0,Lower evaluator score / weaker planning,1.5,True,4.143134726391533,11.0,9.090909090909092,commits
TEAM_01,2025.2,-18,1.0,Lower evaluator score / weaker planning,1.5,True,4.143134726391533,11.0,9.090909090909092,commits
TEAM_01,2025.2,-17,1.0,Lower evaluator score / weaker planning,1.5,True,4.143134726391533,11.0,9.090909090909092,commits
TEAM_01,2025.2,-16,1.0,Lower evaluator score / weaker planning,1.5,True,4.143134726391533,11.0,9.090909090909092,commits
TEAM_01,2025.2,-15,1.0,Lower evaluator score / weaker planning,1.5,True,4.143134726391533,11.0,9.090909090909092,commits
TEAM_01,2025.2,-14,0.0,Lower evaluator score / weaker planning,1.5,True,4.143134726391533,11.0,0.0,commits
TEAM_01,2025.2,-13,0.0,Lower evaluator score / weaker planning,1.5,True,4.143134726391533,11.0,0.0,commits
TEAM_01,2025.2,-12,0.0,Lower evaluator score / weaker planning,1.5,True,4.143134726391533,11.0,0.0,commits
TEAM_01,2025.2,-11,0.0,Lower evaluator score / weaker planning,1.5,True,4.143134726391533,11.0,0.0,commits
TEAM_01,2025.2,-10,0.0,Lower evaluator score / weaker planning,1.5,True,4.143134726391533,11.0,0.0,commits
TEAM_01,2025.2,-9,0.0,Lower evaluator score / weaker planning,1.5,True,4.143134726391533,11.0,0.0,commits
TEAM_01,2025.2,-8,0.0,Lower evaluator score / weaker planning,1.5,True,4.143134726391533,11.0,0.0,commits
TEAM_01,2025.2,-7,0.0,Lower evaluator score / weaker planning,1.5,True,4.143134726391533,11.0,0.0,commits
TEAM_01,2025.2,-6,0.0,Lower evaluator score / weaker planning,1.5,True,4.143134726391533,11.0,0.0,commits
TEAM_01,2025.2,-5,0.0,Lower evaluator score / weaker planning,1.5,True,4.143134726391533,11.0,0.0,commits
TEAM_01,2025.2,-4,0.0,Lower evaluator score / weaker planning,1.5,True,4.143134726391533,11.0,0.0,commits
TEAM_01,2025.2,-3,0.0,Lower evaluator score / weaker planning,1.5,True,4.143134726391533,11.0,0.0,commits
TEAM_01,2025.2,-2,0.0,Lower evaluator score / weaker planning,1.5,True,4.143134726391533,11.0,0.0,commits
TEAM_01,2025.2,-1,7.0,Lower evaluator score / weaker planning,1.5,True,4.143134726391533,11.0,63.63636363636363,commits
TEAM_01,2025.2,0,11.0,Lower evaluator score / weaker planning,1.5,True,4.143134726391533,11.0,100.0,commits
TEAM_01,2026.1,-110,0.0,Lower evaluator score / weaker planning,2.5,True,1.0986122886681096,1.0,0.0,commits
TEAM_01,2026.1,-109,0.0,Lower evaluator score / weaker planning,2.5,True,1.0986122886681096,1.0,0.0,commits
TEAM_01,2026.1,-108,0.0,Lower evaluator score / weaker planning,2.5,True,1.0986122886681096,1.0,0.0,commits
TEAM_01,2026.1,-107,0.0,Lower evaluator score / weaker planning,2.5,True,1.0986122886681096,1.0,0.0,commits
TEAM_01,2026.1,-106,0.0,Lower evaluator score / weaker planning,2.5,True,1.0986122886681096,1.0,0.0,commits
TEAM_01,2026.1,-105,0.0,Lower evaluator score / weaker planning,2.5,True,1.0986122886681096,1.0,0.0,commits
TEAM_01,2026.1,-104,1.0,Lower evaluator score / weaker planning,2.5,True,1.0986122886681096,1.0,100.0,commits
TEAM_01,2026.1,-103,1.0,Lower evaluator score / weaker planning,2.5,True,1.0986122886681096,1.0,100.0,commits
TEAM_01,2026.1,-102,1.0,Lower evaluator score / weaker planning,2.5,True,1.0986122886681096,1.0,100.0,commits
TEAM_01,2026.1,-101,1.0,Lower evaluator score / weaker planning,2.5,True,1.0986122886681096,1.0,100.0,commits
TEAM_01,2026.1,-100,1.0,Lower evaluator score / weaker planning,2.5,True,1.0986122886681096,1.0,100.0,commits
TEAM_01,2026.1,-99,1.0,Lower evaluator score / weaker planning,2.5,True,1.0986122886681096,1.0,100.0,commits
TEAM_01,2026.1,-98,1.0,Lower evaluator score / weaker planning,2.5,True,1.0986122886681096,1.0,100.0,commits
TEAM_01,2026.1,-97,0.0,Lower evaluator score / weaker planning,2.5,True,1.0986122886681096,1.0,0.0,commits
TEAM_01,2026.1,-96,0.0,Lower evaluator score / weaker planning,2.5,True,1.0986122886681096,1.0,0.0,commits
TEAM_01,2026.1,-95,0.0,Lower evaluator score / weaker planning,2.5,True,1.0986122886681096,1.0,0.0,commits
TEAM_01,2026.1,-94,0.0,Lower evaluator score / weaker planning,2.5,True,1.0986122886681096,1.0,0.0,commits
TEAM_01,2026.1,-93,0.0,Lower evaluator score / weaker planning,2.5,True,1.0986122886681096,1.0,0.0,commits
TEAM_01,2026.1,-92,0.0,Lower evaluator score / weaker planning,2.5,True,1.0986122886681096,1.0,0.0,commits
TEAM_01,2026.1,-91,0.0,Lower evaluator score / weaker planning,2.5,True,1.0986122886681096,1.0,0.0,commits
TEAM_01,2026.1,-90,0.0,Lower evaluator score / weaker planning,2.5,True,1.0986122886681096,1.0,0.0,commits
TEAM_01,2026.1,-89,0.0,Lower evaluator score / weaker planning,2.5,True,1.0986122886681096,1.0,0.0,commits
TEAM_01,2026.1,-88,0.0,Lower evaluator score / weaker planning,2.5,True,1.0986122886681096,1.0,0.0,commits
TEAM_01,2026.1,-87,0.0,Lower evaluator score / weaker planning,2.5,True,1.0986122886681096,1.0,0.0,commits
TEAM_01,2026.1,-86,0.0,Lower evaluator score / weaker planning,2.5,True,1.0986122886681096,1.0,0.0,commits
TEAM_01,2026.1,-85,0.0,Lower evaluator score / weaker planning,2.5,True,1.0986122886681096,1.0,0.0,commits
TEAM_01,2026.1,-84,0.0,Lower evaluator score / weaker planning,2.5,True,1.0986122886681096,1.0,0.0,commits
TEAM_01,2026.1,-83,0.0,Lower evaluator score / weaker planning,2.5,True,1.0986122886681096,1.0,0.0,commits
TEAM_01,2026.1,-82,0.0,Lower evaluator score / weaker planning,2.5,True,1.0986122886681096,1.0,0.0,commits
TEAM_01,2026.1,-81,0.0,Lower evaluator score / weaker planning,2.5,True,1.0986122886681096,1.0,0.0,commits
TEAM_01,2026.1,-80,0.0,Lower evaluator score / weaker planning,2.5,True,1.0986122886681096,1.0,0.0,commits
TEAM_01,2026.1,-79,0.0,Lower evaluator score / weaker planning,2.5,True,1.0986122886681096,1.0,0.0,commits
TEAM_01,2026.1,-78,0.0,Lower evaluator score / weaker planning,2.5,True,1.0986122886681096,1.0,0.0,commits
TEAM_01,2026.1,-77,0.0,Lower evaluator score / weaker planning,2.5,True,1.0986122886681096,1.0,0.0,commits
TEAM_01,2026.1,-76,0.0,Lower evaluator score / weaker planning,2.5,True,1.0986122886681096,1.0,0.0,commits
TEAM_01,2026.1,-75,0.0,Lower evaluator score / weaker planning,2.5,True,1.0986122886681096,1.0,0.0,commits
TEAM_01,2026.1,-74,0.0,Lower evaluator score / weaker planning,2.5,True,1.0986122886681096,1.0,0.0,commits
TEAM_01,2026.1,-73,0.0,Lower evaluator score / weaker planning,2.5,True,1.0986122886681096,1.0,0.0,commits
TEAM_01,2026.1,-72,0.0,Lower evaluator score / weaker planning,2.5,True,1.0986122886681096,1.0,0.0,commits
TEAM_01,2026.1,-71,0.0,Lower evaluator score / weaker planning,2.5,True,1.0986122886681096,1.0,0.0,commits
TEAM_01,2026.1,-70,0.0,Lower evaluator score / weaker planning,2.5,True,1.0986122886681096,1.0,0.0,commits
TEAM_01,2026.1,-69,0.0,Lower evaluator score / weaker planning,2.5,True,1.0986122886681096,1.0,0.0,commits
TEAM_01,2026.1,-68,0.0,Lower evaluator score / weaker planning,2.5,True,1.0986122886681096,1.0,0.0,commits
TEAM_01,2026.1,-67,0.0,Lower evaluator score / weaker planning,2.5,True,1.0986122886681096,1.0,0.0,commits
TEAM_01,2026.1,-66,0.0,Lower evaluator score / weaker planning,2.5,True,1.0986122886681096,1.0,0.0,commits
TEAM_01,2026.1,-65,0.0,Lower evaluator score / weaker planning,2.5,True,1.0986122886681096,1.0,0.0,commits
TEAM_01,2026.1,-64,0.0,Lower evaluator score / weaker planning,2.5,True,1.0986122886681096,1.0,0.0,commits
TEAM_01,2026.1,-63,0.0,Lower evaluator score / weaker planning,2.5,True,1.0986122886681096,1.0,0.0,commits
TEAM_01,2026.1,-62,0.0,Lower evaluator score / weaker planning,2.5,True,1.0986122886681096,1.0,0.0,commits
TEAM_01,2026.1,-61,0.0,Lower evaluator score / weaker planning,2.5,True,1.0986122886681096,1.0,0.0,commits
TEAM_01,2026.1,-60,0.0,Lower evaluator score / weaker planning,2.5,True,1.0986122886681096,1.0,0.0,commits
TEAM_01,2026.1,-59,0.0,Lower evaluator score / weaker planning,2.5,True,1.0986122886681096,1.0,0.0,commits
TEAM_01,2026.1,-58,0.0,Lower evaluator score / weaker planning,2.5,True,1.0986122886681096,1.0,0.0,commits
TEAM_01,2026.1,-57,0.0,Lower evaluator score / weaker planning,2.5,True,1.0986122886681096,1.0,0.0,commits
TEAM_01,2026.1,-56,0.0,Lower evaluator score / weaker planning,2.5,True,1.0986122886681096,1.0,0.0,commits
TEAM_01,2026.1,-55,0.0,Lower evaluator score / weaker planning,2.5,True,1.0986122886681096,1.0,0.0,commits
TEAM_01,2026.1,-54,0.0,Lower evaluator score / weaker planning,2.5,True,1.0986122886681096,1.0,0.0,commits
TEAM_01,2026.1,-53,0.0,Lower evaluator score / weaker planning,2.5,True,1.0986122886681096,1.0,0.0,commits
TEAM_01,2026.1,-52,0.0,Lower evaluator score / weaker planning,2.5,True,1.0986122886681096,1.0,0.0,commits
TEAM_01,2026.1,-51,0.0,Lower evaluator score / weaker planning,2.5,True,1.0986122886681096,1.0,0.0,commits
TEAM_01,2026.1,-50,0.0,Lower evaluator score / weaker planning,2.5,True,1.0986122886681096,1.0,0.0,commits
TEAM_01,2026.1,-49,0.0,Lower evaluator score / weaker planning,2.5,True,1.0986122886681096,1.0,0.0,commits
TEAM_01,2026.1,-48,0.0,Lower evaluator score / weaker planning,2.5,True,1.0986122886681096,1.0,0.0,commits
TEAM_01,2026.1,-47,0.0,Lower evaluator score / weaker planning,2.5,True,1.0986122886681096,1.0,0.0,commits
TEAM_01,2026.1,-46,0.0,Lower evaluator score / weaker planning,2.5,True,1.0986122886681096,1.0,0.0,commits
TEAM_01,2026.1,-45,0.0,Lower evaluator score / weaker planning,2.5,True,1.0986122886681096,1.0,0.0,commits
TEAM_01,2026.1,-44,0.0,Lower evaluator score / weaker planning,2.5,True,1.0986122886681096,1.0,0.0,commits
TEAM_01,2026.1,-43,0.0,Lower evaluator score / weaker planning,2.5,True,1.0986122886681096,1.0,0.0,commits
TEAM_01,2026.1,-42,0.0,Lower evaluator score / weaker planning,2.5,True,1.0986122886681096,1.0,0.0,commits
TEAM_01,2026.1,-41,0.0,Lower evaluator score / weaker planning,2.5,True,1.0986122886681096,1.0,0.0,commits
TEAM_01,2026.1,-40,0.0,Lower evaluator score / weaker planning,2.5,True,1.0986122886681096,1.0,0.0,commits
TEAM_01,2026.1,-39,0.0,Lower evaluator score / weaker planning,2.5,True,1.0986122886681096,1.0,0.0,commits
TEAM_01,2026.1,-38,0.0,Lower evaluator score / weaker planning,2.5,True,1.0986122886681096,1.0,0.0,commits
TEAM_01,2026.1,-37,0.0,Lower evaluator score / weaker planning,2.5,True,1.0986122886681096,1.0,0.0,commits
TEAM_01,2026.1,-36,0.0,Lower evaluator score / weaker planning,2.5,True,1.0986122886681096,1.0,0.0,commits
TEAM_01,2026.1,-35,0.0,Lower evaluator score / weaker planning,2.5,True,1.0986122886681096,1.0,0.0,commits
TEAM_01,2026.1,-34,0.0,Lower evaluator score / weaker planning,2.5,True,1.0986122886681096,1.0,0.0,commits
TEAM_01,2026.1,-33,0.0,Lower evaluator score / weaker planning,2.5,True,1.0986122886681096,1.0,0.0,commits
TEAM_01,2026.1,-32,0.0,Lower evaluator score / weaker planning,2.5,True,1.0986122886681096,1.0,0.0,commits
TEAM_01,2026.1,-31,0.0,Lower evaluator score / weaker planning,2.5,True,1.0986122886681096,1.0,0.0,commits
TEAM_01,2026.1,-30,0.0,Lower evaluator score / weaker planning,2.5,True,1.0986122886681096,1.0,0.0,commits
TEAM_01,2026.1,-29,0.0,Lower evaluator score / weaker planning,2.5,True,1.0986122886681096,1.0,0.0,commits
TEAM_01,2026.1,-28,1.0,Lower evaluator score / weaker planning,2.5,True,1.0986122886681096,1.0,100.0,commits
TEAM_01,2026.1,-27,1.0,Lower evaluator score / weaker planning,2.5,True,1.0986122886681096,1.0,100.0,commits
TEAM_01,2026.1,-26,1.0,Lower evaluator score / weaker planning,2.5,True,1.0986122886681096,1.0,100.0,commits
TEAM_01,2026.1,-25,1.0,Lower evaluator score / weaker planning,2.5,True,1.0986122886681096,1.0,100.0,commits
TEAM_01,2026.1,-24,1.0,Lower evaluator score / weaker planning,2.5,True,1.0986122886681096,1.0,100.0,commits
TEAM_01,2026.1,-23,1.0,Lower evaluator score / weaker planning,2.5,True,1.0986122886681096,1.0,100.0,commits
TEAM_01,2026.1,-22,1.0,Lower evaluator score / weaker planning,2.5,True,1.0986122886681096,1.0,100.0,commits
TEAM_01,2026.1,-21,0.0,Lower evaluator score / weaker planning,2.5,True,1.0986122886681096,1.0,0.0,commits
TEAM_01,2026.1,-20,0.0,Lower evaluator score / weaker planning,2.5,True,1.0986122886681096,1.0,0.0,commits
TEAM_01,2026.1,-19,0.0,Lower evaluator score / weaker planning,2.5,True,1.0986122886681096,1.0,0.0,commits
TEAM_01,2026.1,-18,0.0,Lower evaluator score / weaker planning,2.5,True,1.0986122886681096,1.0,0.0,commits
TEAM_01,2026.1,-17,0.0,Lower evaluator score / weaker planning,2.5,True,1.0986122886681096,1.0,0.0,commits
TEAM_01,2026.1,-16,0.0,Lower evaluator score / weaker planning,2.5,True,1.0986122886681096,1.0,0.0,commits
TEAM_01,2026.1,-15,0.0,Lower evaluator score / weaker planning,2.5,True,1.0986122886681096,1.0,0.0,commits
TEAM_01,2026.1,-14,0.0,Lower evaluator score / weaker planning,2.5,True,1.0986122886681096,1.0,0.0,commits
TEAM_01,2026.1,-13,0.0,Lower evaluator score / weaker planning,2.5,True,1.0986122886681096,1.0,0.0,commits
TEAM_01,2026.1,-12,0.0,Lower evaluator score / weaker planning,2.5,True,1.0986122886681096,1.0,0.0,commits
TEAM_01,2026.1,-11,0.0,Lower evaluator score / weaker planning,2.5,True,1.0986122886681096,1.0,0.0,commits
TEAM_01,2026.1,-10,0.0,Lower evaluator score / weaker planning,2.5,True,1.0986122886681096,1.0,0.0,commits
TEAM_01,2026.1,-9,0.0,Lower evaluator score / weaker planning,2.5,True,1.0986122886681096,1.0,0.0,commits
TEAM_01,2026.1,-8,0.0,Lower evaluator score / weaker planning,2.5,True,1.0986122886681096,1.0,0.0,commits
TEAM_01,2026.1,-7,0.0,Lower evaluator score / weaker planning,2.5,True,1.0986122886681096,1.0,0.0,commits
TEAM_01,2026.1,-6,0.0,Lower evaluator score / weaker planning,2.5,True,1.0986122886681096,1.0,0.0,commits
TEAM_01,2026.1,-5,0.0,Lower evaluator score / weaker planning,2.5,True,1.0986122886681096,1.0,0.0,commits
TEAM_01,2026.1,-4,0.0,Lower evaluator score / weaker planning,2.5,True,1.0986122886681096,1.0,0.0,commits
TEAM_01,2026.1,-3,0.0,Lower evaluator score / weaker planning,2.5,True,1.0986122886681096,1.0,0.0,commits
TEAM_01,2026.1,-2,0.0,Lower evaluator score / weaker planning,2.5,True,1.0986122886681096,1.0,0.0,commits
TEAM_01,2026.1,-1,0.0,Lower evaluator score / weaker planning,2.5,True,1.0986122886681096,1.0,0.0,commits
TEAM_01,2026.1,0,1.0,Lower evaluator score / weaker planning,2.5,True,1.0986122886681096,1.0,100.0,commits
TEAM_02,2025.2,-110,0.0,Lower evaluator score / weaker planning,1.75,False,0.0,109.0,0.0,commits
TEAM_02,2025.2,-109,0.0,Lower evaluator score / weaker planning,1.75,False,0.0,109.0,0.0,commits
TEAM_02,2025.2,-108,0.0,Lower evaluator score / weaker planning,1.75,False,0.0,109.0,0.0,commits
TEAM_02,2025.2,-107,0.0,Lower evaluator score / weaker planning,1.75,False,0.0,109.0,0.0,commits
TEAM_02,2025.2,-106,0.0,Lower evaluator score / weaker planning,1.75,False,0.0,109.0,0.0,commits
TEAM_02,2025.2,-105,0.0,Lower evaluator score / weaker planning,1.75,False,0.0,109.0,0.0,commits
TEAM_02,2025.2,-104,0.0,Lower evaluator score / weaker planning,1.75,False,0.0,109.0,0.0,commits
TEAM_02,2025.2,-103,0.0,Lower evaluator score / weaker planning,1.75,False,0.0,109.0,0.0,commits
TEAM_02,2025.2,-102,0.0,Lower evaluator score / weaker planning,1.75,False,0.0,109.0,0.0,commits
TEAM_02,2025.2,-101,0.0,Lower evaluator score / weaker planning,1.75,False,0.0,109.0,0.0,commits
TEAM_02,2025.2,-100,0.0,Lower evaluator score / weaker planning,1.75,False,0.0,109.0,0.0,commits
TEAM_02,2025.2,-99,0.0,Lower evaluator score / weaker planning,1.75,False,0.0,109.0,0.0,commits
TEAM_02,2025.2,-98,0.0,Lower evaluator score / weaker planning,1.75,False,0.0,109.0,0.0,commits
TEAM_02,2025.2,-97,0.0,Lower evaluator score / weaker planning,1.75,False,0.0,109.0,0.0,commits
TEAM_02,2025.2,-96,0.0,Lower evaluator score / weaker planning,1.75,False,0.0,109.0,0.0,commits
TEAM_02,2025.2,-95,0.0,Lower evaluator score / weaker planning,1.75,False,0.0,109.0,0.0,commits
TEAM_02,2025.2,-94,0.0,Lower evaluator score / weaker planning,1.75,False,0.0,109.0,0.0,commits
TEAM_02,2025.2,-93,0.0,Lower evaluator score / weaker planning,1.75,False,0.0,109.0,0.0,commits
TEAM_02,2025.2,-92,0.0,Lower evaluator score / weaker planning,1.75,False,0.0,109.0,0.0,commits
TEAM_02,2025.2,-91,0.0,Lower evaluator score / weaker planning,1.75,False,0.0,109.0,0.0,commits
TEAM_02,2025.2,-90,0.0,Lower evaluator score / weaker planning,1.75,False,0.0,109.0,0.0,commits
TEAM_02,2025.2,-89,0.0,Lower evaluator score / weaker planning,1.75,False,0.0,109.0,0.0,commits
TEAM_02,2025.2,-88,0.0,Lower evaluator score / weaker planning,1.75,False,0.0,109.0,0.0,commits
TEAM_02,2025.2,-87,0.0,Lower evaluator score / weaker planning,1.75,False,0.0,109.0,0.0,commits
TEAM_02,2025.2,-86,0.0,Lower evaluator score / weaker planning,1.75,False,0.0,109.0,0.0,commits
TEAM_02,2025.2,-85,0.0,Lower evaluator score / weaker planning,1.75,False,0.0,109.0,0.0,commits
TEAM_02,2025.2,-84,0.0,Lower evaluator score / weaker planning,1.75,False,0.0,109.0,0.0,commits
TEAM_02,2025.2,-83,0.0,Lower evaluator score / weaker planning,1.75,False,0.0,109.0,0.0,commits
TEAM_02,2025.2,-82,0.0,Lower evaluator score / weaker planning,1.75,False,0.0,109.0,0.0,commits
TEAM_02,2025.2,-81,0.0,Lower evaluator score / weaker planning,1.75,False,0.0,109.0,0.0,commits
TEAM_02,2025.2,-80,0.0,Lower evaluator score / weaker planning,1.75,False,0.0,109.0,0.0,commits
TEAM_02,2025.2,-79,0.0,Lower evaluator score / weaker planning,1.75,False,0.0,109.0,0.0,commits
TEAM_02,2025.2,-78,0.0,Lower evaluator score / weaker planning,1.75,False,0.0,109.0,0.0,commits
TEAM_02,2025.2,-77,0.0,Lower evaluator score / weaker planning,1.75,False,0.0,109.0,0.0,commits
TEAM_02,2025.2,-76,0.0,Lower evaluator score / weaker planning,1.75,False,0.0,109.0,0.0,commits
TEAM_02,2025.2,-75,0.0,Lower evaluator score / weaker planning,1.75,False,0.0,109.0,0.0,commits
TEAM_02,2025.2,-74,0.0,Lower evaluator score / weaker planning,1.75,False,0.0,109.0,0.0,commits
TEAM_02,2025.2,-73,0.0,Lower evaluator score / weaker planning,1.75,False,0.0,109.0,0.0,commits
TEAM_02,2025.2,-72,0.0,Lower evaluator score / weaker planning,1.75,False,0.0,109.0,0.0,commits
TEAM_02,2025.2,-71,0.0,Lower evaluator score / weaker planning,1.75,False,0.0,109.0,0.0,commits
TEAM_02,2025.2,-70,0.0,Lower evaluator score / weaker planning,1.75,False,0.0,109.0,0.0,commits
TEAM_02,2025.2,-69,0.0,Lower evaluator score / weaker planning,1.75,False,0.0,109.0,0.0,commits
TEAM_02,2025.2,-68,0.0,Lower evaluator score / weaker planning,1.75,False,0.0,109.0,0.0,commits
TEAM_02,2025.2,-67,0.0,Lower evaluator score / weaker planning,1.75,False,0.0,109.0,0.0,commits
TEAM_02,2025.2,-66,0.0,Lower evaluator score / weaker planning,1.75,False,0.0,109.0,0.0,commits
TEAM_02,2025.2,-65,0.0,Lower evaluator score / weaker planning,1.75,False,0.0,109.0,0.0,commits
TEAM_02,2025.2,-64,0.0,Lower evaluator score / weaker planning,1.75,False,0.0,109.0,0.0,commits
TEAM_02,2025.2,-63,0.0,Lower evaluator score / weaker planning,1.75,False,0.0,109.0,0.0,commits
TEAM_02,2025.2,-62,0.0,Lower evaluator score / weaker planning,1.75,False,0.0,109.0,0.0,commits
TEAM_02,2025.2,-61,0.0,Lower evaluator score / weaker planning,1.75,False,0.0,109.0,0.0,commits
TEAM_02,2025.2,-60,0.0,Lower evaluator score / weaker planning,1.75,False,0.0,109.0,0.0,commits
TEAM_02,2025.2,-59,0.0,Lower evaluator score / weaker planning,1.75,False,0.0,109.0,0.0,commits
TEAM_02,2025.2,-58,0.0,Lower evaluator score / weaker planning,1.75,False,0.0,109.0,0.0,commits
TEAM_02,2025.2,-57,0.0,Lower evaluator score / weaker planning,1.75,False,0.0,109.0,0.0,commits
TEAM_02,2025.2,-56,0.0,Lower evaluator score / weaker planning,1.75,False,0.0,109.0,0.0,commits
TEAM_02,2025.2,-55,0.0,Lower evaluator score / weaker planning,1.75,False,0.0,109.0,0.0,commits
TEAM_02,2025.2,-54,0.0,Lower evaluator score / weaker planning,1.75,False,0.0,109.0,0.0,commits
TEAM_02,2025.2,-53,0.0,Lower evaluator score / weaker planning,1.75,False,0.0,109.0,0.0,commits
TEAM_02,2025.2,-52,0.0,Lower evaluator score / weaker planning,1.75,False,0.0,109.0,0.0,commits
TEAM_02,2025.2,-51,0.0,Lower evaluator score / weaker planning,1.75,False,0.0,109.0,0.0,commits
TEAM_02,2025.2,-50,0.0,Lower evaluator score / weaker planning,1.75,False,0.0,109.0,0.0,commits
TEAM_02,2025.2,-49,0.0,Lower evaluator score / weaker planning,1.75,False,0.0,109.0,0.0,commits
TEAM_02,2025.2,-48,0.0,Lower evaluator score / weaker planning,1.75,False,0.0,109.0,0.0,commits
TEAM_02,2025.2,-47,0.0,Lower evaluator score / weaker planning,1.75,False,0.0,109.0,0.0,commits
TEAM_02,2025.2,-46,0.0,Lower evaluator score / weaker planning,1.75,False,0.0,109.0,0.0,commits
TEAM_02,2025.2,-45,0.0,Lower evaluator score / weaker planning,1.75,False,0.0,109.0,0.0,commits
TEAM_02,2025.2,-44,5.0,Lower evaluator score / weaker planning,1.75,False,0.0,109.0,4.587155963302752,commits
TEAM_02,2025.2,-43,5.0,Lower evaluator score / weaker planning,1.75,False,0.0,109.0,4.587155963302752,commits
TEAM_02,2025.2,-42,5.0,Lower evaluator score / weaker planning,1.75,False,0.0,109.0,4.587155963302752,commits
TEAM_02,2025.2,-41,6.0,Lower evaluator score / weaker planning,1.75,False,0.0,109.0,5.504587155963303,commits
TEAM_02,2025.2,-40,6.0,Lower evaluator score / weaker planning,1.75,False,0.0,109.0,5.504587155963303,commits
TEAM_02,2025.2,-39,7.0,Lower evaluator score / weaker planning,1.75,False,0.0,109.0,6.422018348623853,commits
TEAM_02,2025.2,-38,7.0,Lower evaluator score / weaker planning,1.75,False,0.0,109.0,6.422018348623853,commits
TEAM_02,2025.2,-37,2.0,Lower evaluator score / weaker planning,1.75,False,0.0,109.0,1.834862385321101,commits
TEAM_02,2025.2,-36,3.0,Lower evaluator score / weaker planning,1.75,False,0.0,109.0,2.7522935779816513,commits
TEAM_02,2025.2,-35,4.0,Lower evaluator score / weaker planning,1.75,False,0.0,109.0,3.669724770642202,commits
TEAM_02,2025.2,-34,4.0,Lower evaluator score / weaker planning,1.75,False,0.0,109.0,3.669724770642202,commits
TEAM_02,2025.2,-33,6.0,Lower evaluator score / weaker planning,1.75,False,0.0,109.0,5.504587155963303,commits
TEAM_02,2025.2,-32,5.0,Lower evaluator score / weaker planning,1.75,False,0.0,109.0,4.587155963302752,commits
TEAM_02,2025.2,-31,7.0,Lower evaluator score / weaker planning,1.75,False,0.0,109.0,6.422018348623853,commits
TEAM_02,2025.2,-30,9.0,Lower evaluator score / weaker planning,1.75,False,0.0,109.0,8.256880733944953,commits
TEAM_02,2025.2,-29,13.0,Lower evaluator score / weaker planning,1.75,False,0.0,109.0,11.926605504587156,commits
TEAM_02,2025.2,-28,12.0,Lower evaluator score / weaker planning,1.75,False,0.0,109.0,11.009174311926605,commits
TEAM_02,2025.2,-27,15.0,Lower evaluator score / weaker planning,1.75,False,0.0,109.0,13.761467889908257,commits
TEAM_02,2025.2,-26,15.0,Lower evaluator score / weaker planning,1.75,False,0.0,109.0,13.761467889908257,commits
TEAM_02,2025.2,-25,15.0,Lower evaluator score / weaker planning,1.75,False,0.0,109.0,13.761467889908257,commits
TEAM_02,2025.2,-24,13.0,Lower evaluator score / weaker planning,1.75,False,0.0,109.0,11.926605504587156,commits
TEAM_02,2025.2,-23,12.0,Lower evaluator score / weaker planning,1.75,False,0.0,109.0,11.009174311926605,commits
TEAM_02,2025.2,-22,8.0,Lower evaluator score / weaker planning,1.75,False,0.0,109.0,7.339449541284404,commits
TEAM_02,2025.2,-21,19.0,Lower evaluator score / weaker planning,1.75,False,0.0,109.0,17.431192660550458,commits
TEAM_02,2025.2,-20,15.0,Lower evaluator score / weaker planning,1.75,False,0.0,109.0,13.761467889908257,commits
TEAM_02,2025.2,-19,13.0,Lower evaluator score / weaker planning,1.75,False,0.0,109.0,11.926605504587156,commits
TEAM_02,2025.2,-18,13.0,Lower evaluator score / weaker planning,1.75,False,0.0,109.0,11.926605504587156,commits
TEAM_02,2025.2,-17,15.0,Lower evaluator score / weaker planning,1.75,False,0.0,109.0,13.761467889908257,commits
TEAM_02,2025.2,-16,22.0,Lower evaluator score / weaker planning,1.75,False,0.0,109.0,20.18348623853211,commits
TEAM_02,2025.2,-15,27.0,Lower evaluator score / weaker planning,1.75,False,0.0,109.0,24.770642201834864,commits
TEAM_02,2025.2,-14,16.0,Lower evaluator score / weaker planning,1.75,False,0.0,109.0,14.678899082568808,commits
TEAM_02,2025.2,-13,18.0,Lower evaluator score / weaker planning,1.75,False,0.0,109.0,16.513761467889907,commits
TEAM_02,2025.2,-12,18.0,Lower evaluator score / weaker planning,1.75,False,0.0,109.0,16.513761467889907,commits
TEAM_02,2025.2,-11,18.0,Lower evaluator score / weaker planning,1.75,False,0.0,109.0,16.513761467889907,commits
TEAM_02,2025.2,-10,16.0,Lower evaluator score / weaker planning,1.75,False,0.0,109.0,14.678899082568808,commits
TEAM_02,2025.2,-9,16.0,Lower evaluator score / weaker planning,1.75,False,0.0,109.0,14.678899082568808,commits
TEAM_02,2025.2,-8,25.0,Lower evaluator score / weaker planning,1.75,False,0.0,109.0,22.93577981651376,commits
TEAM_02,2025.2,-7,36.0,Lower evaluator score / weaker planning,1.75,False,0.0,109.0,33.027522935779814,commits
TEAM_02,2025.2,-6,40.0,Lower evaluator score / weaker planning,1.75,False,0.0,109.0,36.69724770642202,commits
TEAM_02,2025.2,-5,40.0,Lower evaluator score / weaker planning,1.75,False,0.0,109.0,36.69724770642202,commits
TEAM_02,2025.2,-4,49.0,Lower evaluator score / weaker planning,1.75,False,0.0,109.0,44.95412844036697,commits
TEAM_02,2025.2,-3,65.0,Lower evaluator score / weaker planning,1.75,False,0.0,109.0,59.63302752293578,commits
TEAM_02,2025.2,-2,67.0,Lower evaluator score / weaker planning,1.75,False,0.0,109.0,61.46788990825688,commits
TEAM_02,2025.2,-1,77.0,Lower evaluator score / weaker planning,1.75,False,0.0,109.0,70.64220183486239,commits
TEAM_02,2025.2,0,109.0,Lower evaluator score / weaker planning,1.75,False,0.0,109.0,100.0,commits
TEAM_02,2026.1,-110,0.0,High evaluator score + good planning,2.4583333333333335,True,4.77912349311153,20.0,0.0,commits
TEAM_02,2026.1,-109,0.0,High evaluator score + good planning,2.4583333333333335,True,4.77912349311153,20.0,0.0,commits
TEAM_02,2026.1,-108,0.0,High evaluator score + good planning,2.4583333333333335,True,4.77912349311153,20.0,0.0,commits
TEAM_02,2026.1,-107,0.0,High evaluator score + good planning,2.4583333333333335,True,4.77912349311153,20.0,0.0,commits
TEAM_02,2026.1,-106,0.0,High evaluator score + good planning,2.4583333333333335,True,4.77912349311153,20.0,0.0,commits
TEAM_02,2026.1,-105,0.0,High evaluator score + good planning,2.4583333333333335,True,4.77912349311153,20.0,0.0,commits
TEAM_02,2026.1,-104,0.0,High evaluator score + good planning,2.4583333333333335,True,4.77912349311153,20.0,0.0,commits
TEAM_02,2026.1,-103,0.0,High evaluator score + good planning,2.4583333333333335,True,4.77912349311153,20.0,0.0,commits
TEAM_02,2026.1,-102,0.0,High evaluator score + good planning,2.4583333333333335,True,4.77912349311153,20.0,0.0,commits
TEAM_02,2026.1,-101,0.0,High evaluator score + good planning,2.4583333333333335,True,4.77912349311153,20.0,0.0,commits
TEAM_02,2026.1,-100,0.0,High evaluator score + good planning,2.4583333333333335,True,4.77912349311153,20.0,0.0,commits
TEAM_02,2026.1,-99,0.0,High evaluator score + good planning,2.4583333333333335,True,4.77912349311153,20.0,0.0,commits
TEAM_02,2026.1,-98,0.0,High evaluator score + good planning,2.4583333333333335,True,4.77912349311153,20.0,0.0,commits
TEAM_02,2026.1,-97,0.0,High evaluator score + good planning,2.4583333333333335,True,4.77912349311153,20.0,0.0,commits
TEAM_02,2026.1,-96,0.0,High evaluator score + good planning,2.4583333333333335,True,4.77912349311153,20.0,0.0,commits
TEAM_02,2026.1,-95,0.0,High evaluator score + good planning,2.4583333333333335,True,4.77912349311153,20.0,0.0,commits
TEAM_02,2026.1,-94,0.0,High evaluator score + good planning,2.4583333333333335,True,4.77912349311153,20.0,0.0,commits
TEAM_02,2026.1,-93,0.0,High evaluator score + good planning,2.4583333333333335,True,4.77912349311153,20.0,0.0,commits
TEAM_02,2026.1,-92,0.0,High evaluator score + good planning,2.4583333333333335,True,4.77912349311153,20.0,0.0,commits
TEAM_02,2026.1,-91,0.0,High evaluator score + good planning,2.4583333333333335,True,4.77912349311153,20.0,0.0,commits
TEAM_02,2026.1,-90,0.0,High evaluator score + good planning,2.4583333333333335,True,4.77912349311153,20.0,0.0,commits
TEAM_02,2026.1,-89,0.0,High evaluator score + good planning,2.4583333333333335,True,4.77912349311153,20.0,0.0,commits
TEAM_02,2026.1,-88,0.0,High evaluator score + good planning,2.4583333333333335,True,4.77912349311153,20.0,0.0,commits
TEAM_02,2026.1,-87,0.0,High evaluator score + good planning,2.4583333333333335,True,4.77912349311153,20.0,0.0,commits
TEAM_02,2026.1,-86,0.0,High evaluator score + good planning,2.4583333333333335,True,4.77912349311153,20.0,0.0,commits
TEAM_02,2026.1,-85,0.0,High evaluator score + good planning,2.4583333333333335,True,4.77912349311153,20.0,0.0,commits
TEAM_02,2026.1,-84,1.0,High evaluator score + good planning,2.4583333333333335,True,4.77912349311153,20.0,5.0,commits
TEAM_02,2026.1,-83,1.0,High evaluator score + good planning,2.4583333333333335,True,4.77912349311153,20.0,5.0,commits
TEAM_02,2026.1,-82,1.0,High evaluator score + good planning,2.4583333333333335,True,4.77912349311153,20.0,5.0,commits
TEAM_02,2026.1,-81,1.0,High evaluator score + good planning,2.4583333333333335,True,4.77912349311153,20.0,5.0,commits
TEAM_02,2026.1,-80,1.0,High evaluator score + good planning,2.4583333333333335,True,4.77912349311153,20.0,5.0,commits
TEAM_02,2026.1,-79,1.0,High evaluator score + good planning,2.4583333333333335,True,4.77912349311153,20.0,5.0,commits
TEAM_02,2026.1,-78,1.0,High evaluator score + good planning,2.4583333333333335,True,4.77912349311153,20.0,5.0,commits
TEAM_02,2026.1,-77,0.0,High evaluator score + good planning,2.4583333333333335,True,4.77912349311153,20.0,0.0,commits
TEAM_02,2026.1,-76,0.0,High evaluator score + good planning,2.4583333333333335,True,4.77912349311153,20.0,0.0,commits
TEAM_02,2026.1,-75,0.0,High evaluator score + good planning,2.4583333333333335,True,4.77912349311153,20.0,0.0,commits
TEAM_02,2026.1,-74,0.0,High evaluator score + good planning,2.4583333333333335,True,4.77912349311153,20.0,0.0,commits
TEAM_02,2026.1,-73,0.0,High evaluator score + good planning,2.4583333333333335,True,4.77912349311153,20.0,0.0,commits
TEAM_02,2026.1,-72,0.0,High evaluator score + good planning,2.4583333333333335,True,4.77912349311153,20.0,0.0,commits
TEAM_02,2026.1,-71,1.0,High evaluator score + good planning,2.4583333333333335,True,4.77912349311153,20.0,5.0,commits
TEAM_02,2026.1,-70,1.0,High evaluator score + good planning,2.4583333333333335,True,4.77912349311153,20.0,5.0,commits
TEAM_02,2026.1,-69,2.0,High evaluator score + good planning,2.4583333333333335,True,4.77912349311153,20.0,10.0,commits
TEAM_02,2026.1,-68,2.0,High evaluator score + good planning,2.4583333333333335,True,4.77912349311153,20.0,10.0,commits
TEAM_02,2026.1,-67,2.0,High evaluator score + good planning,2.4583333333333335,True,4.77912349311153,20.0,10.0,commits
TEAM_02,2026.1,-66,2.0,High evaluator score + good planning,2.4583333333333335,True,4.77912349311153,20.0,10.0,commits
TEAM_02,2026.1,-65,2.0,High evaluator score + good planning,2.4583333333333335,True,4.77912349311153,20.0,10.0,commits
TEAM_02,2026.1,-64,1.0,High evaluator score + good planning,2.4583333333333335,True,4.77912349311153,20.0,5.0,commits
TEAM_02,2026.1,-63,1.0,High evaluator score + good planning,2.4583333333333335,True,4.77912349311153,20.0,5.0,commits
TEAM_02,2026.1,-62,0.0,High evaluator score + good planning,2.4583333333333335,True,4.77912349311153,20.0,0.0,commits
TEAM_02,2026.1,-61,0.0,High evaluator score + good planning,2.4583333333333335,True,4.77912349311153,20.0,0.0,commits
TEAM_02,2026.1,-60,0.0,High evaluator score + good planning,2.4583333333333335,True,4.77912349311153,20.0,0.0,commits
TEAM_02,2026.1,-59,0.0,High evaluator score + good planning,2.4583333333333335,True,4.77912349311153,20.0,0.0,commits
TEAM_02,2026.1,-58,0.0,High evaluator score + good planning,2.4583333333333335,True,4.77912349311153,20.0,0.0,commits
TEAM_02,2026.1,-57,0.0,High evaluator score + good planning,2.4583333333333335,True,4.77912349311153,20.0,0.0,commits
TEAM_02,2026.1,-56,8.0,High evaluator score + good planning,2.4583333333333335,True,4.77912349311153,20.0,40.0,commits
TEAM_02,2026.1,-55,8.0,High evaluator score + good planning,2.4583333333333335,True,4.77912349311153,20.0,40.0,commits
TEAM_02,2026.1,-54,8.0,High evaluator score + good planning,2.4583333333333335,True,4.77912349311153,20.0,40.0,commits
TEAM_02,2026.1,-53,8.0,High evaluator score + good planning,2.4583333333333335,True,4.77912349311153,20.0,40.0,commits
TEAM_02,2026.1,-52,8.0,High evaluator score + good planning,2.4583333333333335,True,4.77912349311153,20.0,40.0,commits
TEAM_02,2026.1,-51,8.0,High evaluator score + good planning,2.4583333333333335,True,4.77912349311153,20.0,40.0,commits
TEAM_02,2026.1,-50,8.0,High evaluator score + good planning,2.4583333333333335,True,4.77912349311153,20.0,40.0,commits
TEAM_02,2026.1,-49,0.0,High evaluator score + good planning,2.4583333333333335,True,4.77912349311153,20.0,0.0,commits
TEAM_02,2026.1,-48,0.0,High evaluator score + good planning,2.4583333333333335,True,4.77912349311153,20.0,0.0,commits
TEAM_02,2026.1,-47,0.0,High evaluator score + good planning,2.4583333333333335,True,4.77912349311153,20.0,0.0,commits
TEAM_02,2026.1,-46,0.0,High evaluator score + good planning,2.4583333333333335,True,4.77912349311153,20.0,0.0,commits
TEAM_02,2026.1,-45,0.0,High evaluator score + good planning,2.4583333333333335,True,4.77912349311153,20.0,0.0,commits
TEAM_02,2026.1,-44,0.0,High evaluator score + good planning,2.4583333333333335,True,4.77912349311153,20.0,0.0,commits
TEAM_02,2026.1,-43,0.0,High evaluator score + good planning,2.4583333333333335,True,4.77912349311153,20.0,0.0,commits
TEAM_02,2026.1,-42,3.0,High evaluator score + good planning,2.4583333333333335,True,4.77912349311153,20.0,15.0,commits
TEAM_02,2026.1,-41,3.0,High evaluator score + good planning,2.4583333333333335,True,4.77912349311153,20.0,15.0,commits
TEAM_02,2026.1,-40,4.0,High evaluator score + good planning,2.4583333333333335,True,4.77912349311153,20.0,20.0,commits
TEAM_02,2026.1,-39,4.0,High evaluator score + good planning,2.4583333333333335,True,4.77912349311153,20.0,20.0,commits
TEAM_02,2026.1,-38,5.0,High evaluator score + good planning,2.4583333333333335,True,4.77912349311153,20.0,25.0,commits
TEAM_02,2026.1,-37,5.0,High evaluator score + good planning,2.4583333333333335,True,4.77912349311153,20.0,25.0,commits
TEAM_02,2026.1,-36,5.0,High evaluator score + good planning,2.4583333333333335,True,4.77912349311153,20.0,25.0,commits
TEAM_02,2026.1,-35,2.0,High evaluator score + good planning,2.4583333333333335,True,4.77912349311153,20.0,10.0,commits
TEAM_02,2026.1,-34,6.0,High evaluator score + good planning,2.4583333333333335,True,4.77912349311153,20.0,30.0,commits
TEAM_02,2026.1,-33,5.0,High evaluator score + good planning,2.4583333333333335,True,4.77912349311153,20.0,25.0,commits
TEAM_02,2026.1,-32,5.0,High evaluator score + good planning,2.4583333333333335,True,4.77912349311153,20.0,25.0,commits
TEAM_02,2026.1,-31,5.0,High evaluator score + good planning,2.4583333333333335,True,4.77912349311153,20.0,25.0,commits
TEAM_02,2026.1,-30,5.0,High evaluator score + good planning,2.4583333333333335,True,4.77912349311153,20.0,25.0,commits
TEAM_02,2026.1,-29,8.0,High evaluator score + good planning,2.4583333333333335,True,4.77912349311153,20.0,40.0,commits
TEAM_02,2026.1,-28,16.0,High evaluator score + good planning,2.4583333333333335,True,4.77912349311153,20.0,80.0,commits
TEAM_02,2026.1,-27,12.0,High evaluator score + good planning,2.4583333333333335,True,4.77912349311153,20.0,60.0,commits
TEAM_02,2026.1,-26,12.0,High evaluator score + good planning,2.4583333333333335,True,4.77912349311153,20.0,60.0,commits
TEAM_02,2026.1,-25,12.0,High evaluator score + good planning,2.4583333333333335,True,4.77912349311153,20.0,60.0,commits
TEAM_02,2026.1,-24,11.0,High evaluator score + good planning,2.4583333333333335,True,4.77912349311153,20.0,55.0,commits
TEAM_02,2026.1,-23,14.0,High evaluator score + good planning,2.4583333333333335,True,4.77912349311153,20.0,70.0,commits
TEAM_02,2026.1,-22,12.0,High evaluator score + good planning,2.4583333333333335,True,4.77912349311153,20.0,60.0,commits
TEAM_02,2026.1,-21,7.0,High evaluator score + good planning,2.4583333333333335,True,4.77912349311153,20.0,35.0,commits
TEAM_02,2026.1,-20,9.0,High evaluator score + good planning,2.4583333333333335,True,4.77912349311153,20.0,45.0,commits
TEAM_02,2026.1,-19,15.0,High evaluator score + good planning,2.4583333333333335,True,4.77912349311153,20.0,75.0,commits
TEAM_02,2026.1,-18,16.0,High evaluator score + good planning,2.4583333333333335,True,4.77912349311153,20.0,80.0,commits
TEAM_02,2026.1,-17,16.0,High evaluator score + good planning,2.4583333333333335,True,4.77912349311153,20.0,80.0,commits
TEAM_02,2026.1,-16,14.0,High evaluator score + good planning,2.4583333333333335,True,4.77912349311153,20.0,70.0,commits
TEAM_02,2026.1,-15,13.0,High evaluator score + good planning,2.4583333333333335,True,4.77912349311153,20.0,65.0,commits
TEAM_02,2026.1,-14,10.0,High evaluator score + good planning,2.4583333333333335,True,4.77912349311153,20.0,50.0,commits
TEAM_02,2026.1,-13,9.0,High evaluator score + good planning,2.4583333333333335,True,4.77912349311153,20.0,45.0,commits
TEAM_02,2026.1,-12,3.0,High evaluator score + good planning,2.4583333333333335,True,4.77912349311153,20.0,15.0,commits
TEAM_02,2026.1,-11,2.0,High evaluator score + good planning,2.4583333333333335,True,4.77912349311153,20.0,10.0,commits
TEAM_02,2026.1,-10,2.0,High evaluator score + good planning,2.4583333333333335,True,4.77912349311153,20.0,10.0,commits
TEAM_02,2026.1,-9,1.0,High evaluator score + good planning,2.4583333333333335,True,4.77912349311153,20.0,5.0,commits
TEAM_02,2026.1,-8,1.0,High evaluator score + good planning,2.4583333333333335,True,4.77912349311153,20.0,5.0,commits
TEAM_02,2026.1,-7,1.0,High evaluator score + good planning,2.4583333333333335,True,4.77912349311153,20.0,5.0,commits
TEAM_02,2026.1,-6,0.0,High evaluator score + good planning,2.4583333333333335,True,4.77912349311153,20.0,0.0,commits
TEAM_02,2026.1,-5,2.0,High evaluator score + good planning,2.4583333333333335,True,4.77912349311153,20.0,10.0,commits
TEAM_02,2026.1,-4,2.0,High evaluator score + good planning,2.4583333333333335,True,4.77912349311153,20.0,10.0,commits
TEAM_02,2026.1,-3,2.0,High evaluator score + good planning,2.4583333333333335,True,4.77912349311153,20.0,10.0,commits
TEAM_02,2026.1,-2,4.0,High evaluator score + good planning,2.4583333333333335,True,4.77912349311153,20.0,20.0,commits
TEAM_02,2026.1,-1,8.0,High evaluator score + good planning,2.4583333333333335,True,4.77912349311153,20.0,40.0,commits
TEAM_02,2026.1,0,20.0,High evaluator score + good planning,2.4583333333333335,True,4.77912349311153,20.0,100.0,commits
TEAM_03,2025.2,-110,0.0,Lower evaluator score / weaker planning,2.40625,False,0.0,9.0,0.0,commits
TEAM_03,2025.2,-109,0.0,Lower evaluator score / weaker planning,2.40625,False,0.0,9.0,0.0,commits
TEAM_03,2025.2,-108,0.0,Lower evaluator score / weaker planning,2.40625,False,0.0,9.0,0.0,commits
TEAM_03,2025.2,-107,0.0,Lower evaluator score / weaker planning,2.40625,False,0.0,9.0,0.0,commits
TEAM_03,2025.2,-106,0.0,Lower evaluator score / weaker planning,2.40625,False,0.0,9.0,0.0,commits
TEAM_03,2025.2,-105,0.0,Lower evaluator score / weaker planning,2.40625,False,0.0,9.0,0.0,commits
TEAM_03,2025.2,-104,0.0,Lower evaluator score / weaker planning,2.40625,False,0.0,9.0,0.0,commits
TEAM_03,2025.2,-103,0.0,Lower evaluator score / weaker planning,2.40625,False,0.0,9.0,0.0,commits
TEAM_03,2025.2,-102,0.0,Lower evaluator score / weaker planning,2.40625,False,0.0,9.0,0.0,commits
TEAM_03,2025.2,-101,0.0,Lower evaluator score / weaker planning,2.40625,False,0.0,9.0,0.0,commits
TEAM_03,2025.2,-100,0.0,Lower evaluator score / weaker planning,2.40625,False,0.0,9.0,0.0,commits
TEAM_03,2025.2,-99,0.0,Lower evaluator score / weaker planning,2.40625,False,0.0,9.0,0.0,commits
TEAM_03,2025.2,-98,0.0,Lower evaluator score / weaker planning,2.40625,False,0.0,9.0,0.0,commits
TEAM_03,2025.2,-97,0.0,Lower evaluator score / weaker planning,2.40625,False,0.0,9.0,0.0,commits
TEAM_03,2025.2,-96,0.0,Lower evaluator score / weaker planning,2.40625,False,0.0,9.0,0.0,commits
TEAM_03,2025.2,-95,0.0,Lower evaluator score / weaker planning,2.40625,False,0.0,9.0,0.0,commits
TEAM_03,2025.2,-94,0.0,Lower evaluator score / weaker planning,2.40625,False,0.0,9.0,0.0,commits
TEAM_03,2025.2,-93,0.0,Lower evaluator score / weaker planning,2.40625,False,0.0,9.0,0.0,commits
TEAM_03,2025.2,-92,0.0,Lower evaluator score / weaker planning,2.40625,False,0.0,9.0,0.0,commits
TEAM_03,2025.2,-91,0.0,Lower evaluator score / weaker planning,2.40625,False,0.0,9.0,0.0,commits
TEAM_03,2025.2,-90,0.0,Lower evaluator score / weaker planning,2.40625,False,0.0,9.0,0.0,commits
TEAM_03,2025.2,-89,0.0,Lower evaluator score / weaker planning,2.40625,False,0.0,9.0,0.0,commits
TEAM_03,2025.2,-88,0.0,Lower evaluator score / weaker planning,2.40625,False,0.0,9.0,0.0,commits
TEAM_03,2025.2,-87,0.0,Lower evaluator score / weaker planning,2.40625,False,0.0,9.0,0.0,commits
TEAM_03,2025.2,-86,0.0,Lower evaluator score / weaker planning,2.40625,False,0.0,9.0,0.0,commits
TEAM_03,2025.2,-85,0.0,Lower evaluator score / weaker planning,2.40625,False,0.0,9.0,0.0,commits
TEAM_03,2025.2,-84,0.0,Lower evaluator score / weaker planning,2.40625,False,0.0,9.0,0.0,commits
TEAM_03,2025.2,-83,0.0,Lower evaluator score / weaker planning,2.40625,False,0.0,9.0,0.0,commits
TEAM_03,2025.2,-82,0.0,Lower evaluator score / weaker planning,2.40625,False,0.0,9.0,0.0,commits
TEAM_03,2025.2,-81,0.0,Lower evaluator score / weaker planning,2.40625,False,0.0,9.0,0.0,commits
TEAM_03,2025.2,-80,0.0,Lower evaluator score / weaker planning,2.40625,False,0.0,9.0,0.0,commits
TEAM_03,2025.2,-79,0.0,Lower evaluator score / weaker planning,2.40625,False,0.0,9.0,0.0,commits
TEAM_03,2025.2,-78,0.0,Lower evaluator score / weaker planning,2.40625,False,0.0,9.0,0.0,commits
TEAM_03,2025.2,-77,0.0,Lower evaluator score / weaker planning,2.40625,False,0.0,9.0,0.0,commits
TEAM_03,2025.2,-76,0.0,Lower evaluator score / weaker planning,2.40625,False,0.0,9.0,0.0,commits
TEAM_03,2025.2,-75,0.0,Lower evaluator score / weaker planning,2.40625,False,0.0,9.0,0.0,commits
TEAM_03,2025.2,-74,0.0,Lower evaluator score / weaker planning,2.40625,False,0.0,9.0,0.0,commits
TEAM_03,2025.2,-73,0.0,Lower evaluator score / weaker planning,2.40625,False,0.0,9.0,0.0,commits
TEAM_03,2025.2,-72,0.0,Lower evaluator score / weaker planning,2.40625,False,0.0,9.0,0.0,commits
TEAM_03,2025.2,-71,0.0,Lower evaluator score / weaker planning,2.40625,False,0.0,9.0,0.0,commits
TEAM_03,2025.2,-70,0.0,Lower evaluator score / weaker planning,2.40625,False,0.0,9.0,0.0,commits
TEAM_03,2025.2,-69,0.0,Lower evaluator score / weaker planning,2.40625,False,0.0,9.0,0.0,commits
TEAM_03,2025.2,-68,0.0,Lower evaluator score / weaker planning,2.40625,False,0.0,9.0,0.0,commits
TEAM_03,2025.2,-67,0.0,Lower evaluator score / weaker planning,2.40625,False,0.0,9.0,0.0,commits
TEAM_03,2025.2,-66,0.0,Lower evaluator score / weaker planning,2.40625,False,0.0,9.0,0.0,commits
TEAM_03,2025.2,-65,0.0,Lower evaluator score / weaker planning,2.40625,False,0.0,9.0,0.0,commits
TEAM_03,2025.2,-64,0.0,Lower evaluator score / weaker planning,2.40625,False,0.0,9.0,0.0,commits
TEAM_03,2025.2,-63,0.0,Lower evaluator score / weaker planning,2.40625,False,0.0,9.0,0.0,commits
TEAM_03,2025.2,-62,0.0,Lower evaluator score / weaker planning,2.40625,False,0.0,9.0,0.0,commits
TEAM_03,2025.2,-61,0.0,Lower evaluator score / weaker planning,2.40625,False,0.0,9.0,0.0,commits
TEAM_03,2025.2,-60,0.0,Lower evaluator score / weaker planning,2.40625,False,0.0,9.0,0.0,commits
TEAM_03,2025.2,-59,0.0,Lower evaluator score / weaker planning,2.40625,False,0.0,9.0,0.0,commits
TEAM_03,2025.2,-58,0.0,Lower evaluator score / weaker planning,2.40625,False,0.0,9.0,0.0,commits
TEAM_03,2025.2,-57,0.0,Lower evaluator score / weaker planning,2.40625,False,0.0,9.0,0.0,commits
TEAM_03,2025.2,-56,0.0,Lower evaluator score / weaker planning,2.40625,False,0.0,9.0,0.0,commits
TEAM_03,2025.2,-55,0.0,Lower evaluator score / weaker planning,2.40625,False,0.0,9.0,0.0,commits
TEAM_03,2025.2,-54,0.0,Lower evaluator score / weaker planning,2.40625,False,0.0,9.0,0.0,commits
TEAM_03,2025.2,-53,0.0,Lower evaluator score / weaker planning,2.40625,False,0.0,9.0,0.0,commits
TEAM_03,2025.2,-52,0.0,Lower evaluator score / weaker planning,2.40625,False,0.0,9.0,0.0,commits
TEAM_03,2025.2,-51,0.0,Lower evaluator score / weaker planning,2.40625,False,0.0,9.0,0.0,commits
TEAM_03,2025.2,-50,0.0,Lower evaluator score / weaker planning,2.40625,False,0.0,9.0,0.0,commits
TEAM_03,2025.2,-49,0.0,Lower evaluator score / weaker planning,2.40625,False,0.0,9.0,0.0,commits
TEAM_03,2025.2,-48,0.0,Lower evaluator score / weaker planning,2.40625,False,0.0,9.0,0.0,commits
TEAM_03,2025.2,-47,0.0,Lower evaluator score / weaker planning,2.40625,False,0.0,9.0,0.0,commits
TEAM_03,2025.2,-46,0.0,Lower evaluator score / weaker planning,2.40625,False,0.0,9.0,0.0,commits
TEAM_03,2025.2,-45,0.0,Lower evaluator score / weaker planning,2.40625,False,0.0,9.0,0.0,commits
TEAM_03,2025.2,-44,0.0,Lower evaluator score / weaker planning,2.40625,False,0.0,9.0,0.0,commits
TEAM_03,2025.2,-43,0.0,Lower evaluator score / weaker planning,2.40625,False,0.0,9.0,0.0,commits
TEAM_03,2025.2,-42,0.0,Lower evaluator score / weaker planning,2.40625,False,0.0,9.0,0.0,commits
TEAM_03,2025.2,-41,0.0,Lower evaluator score / weaker planning,2.40625,False,0.0,9.0,0.0,commits
TEAM_03,2025.2,-40,0.0,Lower evaluator score / weaker planning,2.40625,False,0.0,9.0,0.0,commits
TEAM_03,2025.2,-39,0.0,Lower evaluator score / weaker planning,2.40625,False,0.0,9.0,0.0,commits
TEAM_03,2025.2,-38,0.0,Lower evaluator score / weaker planning,2.40625,False,0.0,9.0,0.0,commits
TEAM_03,2025.2,-37,0.0,Lower evaluator score / weaker planning,2.40625,False,0.0,9.0,0.0,commits
TEAM_03,2025.2,-36,0.0,Lower evaluator score / weaker planning,2.40625,False,0.0,9.0,0.0,commits
TEAM_03,2025.2,-35,0.0,Lower evaluator score / weaker planning,2.40625,False,0.0,9.0,0.0,commits
TEAM_03,2025.2,-34,0.0,Lower evaluator score / weaker planning,2.40625,False,0.0,9.0,0.0,commits
TEAM_03,2025.2,-33,0.0,Lower evaluator score / weaker planning,2.40625,False,0.0,9.0,0.0,commits
TEAM_03,2025.2,-32,0.0,Lower evaluator score / weaker planning,2.40625,False,0.0,9.0,0.0,commits
TEAM_03,2025.2,-31,0.0,Lower evaluator score / weaker planning,2.40625,False,0.0,9.0,0.0,commits
TEAM_03,2025.2,-30,0.0,Lower evaluator score / weaker planning,2.40625,False,0.0,9.0,0.0,commits
TEAM_03,2025.2,-29,0.0,Lower evaluator score / weaker planning,2.40625,False,0.0,9.0,0.0,commits
TEAM_03,2025.2,-28,0.0,Lower evaluator score / weaker planning,2.40625,False,0.0,9.0,0.0,commits
TEAM_03,2025.2,-27,0.0,Lower evaluator score / weaker planning,2.40625,False,0.0,9.0,0.0,commits
TEAM_03,2025.2,-26,0.0,Lower evaluator score / weaker planning,2.40625,False,0.0,9.0,0.0,commits
TEAM_03,2025.2,-25,0.0,Lower evaluator score / weaker planning,2.40625,False,0.0,9.0,0.0,commits
TEAM_03,2025.2,-24,0.0,Lower evaluator score / weaker planning,2.40625,False,0.0,9.0,0.0,commits
TEAM_03,2025.2,-23,0.0,Lower evaluator score / weaker planning,2.40625,False,0.0,9.0,0.0,commits
TEAM_03,2025.2,-22,0.0,Lower evaluator score / weaker planning,2.40625,False,0.0,9.0,0.0,commits
TEAM_03,2025.2,-21,0.0,Lower evaluator score / weaker planning,2.40625,False,0.0,9.0,0.0,commits
TEAM_03,2025.2,-20,0.0,Lower evaluator score / weaker planning,2.40625,False,0.0,9.0,0.0,commits
TEAM_03,2025.2,-19,0.0,Lower evaluator score / weaker planning,2.40625,False,0.0,9.0,0.0,commits
TEAM_03,2025.2,-18,0.0,Lower evaluator score / weaker planning,2.40625,False,0.0,9.0,0.0,commits
TEAM_03,2025.2,-17,0.0,Lower evaluator score / weaker planning,2.40625,False,0.0,9.0,0.0,commits
TEAM_03,2025.2,-16,0.0,Lower evaluator score / weaker planning,2.40625,False,0.0,9.0,0.0,commits
TEAM_03,2025.2,-15,0.0,Lower evaluator score / weaker planning,2.40625,False,0.0,9.0,0.0,commits
TEAM_03,2025.2,-14,0.0,Lower evaluator score / weaker planning,2.40625,False,0.0,9.0,0.0,commits
TEAM_03,2025.2,-13,0.0,Lower evaluator score / weaker planning,2.40625,False,0.0,9.0,0.0,commits
TEAM_03,2025.2,-12,0.0,Lower evaluator score / weaker planning,2.40625,False,0.0,9.0,0.0,commits
TEAM_03,2025.2,-11,0.0,Lower evaluator score / weaker planning,2.40625,False,0.0,9.0,0.0,commits
TEAM_03,2025.2,-10,0.0,Lower evaluator score / weaker planning,2.40625,False,0.0,9.0,0.0,commits
TEAM_03,2025.2,-9,0.0,Lower evaluator score / weaker planning,2.40625,False,0.0,9.0,0.0,commits
TEAM_03,2025.2,-8,0.0,Lower evaluator score / weaker planning,2.40625,False,0.0,9.0,0.0,commits
TEAM_03,2025.2,-7,0.0,Lower evaluator score / weaker planning,2.40625,False,0.0,9.0,0.0,commits
TEAM_03,2025.2,-6,0.0,Lower evaluator score / weaker planning,2.40625,False,0.0,9.0,0.0,commits
TEAM_03,2025.2,-5,0.0,Lower evaluator score / weaker planning,2.40625,False,0.0,9.0,0.0,commits
TEAM_03,2025.2,-4,0.0,Lower evaluator score / weaker planning,2.40625,False,0.0,9.0,0.0,commits
TEAM_03,2025.2,-3,0.0,Lower evaluator score / weaker planning,2.40625,False,0.0,9.0,0.0,commits
TEAM_03,2025.2,-2,0.0,Lower evaluator score / weaker planning,2.40625,False,0.0,9.0,0.0,commits
TEAM_03,2025.2,-1,0.0,Lower evaluator score / weaker planning,2.40625,False,0.0,9.0,0.0,commits
TEAM_03,2025.2,0,9.0,Lower evaluator score / weaker planning,2.40625,False,0.0,9.0,100.0,commits
TEAM_03,2026.1,-110,0.0,High evaluator score + good planning,2.416666666666667,True,4.74493212836325,21.0,0.0,commits
TEAM_03,2026.1,-109,0.0,High evaluator score + good planning,2.416666666666667,True,4.74493212836325,21.0,0.0,commits
TEAM_03,2026.1,-108,0.0,High evaluator score + good planning,2.416666666666667,True,4.74493212836325,21.0,0.0,commits
TEAM_03,2026.1,-107,0.0,High evaluator score + good planning,2.416666666666667,True,4.74493212836325,21.0,0.0,commits
TEAM_03,2026.1,-106,0.0,High evaluator score + good planning,2.416666666666667,True,4.74493212836325,21.0,0.0,commits
TEAM_03,2026.1,-105,0.0,High evaluator score + good planning,2.416666666666667,True,4.74493212836325,21.0,0.0,commits
TEAM_03,2026.1,-104,0.0,High evaluator score + good planning,2.416666666666667,True,4.74493212836325,21.0,0.0,commits
TEAM_03,2026.1,-103,0.0,High evaluator score + good planning,2.416666666666667,True,4.74493212836325,21.0,0.0,commits
TEAM_03,2026.1,-102,0.0,High evaluator score + good planning,2.416666666666667,True,4.74493212836325,21.0,0.0,commits
TEAM_03,2026.1,-101,0.0,High evaluator score + good planning,2.416666666666667,True,4.74493212836325,21.0,0.0,commits
TEAM_03,2026.1,-100,0.0,High evaluator score + good planning,2.416666666666667,True,4.74493212836325,21.0,0.0,commits
TEAM_03,2026.1,-99,0.0,High evaluator score + good planning,2.416666666666667,True,4.74493212836325,21.0,0.0,commits
TEAM_03,2026.1,-98,0.0,High evaluator score + good planning,2.416666666666667,True,4.74493212836325,21.0,0.0,commits
TEAM_03,2026.1,-97,0.0,High evaluator score + good planning,2.416666666666667,True,4.74493212836325,21.0,0.0,commits
TEAM_03,2026.1,-96,0.0,High evaluator score + good planning,2.416666666666667,True,4.74493212836325,21.0,0.0,commits
TEAM_03,2026.1,-95,0.0,High evaluator score + good planning,2.416666666666667,True,4.74493212836325,21.0,0.0,commits
TEAM_03,2026.1,-94,0.0,High evaluator score + good planning,2.416666666666667,True,4.74493212836325,21.0,0.0,commits
TEAM_03,2026.1,-93,0.0,High evaluator score + good planning,2.416666666666667,True,4.74493212836325,21.0,0.0,commits
TEAM_03,2026.1,-92,0.0,High evaluator score + good planning,2.416666666666667,True,4.74493212836325,21.0,0.0,commits
TEAM_03,2026.1,-91,0.0,High evaluator score + good planning,2.416666666666667,True,4.74493212836325,21.0,0.0,commits
TEAM_03,2026.1,-90,0.0,High evaluator score + good planning,2.416666666666667,True,4.74493212836325,21.0,0.0,commits
TEAM_03,2026.1,-89,0.0,High evaluator score + good planning,2.416666666666667,True,4.74493212836325,21.0,0.0,commits
TEAM_03,2026.1,-88,0.0,High evaluator score + good planning,2.416666666666667,True,4.74493212836325,21.0,0.0,commits
TEAM_03,2026.1,-87,0.0,High evaluator score + good planning,2.416666666666667,True,4.74493212836325,21.0,0.0,commits
TEAM_03,2026.1,-86,1.0,High evaluator score + good planning,2.416666666666667,True,4.74493212836325,21.0,4.761904761904762,commits
TEAM_03,2026.1,-85,1.0,High evaluator score + good planning,2.416666666666667,True,4.74493212836325,21.0,4.761904761904762,commits
TEAM_03,2026.1,-84,1.0,High evaluator score + good planning,2.416666666666667,True,4.74493212836325,21.0,4.761904761904762,commits
TEAM_03,2026.1,-83,1.0,High evaluator score + good planning,2.416666666666667,True,4.74493212836325,21.0,4.761904761904762,commits
TEAM_03,2026.1,-82,1.0,High evaluator score + good planning,2.416666666666667,True,4.74493212836325,21.0,4.761904761904762,commits
TEAM_03,2026.1,-81,1.0,High evaluator score + good planning,2.416666666666667,True,4.74493212836325,21.0,4.761904761904762,commits
TEAM_03,2026.1,-80,1.0,High evaluator score + good planning,2.416666666666667,True,4.74493212836325,21.0,4.761904761904762,commits
TEAM_03,2026.1,-79,0.0,High evaluator score + good planning,2.416666666666667,True,4.74493212836325,21.0,0.0,commits
TEAM_03,2026.1,-78,0.0,High evaluator score + good planning,2.416666666666667,True,4.74493212836325,21.0,0.0,commits
TEAM_03,2026.1,-77,0.0,High evaluator score + good planning,2.416666666666667,True,4.74493212836325,21.0,0.0,commits
TEAM_03,2026.1,-76,0.0,High evaluator score + good planning,2.416666666666667,True,4.74493212836325,21.0,0.0,commits
TEAM_03,2026.1,-75,0.0,High evaluator score + good planning,2.416666666666667,True,4.74493212836325,21.0,0.0,commits
TEAM_03,2026.1,-74,0.0,High evaluator score + good planning,2.416666666666667,True,4.74493212836325,21.0,0.0,commits
TEAM_03,2026.1,-73,0.0,High evaluator score + good planning,2.416666666666667,True,4.74493212836325,21.0,0.0,commits
TEAM_03,2026.1,-72,0.0,High evaluator score + good planning,2.416666666666667,True,4.74493212836325,21.0,0.0,commits
TEAM_03,2026.1,-71,1.0,High evaluator score + good planning,2.416666666666667,True,4.74493212836325,21.0,4.761904761904762,commits
TEAM_03,2026.1,-70,2.0,High evaluator score + good planning,2.416666666666667,True,4.74493212836325,21.0,9.523809523809524,commits
TEAM_03,2026.1,-69,3.0,High evaluator score + good planning,2.416666666666667,True,4.74493212836325,21.0,14.285714285714286,commits
TEAM_03,2026.1,-68,6.0,High evaluator score + good planning,2.416666666666667,True,4.74493212836325,21.0,28.571428571428573,commits
TEAM_03,2026.1,-67,8.0,High evaluator score + good planning,2.416666666666667,True,4.74493212836325,21.0,38.095238095238095,commits
TEAM_03,2026.1,-66,8.0,High evaluator score + good planning,2.416666666666667,True,4.74493212836325,21.0,38.095238095238095,commits
TEAM_03,2026.1,-65,13.0,High evaluator score + good planning,2.416666666666667,True,4.74493212836325,21.0,61.904761904761905,commits
TEAM_03,2026.1,-64,12.0,High evaluator score + good planning,2.416666666666667,True,4.74493212836325,21.0,57.142857142857146,commits
TEAM_03,2026.1,-63,11.0,High evaluator score + good planning,2.416666666666667,True,4.74493212836325,21.0,52.38095238095238,commits
TEAM_03,2026.1,-62,10.0,High evaluator score + good planning,2.416666666666667,True,4.74493212836325,21.0,47.61904761904762,commits
TEAM_03,2026.1,-61,7.0,High evaluator score + good planning,2.416666666666667,True,4.74493212836325,21.0,33.333333333333336,commits
TEAM_03,2026.1,-60,7.0,High evaluator score + good planning,2.416666666666667,True,4.74493212836325,21.0,33.333333333333336,commits
TEAM_03,2026.1,-59,11.0,High evaluator score + good planning,2.416666666666667,True,4.74493212836325,21.0,52.38095238095238,commits
TEAM_03,2026.1,-58,6.0,High evaluator score + good planning,2.416666666666667,True,4.74493212836325,21.0,28.571428571428573,commits
TEAM_03,2026.1,-57,6.0,High evaluator score + good planning,2.416666666666667,True,4.74493212836325,21.0,28.571428571428573,commits
TEAM_03,2026.1,-56,11.0,High evaluator score + good planning,2.416666666666667,True,4.74493212836325,21.0,52.38095238095238,commits
TEAM_03,2026.1,-55,11.0,High evaluator score + good planning,2.416666666666667,True,4.74493212836325,21.0,52.38095238095238,commits
TEAM_03,2026.1,-54,21.0,High evaluator score + good planning,2.416666666666667,True,4.74493212836325,21.0,100.0,commits
TEAM_03,2026.1,-53,19.0,High evaluator score + good planning,2.416666666666667,True,4.74493212836325,21.0,90.47619047619048,commits
TEAM_03,2026.1,-52,15.0,High evaluator score + good planning,2.416666666666667,True,4.74493212836325,21.0,71.42857142857143,commits
TEAM_03,2026.1,-51,15.0,High evaluator score + good planning,2.416666666666667,True,4.74493212836325,21.0,71.42857142857143,commits
TEAM_03,2026.1,-50,15.0,High evaluator score + good planning,2.416666666666667,True,4.74493212836325,21.0,71.42857142857143,commits
TEAM_03,2026.1,-49,10.0,High evaluator score + good planning,2.416666666666667,True,4.74493212836325,21.0,47.61904761904762,commits
TEAM_03,2026.1,-48,10.0,High evaluator score + good planning,2.416666666666667,True,4.74493212836325,21.0,47.61904761904762,commits
TEAM_03,2026.1,-47,0.0,High evaluator score + good planning,2.416666666666667,True,4.74493212836325,21.0,0.0,commits
TEAM_03,2026.1,-46,0.0,High evaluator score + good planning,2.416666666666667,True,4.74493212836325,21.0,0.0,commits
TEAM_03,2026.1,-45,0.0,High evaluator score + good planning,2.416666666666667,True,4.74493212836325,21.0,0.0,commits
TEAM_03,2026.1,-44,0.0,High evaluator score + good planning,2.416666666666667,True,4.74493212836325,21.0,0.0,commits
TEAM_03,2026.1,-43,0.0,High evaluator score + good planning,2.416666666666667,True,4.74493212836325,21.0,0.0,commits
TEAM_03,2026.1,-42,0.0,High evaluator score + good planning,2.416666666666667,True,4.74493212836325,21.0,0.0,commits
TEAM_03,2026.1,-41,0.0,High evaluator score + good planning,2.416666666666667,True,4.74493212836325,21.0,0.0,commits
TEAM_03,2026.1,-40,0.0,High evaluator score + good planning,2.416666666666667,True,4.74493212836325,21.0,0.0,commits
TEAM_03,2026.1,-39,0.0,High evaluator score + good planning,2.416666666666667,True,4.74493212836325,21.0,0.0,commits
TEAM_03,2026.1,-38,2.0,High evaluator score + good planning,2.416666666666667,True,4.74493212836325,21.0,9.523809523809524,commits
TEAM_03,2026.1,-37,2.0,High evaluator score + good planning,2.416666666666667,True,4.74493212836325,21.0,9.523809523809524,commits
TEAM_03,2026.1,-36,2.0,High evaluator score + good planning,2.416666666666667,True,4.74493212836325,21.0,9.523809523809524,commits
TEAM_03,2026.1,-35,4.0,High evaluator score + good planning,2.416666666666667,True,4.74493212836325,21.0,19.047619047619047,commits
TEAM_03,2026.1,-34,4.0,High evaluator score + good planning,2.416666666666667,True,4.74493212836325,21.0,19.047619047619047,commits
TEAM_03,2026.1,-33,5.0,High evaluator score + good planning,2.416666666666667,True,4.74493212836325,21.0,23.80952380952381,commits
TEAM_03,2026.1,-32,12.0,High evaluator score + good planning,2.416666666666667,True,4.74493212836325,21.0,57.142857142857146,commits
TEAM_03,2026.1,-31,10.0,High evaluator score + good planning,2.416666666666667,True,4.74493212836325,21.0,47.61904761904762,commits
TEAM_03,2026.1,-30,12.0,High evaluator score + good planning,2.416666666666667,True,4.74493212836325,21.0,57.142857142857146,commits
TEAM_03,2026.1,-29,12.0,High evaluator score + good planning,2.416666666666667,True,4.74493212836325,21.0,57.142857142857146,commits
TEAM_03,2026.1,-28,15.0,High evaluator score + good planning,2.416666666666667,True,4.74493212836325,21.0,71.42857142857143,commits
TEAM_03,2026.1,-27,15.0,High evaluator score + good planning,2.416666666666667,True,4.74493212836325,21.0,71.42857142857143,commits
TEAM_03,2026.1,-26,14.0,High evaluator score + good planning,2.416666666666667,True,4.74493212836325,21.0,66.66666666666667,commits
TEAM_03,2026.1,-25,8.0,High evaluator score + good planning,2.416666666666667,True,4.74493212836325,21.0,38.095238095238095,commits
TEAM_03,2026.1,-24,8.0,High evaluator score + good planning,2.416666666666667,True,4.74493212836325,21.0,38.095238095238095,commits
TEAM_03,2026.1,-23,6.0,High evaluator score + good planning,2.416666666666667,True,4.74493212836325,21.0,28.571428571428573,commits
TEAM_03,2026.1,-22,6.0,High evaluator score + good planning,2.416666666666667,True,4.74493212836325,21.0,28.571428571428573,commits
TEAM_03,2026.1,-21,1.0,High evaluator score + good planning,2.416666666666667,True,4.74493212836325,21.0,4.761904761904762,commits
TEAM_03,2026.1,-20,1.0,High evaluator score + good planning,2.416666666666667,True,4.74493212836325,21.0,4.761904761904762,commits
TEAM_03,2026.1,-19,1.0,High evaluator score + good planning,2.416666666666667,True,4.74493212836325,21.0,4.761904761904762,commits
TEAM_03,2026.1,-18,0.0,High evaluator score + good planning,2.416666666666667,True,4.74493212836325,21.0,0.0,commits
TEAM_03,2026.1,-17,0.0,High evaluator score + good planning,2.416666666666667,True,4.74493212836325,21.0,0.0,commits
TEAM_03,2026.1,-16,0.0,High evaluator score + good planning,2.416666666666667,True,4.74493212836325,21.0,0.0,commits
TEAM_03,2026.1,-15,0.0,High evaluator score + good planning,2.416666666666667,True,4.74493212836325,21.0,0.0,commits
TEAM_03,2026.1,-14,0.0,High evaluator score + good planning,2.416666666666667,True,4.74493212836325,21.0,0.0,commits
TEAM_03,2026.1,-13,0.0,High evaluator score + good planning,2.416666666666667,True,4.74493212836325,21.0,0.0,commits
TEAM_03,2026.1,-12,0.0,High evaluator score + good planning,2.416666666666667,True,4.74493212836325,21.0,0.0,commits
TEAM_03,2026.1,-11,0.0,High evaluator score + good planning,2.416666666666667,True,4.74493212836325,21.0,0.0,commits
TEAM_03,2026.1,-10,0.0,High evaluator score + good planning,2.416666666666667,True,4.74493212836325,21.0,0.0,commits
TEAM_03,2026.1,-9,0.0,High evaluator score + good planning,2.416666666666667,True,4.74493212836325,21.0,0.0,commits
TEAM_03,2026.1,-8,0.0,High evaluator score + good planning,2.416666666666667,True,4.74493212836325,21.0,0.0,commits
TEAM_03,2026.1,-7,0.0,High evaluator score + good planning,2.416666666666667,True,4.74493212836325,21.0,0.0,commits
TEAM_03,2026.1,-6,0.0,High evaluator score + good planning,2.416666666666667,True,4.74493212836325,21.0,0.0,commits
TEAM_03,2026.1,-5,0.0,High evaluator score + good planning,2.416666666666667,True,4.74493212836325,21.0,0.0,commits
TEAM_03,2026.1,-4,0.0,High evaluator score + good planning,2.416666666666667,True,4.74493212836325,21.0,0.0,commits
TEAM_03,2026.1,-3,0.0,High evaluator score + good planning,2.416666666666667,True,4.74493212836325,21.0,0.0,commits
TEAM_03,2026.1,-2,0.0,High evaluator score + good planning,2.416666666666667,True,4.74493212836325,21.0,0.0,commits
TEAM_03,2026.1,-1,0.0,High evaluator score + good planning,2.416666666666667,True,4.74493212836325,21.0,0.0,commits
TEAM_03,2026.1,0,15.0,High evaluator score + good planning,2.416666666666667,True,4.74493212836325,21.0,71.42857142857143,commits
TEAM_04,2025.2,-110,0.0,High evaluator score + good planning,2.4583333333333335,True,5.4510384535657,27.0,0.0,commits
TEAM_04,2025.2,-109,0.0,High evaluator score + good planning,2.4583333333333335,True,5.4510384535657,27.0,0.0,commits
TEAM_04,2025.2,-108,0.0,High evaluator score + good planning,2.4583333333333335,True,5.4510384535657,27.0,0.0,commits
TEAM_04,2025.2,-107,0.0,High evaluator score + good planning,2.4583333333333335,True,5.4510384535657,27.0,0.0,commits
TEAM_04,2025.2,-106,0.0,High evaluator score + good planning,2.4583333333333335,True,5.4510384535657,27.0,0.0,commits
TEAM_04,2025.2,-105,0.0,High evaluator score + good planning,2.4583333333333335,True,5.4510384535657,27.0,0.0,commits
TEAM_04,2025.2,-104,0.0,High evaluator score + good planning,2.4583333333333335,True,5.4510384535657,27.0,0.0,commits
TEAM_04,2025.2,-103,0.0,High evaluator score + good planning,2.4583333333333335,True,5.4510384535657,27.0,0.0,commits
TEAM_04,2025.2,-102,0.0,High evaluator score + good planning,2.4583333333333335,True,5.4510384535657,27.0,0.0,commits
TEAM_04,2025.2,-101,0.0,High evaluator score + good planning,2.4583333333333335,True,5.4510384535657,27.0,0.0,commits
TEAM_04,2025.2,-100,0.0,High evaluator score + good planning,2.4583333333333335,True,5.4510384535657,27.0,0.0,commits
TEAM_04,2025.2,-99,0.0,High evaluator score + good planning,2.4583333333333335,True,5.4510384535657,27.0,0.0,commits
TEAM_04,2025.2,-98,0.0,High evaluator score + good planning,2.4583333333333335,True,5.4510384535657,27.0,0.0,commits
TEAM_04,2025.2,-97,0.0,High evaluator score + good planning,2.4583333333333335,True,5.4510384535657,27.0,0.0,commits
TEAM_04,2025.2,-96,0.0,High evaluator score + good planning,2.4583333333333335,True,5.4510384535657,27.0,0.0,commits
TEAM_04,2025.2,-95,0.0,High evaluator score + good planning,2.4583333333333335,True,5.4510384535657,27.0,0.0,commits
TEAM_04,2025.2,-94,0.0,High evaluator score + good planning,2.4583333333333335,True,5.4510384535657,27.0,0.0,commits
TEAM_04,2025.2,-93,0.0,High evaluator score + good planning,2.4583333333333335,True,5.4510384535657,27.0,0.0,commits
TEAM_04,2025.2,-92,0.0,High evaluator score + good planning,2.4583333333333335,True,5.4510384535657,27.0,0.0,commits
TEAM_04,2025.2,-91,0.0,High evaluator score + good planning,2.4583333333333335,True,5.4510384535657,27.0,0.0,commits
TEAM_04,2025.2,-90,0.0,High evaluator score + good planning,2.4583333333333335,True,5.4510384535657,27.0,0.0,commits
TEAM_04,2025.2,-89,0.0,High evaluator score + good planning,2.4583333333333335,True,5.4510384535657,27.0,0.0,commits
TEAM_04,2025.2,-88,0.0,High evaluator score + good planning,2.4583333333333335,True,5.4510384535657,27.0,0.0,commits
TEAM_04,2025.2,-87,0.0,High evaluator score + good planning,2.4583333333333335,True,5.4510384535657,27.0,0.0,commits
TEAM_04,2025.2,-86,0.0,High evaluator score + good planning,2.4583333333333335,True,5.4510384535657,27.0,0.0,commits
TEAM_04,2025.2,-85,0.0,High evaluator score + good planning,2.4583333333333335,True,5.4510384535657,27.0,0.0,commits
TEAM_04,2025.2,-84,0.0,High evaluator score + good planning,2.4583333333333335,True,5.4510384535657,27.0,0.0,commits
TEAM_04,2025.2,-83,0.0,High evaluator score + good planning,2.4583333333333335,True,5.4510384535657,27.0,0.0,commits
TEAM_04,2025.2,-82,0.0,High evaluator score + good planning,2.4583333333333335,True,5.4510384535657,27.0,0.0,commits
TEAM_04,2025.2,-81,0.0,High evaluator score + good planning,2.4583333333333335,True,5.4510384535657,27.0,0.0,commits
TEAM_04,2025.2,-80,0.0,High evaluator score + good planning,2.4583333333333335,True,5.4510384535657,27.0,0.0,commits
TEAM_04,2025.2,-79,0.0,High evaluator score + good planning,2.4583333333333335,True,5.4510384535657,27.0,0.0,commits
TEAM_04,2025.2,-78,0.0,High evaluator score + good planning,2.4583333333333335,True,5.4510384535657,27.0,0.0,commits
TEAM_04,2025.2,-77,0.0,High evaluator score + good planning,2.4583333333333335,True,5.4510384535657,27.0,0.0,commits
TEAM_04,2025.2,-76,0.0,High evaluator score + good planning,2.4583333333333335,True,5.4510384535657,27.0,0.0,commits
TEAM_04,2025.2,-75,0.0,High evaluator score + good planning,2.4583333333333335,True,5.4510384535657,27.0,0.0,commits
TEAM_04,2025.2,-74,0.0,High evaluator score + good planning,2.4583333333333335,True,5.4510384535657,27.0,0.0,commits
TEAM_04,2025.2,-73,0.0,High evaluator score + good planning,2.4583333333333335,True,5.4510384535657,27.0,0.0,commits
TEAM_04,2025.2,-72,0.0,High evaluator score + good planning,2.4583333333333335,True,5.4510384535657,27.0,0.0,commits
TEAM_04,2025.2,-71,0.0,High evaluator score + good planning,2.4583333333333335,True,5.4510384535657,27.0,0.0,commits
TEAM_04,2025.2,-70,0.0,High evaluator score + good planning,2.4583333333333335,True,5.4510384535657,27.0,0.0,commits
TEAM_04,2025.2,-69,0.0,High evaluator score + good planning,2.4583333333333335,True,5.4510384535657,27.0,0.0,commits
TEAM_04,2025.2,-68,0.0,High evaluator score + good planning,2.4583333333333335,True,5.4510384535657,27.0,0.0,commits
TEAM_04,2025.2,-67,0.0,High evaluator score + good planning,2.4583333333333335,True,5.4510384535657,27.0,0.0,commits
TEAM_04,2025.2,-66,0.0,High evaluator score + good planning,2.4583333333333335,True,5.4510384535657,27.0,0.0,commits
TEAM_04,2025.2,-65,0.0,High evaluator score + good planning,2.4583333333333335,True,5.4510384535657,27.0,0.0,commits
TEAM_04,2025.2,-64,0.0,High evaluator score + good planning,2.4583333333333335,True,5.4510384535657,27.0,0.0,commits
TEAM_04,2025.2,-63,0.0,High evaluator score + good planning,2.4583333333333335,True,5.4510384535657,27.0,0.0,commits
TEAM_04,2025.2,-62,0.0,High evaluator score + good planning,2.4583333333333335,True,5.4510384535657,27.0,0.0,commits
TEAM_04,2025.2,-61,0.0,High evaluator score + good planning,2.4583333333333335,True,5.4510384535657,27.0,0.0,commits
TEAM_04,2025.2,-60,0.0,High evaluator score + good planning,2.4583333333333335,True,5.4510384535657,27.0,0.0,commits
TEAM_04,2025.2,-59,0.0,High evaluator score + good planning,2.4583333333333335,True,5.4510384535657,27.0,0.0,commits
TEAM_04,2025.2,-58,0.0,High evaluator score + good planning,2.4583333333333335,True,5.4510384535657,27.0,0.0,commits
TEAM_04,2025.2,-57,0.0,High evaluator score + good planning,2.4583333333333335,True,5.4510384535657,27.0,0.0,commits
TEAM_04,2025.2,-56,0.0,High evaluator score + good planning,2.4583333333333335,True,5.4510384535657,27.0,0.0,commits
TEAM_04,2025.2,-55,0.0,High evaluator score + good planning,2.4583333333333335,True,5.4510384535657,27.0,0.0,commits
TEAM_04,2025.2,-54,0.0,High evaluator score + good planning,2.4583333333333335,True,5.4510384535657,27.0,0.0,commits
TEAM_04,2025.2,-53,0.0,High evaluator score + good planning,2.4583333333333335,True,5.4510384535657,27.0,0.0,commits
TEAM_04,2025.2,-52,0.0,High evaluator score + good planning,2.4583333333333335,True,5.4510384535657,27.0,0.0,commits
TEAM_04,2025.2,-51,2.0,High evaluator score + good planning,2.4583333333333335,True,5.4510384535657,27.0,7.407407407407407,commits
TEAM_04,2025.2,-50,2.0,High evaluator score + good planning,2.4583333333333335,True,5.4510384535657,27.0,7.407407407407407,commits
TEAM_04,2025.2,-49,9.0,High evaluator score + good planning,2.4583333333333335,True,5.4510384535657,27.0,33.333333333333336,commits
TEAM_04,2025.2,-48,9.0,High evaluator score + good planning,2.4583333333333335,True,5.4510384535657,27.0,33.333333333333336,commits
TEAM_04,2025.2,-47,9.0,High evaluator score + good planning,2.4583333333333335,True,5.4510384535657,27.0,33.333333333333336,commits
TEAM_04,2025.2,-46,13.0,High evaluator score + good planning,2.4583333333333335,True,5.4510384535657,27.0,48.148148148148145,commits
TEAM_04,2025.2,-45,13.0,High evaluator score + good planning,2.4583333333333335,True,5.4510384535657,27.0,48.148148148148145,commits
TEAM_04,2025.2,-44,11.0,High evaluator score + good planning,2.4583333333333335,True,5.4510384535657,27.0,40.74074074074074,commits
TEAM_04,2025.2,-43,11.0,High evaluator score + good planning,2.4583333333333335,True,5.4510384535657,27.0,40.74074074074074,commits
TEAM_04,2025.2,-42,4.0,High evaluator score + good planning,2.4583333333333335,True,5.4510384535657,27.0,14.814814814814815,commits
TEAM_04,2025.2,-41,4.0,High evaluator score + good planning,2.4583333333333335,True,5.4510384535657,27.0,14.814814814814815,commits
TEAM_04,2025.2,-40,4.0,High evaluator score + good planning,2.4583333333333335,True,5.4510384535657,27.0,14.814814814814815,commits
TEAM_04,2025.2,-39,0.0,High evaluator score + good planning,2.4583333333333335,True,5.4510384535657,27.0,0.0,commits
TEAM_04,2025.2,-38,1.0,High evaluator score + good planning,2.4583333333333335,True,5.4510384535657,27.0,3.7037037037037037,commits
TEAM_04,2025.2,-37,1.0,High evaluator score + good planning,2.4583333333333335,True,5.4510384535657,27.0,3.7037037037037037,commits
TEAM_04,2025.2,-36,1.0,High evaluator score + good planning,2.4583333333333335,True,5.4510384535657,27.0,3.7037037037037037,commits
TEAM_04,2025.2,-35,1.0,High evaluator score + good planning,2.4583333333333335,True,5.4510384535657,27.0,3.7037037037037037,commits
TEAM_04,2025.2,-34,1.0,High evaluator score + good planning,2.4583333333333335,True,5.4510384535657,27.0,3.7037037037037037,commits
TEAM_04,2025.2,-33,1.0,High evaluator score + good planning,2.4583333333333335,True,5.4510384535657,27.0,3.7037037037037037,commits
TEAM_04,2025.2,-32,2.0,High evaluator score + good planning,2.4583333333333335,True,5.4510384535657,27.0,7.407407407407407,commits
TEAM_04,2025.2,-31,1.0,High evaluator score + good planning,2.4583333333333335,True,5.4510384535657,27.0,3.7037037037037037,commits
TEAM_04,2025.2,-30,1.0,High evaluator score + good planning,2.4583333333333335,True,5.4510384535657,27.0,3.7037037037037037,commits
TEAM_04,2025.2,-29,1.0,High evaluator score + good planning,2.4583333333333335,True,5.4510384535657,27.0,3.7037037037037037,commits
TEAM_04,2025.2,-28,1.0,High evaluator score + good planning,2.4583333333333335,True,5.4510384535657,27.0,3.7037037037037037,commits
TEAM_04,2025.2,-27,1.0,High evaluator score + good planning,2.4583333333333335,True,5.4510384535657,27.0,3.7037037037037037,commits
TEAM_04,2025.2,-26,1.0,High evaluator score + good planning,2.4583333333333335,True,5.4510384535657,27.0,3.7037037037037037,commits
TEAM_04,2025.2,-25,2.0,High evaluator score + good planning,2.4583333333333335,True,5.4510384535657,27.0,7.407407407407407,commits
TEAM_04,2025.2,-24,2.0,High evaluator score + good planning,2.4583333333333335,True,5.4510384535657,27.0,7.407407407407407,commits
TEAM_04,2025.2,-23,2.0,High evaluator score + good planning,2.4583333333333335,True,5.4510384535657,27.0,7.407407407407407,commits
TEAM_04,2025.2,-22,5.0,High evaluator score + good planning,2.4583333333333335,True,5.4510384535657,27.0,18.51851851851852,commits
TEAM_04,2025.2,-21,5.0,High evaluator score + good planning,2.4583333333333335,True,5.4510384535657,27.0,18.51851851851852,commits
TEAM_04,2025.2,-20,5.0,High evaluator score + good planning,2.4583333333333335,True,5.4510384535657,27.0,18.51851851851852,commits
TEAM_04,2025.2,-19,6.0,High evaluator score + good planning,2.4583333333333335,True,5.4510384535657,27.0,22.22222222222222,commits
TEAM_04,2025.2,-18,4.0,High evaluator score + good planning,2.4583333333333335,True,5.4510384535657,27.0,14.814814814814815,commits
TEAM_04,2025.2,-17,4.0,High evaluator score + good planning,2.4583333333333335,True,5.4510384535657,27.0,14.814814814814815,commits
TEAM_04,2025.2,-16,4.0,High evaluator score + good planning,2.4583333333333335,True,5.4510384535657,27.0,14.814814814814815,commits
TEAM_04,2025.2,-15,1.0,High evaluator score + good planning,2.4583333333333335,True,5.4510384535657,27.0,3.7037037037037037,commits
TEAM_04,2025.2,-14,1.0,High evaluator score + good planning,2.4583333333333335,True,5.4510384535657,27.0,3.7037037037037037,commits
TEAM_04,2025.2,-13,1.0,High evaluator score + good planning,2.4583333333333335,True,5.4510384535657,27.0,3.7037037037037037,commits
TEAM_04,2025.2,-12,1.0,High evaluator score + good planning,2.4583333333333335,True,5.4510384535657,27.0,3.7037037037037037,commits
TEAM_04,2025.2,-11,1.0,High evaluator score + good planning,2.4583333333333335,True,5.4510384535657,27.0,3.7037037037037037,commits
TEAM_04,2025.2,-10,1.0,High evaluator score + good planning,2.4583333333333335,True,5.4510384535657,27.0,3.7037037037037037,commits
TEAM_04,2025.2,-9,3.0,High evaluator score + good planning,2.4583333333333335,True,5.4510384535657,27.0,11.11111111111111,commits
TEAM_04,2025.2,-8,3.0,High evaluator score + good planning,2.4583333333333335,True,5.4510384535657,27.0,11.11111111111111,commits
TEAM_04,2025.2,-7,3.0,High evaluator score + good planning,2.4583333333333335,True,5.4510384535657,27.0,11.11111111111111,commits
TEAM_04,2025.2,-6,3.0,High evaluator score + good planning,2.4583333333333335,True,5.4510384535657,27.0,11.11111111111111,commits
TEAM_04,2025.2,-5,2.0,High evaluator score + good planning,2.4583333333333335,True,5.4510384535657,27.0,7.407407407407407,commits
TEAM_04,2025.2,-4,2.0,High evaluator score + good planning,2.4583333333333335,True,5.4510384535657,27.0,7.407407407407407,commits
TEAM_04,2025.2,-3,6.0,High evaluator score + good planning,2.4583333333333335,True,5.4510384535657,27.0,22.22222222222222,commits
TEAM_04,2025.2,-2,6.0,High evaluator score + good planning,2.4583333333333335,True,5.4510384535657,27.0,22.22222222222222,commits
TEAM_04,2025.2,-1,16.0,High evaluator score + good planning,2.4583333333333335,True,5.4510384535657,27.0,59.25925925925926,commits
TEAM_04,2025.2,0,27.0,High evaluator score + good planning,2.4583333333333335,True,5.4510384535657,27.0,100.0,commits
TEAM_04,2026.1,-110,3.0,Lower evaluator score / weaker planning,1.9583333333333333,True,4.382026634673881,14.0,21.428571428571427,commits
TEAM_04,2026.1,-109,3.0,Lower evaluator score / weaker planning,1.9583333333333333,True,4.382026634673881,14.0,21.428571428571427,commits
TEAM_04,2026.1,-108,3.0,Lower evaluator score / weaker planning,1.9583333333333333,True,4.382026634673881,14.0,21.428571428571427,commits
TEAM_04,2026.1,-107,3.0,Lower evaluator score / weaker planning,1.9583333333333333,True,4.382026634673881,14.0,21.428571428571427,commits
TEAM_04,2026.1,-106,3.0,Lower evaluator score / weaker planning,1.9583333333333333,True,4.382026634673881,14.0,21.428571428571427,commits
TEAM_04,2026.1,-105,3.0,Lower evaluator score / weaker planning,1.9583333333333333,True,4.382026634673881,14.0,21.428571428571427,commits
TEAM_04,2026.1,-104,5.0,Lower evaluator score / weaker planning,1.9583333333333333,True,4.382026634673881,14.0,35.714285714285715,commits
TEAM_04,2026.1,-103,5.0,Lower evaluator score / weaker planning,1.9583333333333333,True,4.382026634673881,14.0,35.714285714285715,commits
TEAM_04,2026.1,-102,6.0,Lower evaluator score / weaker planning,1.9583333333333333,True,4.382026634673881,14.0,42.857142857142854,commits
TEAM_04,2026.1,-101,7.0,Lower evaluator score / weaker planning,1.9583333333333333,True,4.382026634673881,14.0,50.0,commits
TEAM_04,2026.1,-100,7.0,Lower evaluator score / weaker planning,1.9583333333333333,True,4.382026634673881,14.0,50.0,commits
TEAM_04,2026.1,-99,7.0,Lower evaluator score / weaker planning,1.9583333333333333,True,4.382026634673881,14.0,50.0,commits
TEAM_04,2026.1,-98,7.0,Lower evaluator score / weaker planning,1.9583333333333333,True,4.382026634673881,14.0,50.0,commits
TEAM_04,2026.1,-97,5.0,Lower evaluator score / weaker planning,1.9583333333333333,True,4.382026634673881,14.0,35.714285714285715,commits
TEAM_04,2026.1,-96,2.0,Lower evaluator score / weaker planning,1.9583333333333333,True,4.382026634673881,14.0,14.285714285714286,commits
TEAM_04,2026.1,-95,1.0,Lower evaluator score / weaker planning,1.9583333333333333,True,4.382026634673881,14.0,7.142857142857143,commits
TEAM_04,2026.1,-94,0.0,Lower evaluator score / weaker planning,1.9583333333333333,True,4.382026634673881,14.0,0.0,commits
TEAM_04,2026.1,-93,0.0,Lower evaluator score / weaker planning,1.9583333333333333,True,4.382026634673881,14.0,0.0,commits
TEAM_04,2026.1,-92,0.0,Lower evaluator score / weaker planning,1.9583333333333333,True,4.382026634673881,14.0,0.0,commits
TEAM_04,2026.1,-91,0.0,Lower evaluator score / weaker planning,1.9583333333333333,True,4.382026634673881,14.0,0.0,commits
TEAM_04,2026.1,-90,0.0,Lower evaluator score / weaker planning,1.9583333333333333,True,4.382026634673881,14.0,0.0,commits
TEAM_04,2026.1,-89,0.0,Lower evaluator score / weaker planning,1.9583333333333333,True,4.382026634673881,14.0,0.0,commits
TEAM_04,2026.1,-88,0.0,Lower evaluator score / weaker planning,1.9583333333333333,True,4.382026634673881,14.0,0.0,commits
TEAM_04,2026.1,-87,0.0,Lower evaluator score / weaker planning,1.9583333333333333,True,4.382026634673881,14.0,0.0,commits
TEAM_04,2026.1,-86,0.0,Lower evaluator score / weaker planning,1.9583333333333333,True,4.382026634673881,14.0,0.0,commits
TEAM_04,2026.1,-85,0.0,Lower evaluator score / weaker planning,1.9583333333333333,True,4.382026634673881,14.0,0.0,commits
TEAM_04,2026.1,-84,0.0,Lower evaluator score / weaker planning,1.9583333333333333,True,4.382026634673881,14.0,0.0,commits
TEAM_04,2026.1,-83,0.0,Lower evaluator score / weaker planning,1.9583333333333333,True,4.382026634673881,14.0,0.0,commits
TEAM_04,2026.1,-82,0.0,Lower evaluator score / weaker planning,1.9583333333333333,True,4.382026634673881,14.0,0.0,commits
TEAM_04,2026.1,-81,0.0,Lower evaluator score / weaker planning,1.9583333333333333,True,4.382026634673881,14.0,0.0,commits
TEAM_04,2026.1,-80,0.0,Lower evaluator score / weaker planning,1.9583333333333333,True,4.382026634673881,14.0,0.0,commits
TEAM_04,2026.1,-79,0.0,Lower evaluator score / weaker planning,1.9583333333333333,True,4.382026634673881,14.0,0.0,commits
TEAM_04,2026.1,-78,0.0,Lower evaluator score / weaker planning,1.9583333333333333,True,4.382026634673881,14.0,0.0,commits
TEAM_04,2026.1,-77,0.0,Lower evaluator score / weaker planning,1.9583333333333333,True,4.382026634673881,14.0,0.0,commits
TEAM_04,2026.1,-76,0.0,Lower evaluator score / weaker planning,1.9583333333333333,True,4.382026634673881,14.0,0.0,commits
TEAM_04,2026.1,-75,0.0,Lower evaluator score / weaker planning,1.9583333333333333,True,4.382026634673881,14.0,0.0,commits
TEAM_04,2026.1,-74,0.0,Lower evaluator score / weaker planning,1.9583333333333333,True,4.382026634673881,14.0,0.0,commits
TEAM_04,2026.1,-73,0.0,Lower evaluator score / weaker planning,1.9583333333333333,True,4.382026634673881,14.0,0.0,commits
TEAM_04,2026.1,-72,0.0,Lower evaluator score / weaker planning,1.9583333333333333,True,4.382026634673881,14.0,0.0,commits
TEAM_04,2026.1,-71,0.0,Lower evaluator score / weaker planning,1.9583333333333333,True,4.382026634673881,14.0,0.0,commits
TEAM_04,2026.1,-70,0.0,Lower evaluator score / weaker planning,1.9583333333333333,True,4.382026634673881,14.0,0.0,commits
TEAM_04,2026.1,-69,0.0,Lower evaluator score / weaker planning,1.9583333333333333,True,4.382026634673881,14.0,0.0,commits
TEAM_04,2026.1,-68,0.0,Lower evaluator score / weaker planning,1.9583333333333333,True,4.382026634673881,14.0,0.0,commits
TEAM_04,2026.1,-67,0.0,Lower evaluator score / weaker planning,1.9583333333333333,True,4.382026634673881,14.0,0.0,commits
TEAM_04,2026.1,-66,0.0,Lower evaluator score / weaker planning,1.9583333333333333,True,4.382026634673881,14.0,0.0,commits
TEAM_04,2026.1,-65,0.0,Lower evaluator score / weaker planning,1.9583333333333333,True,4.382026634673881,14.0,0.0,commits
TEAM_04,2026.1,-64,0.0,Lower evaluator score / weaker planning,1.9583333333333333,True,4.382026634673881,14.0,0.0,commits
TEAM_04,2026.1,-63,0.0,Lower evaluator score / weaker planning,1.9583333333333333,True,4.382026634673881,14.0,0.0,commits
TEAM_04,2026.1,-62,0.0,Lower evaluator score / weaker planning,1.9583333333333333,True,4.382026634673881,14.0,0.0,commits
TEAM_04,2026.1,-61,0.0,Lower evaluator score / weaker planning,1.9583333333333333,True,4.382026634673881,14.0,0.0,commits
TEAM_04,2026.1,-60,0.0,Lower evaluator score / weaker planning,1.9583333333333333,True,4.382026634673881,14.0,0.0,commits
TEAM_04,2026.1,-59,0.0,Lower evaluator score / weaker planning,1.9583333333333333,True,4.382026634673881,14.0,0.0,commits
TEAM_04,2026.1,-58,0.0,Lower evaluator score / weaker planning,1.9583333333333333,True,4.382026634673881,14.0,0.0,commits
TEAM_04,2026.1,-57,0.0,Lower evaluator score / weaker planning,1.9583333333333333,True,4.382026634673881,14.0,0.0,commits
TEAM_04,2026.1,-56,0.0,Lower evaluator score / weaker planning,1.9583333333333333,True,4.382026634673881,14.0,0.0,commits
TEAM_04,2026.1,-55,0.0,Lower evaluator score / weaker planning,1.9583333333333333,True,4.382026634673881,14.0,0.0,commits
TEAM_04,2026.1,-54,0.0,Lower evaluator score / weaker planning,1.9583333333333333,True,4.382026634673881,14.0,0.0,commits
TEAM_04,2026.1,-53,0.0,Lower evaluator score / weaker planning,1.9583333333333333,True,4.382026634673881,14.0,0.0,commits
TEAM_04,2026.1,-52,0.0,Lower evaluator score / weaker planning,1.9583333333333333,True,4.382026634673881,14.0,0.0,commits
TEAM_04,2026.1,-51,0.0,Lower evaluator score / weaker planning,1.9583333333333333,True,4.382026634673881,14.0,0.0,commits
TEAM_04,2026.1,-50,0.0,Lower evaluator score / weaker planning,1.9583333333333333,True,4.382026634673881,14.0,0.0,commits
TEAM_04,2026.1,-49,0.0,Lower evaluator score / weaker planning,1.9583333333333333,True,4.382026634673881,14.0,0.0,commits
TEAM_04,2026.1,-48,0.0,Lower evaluator score / weaker planning,1.9583333333333333,True,4.382026634673881,14.0,0.0,commits
TEAM_04,2026.1,-47,0.0,Lower evaluator score / weaker planning,1.9583333333333333,True,4.382026634673881,14.0,0.0,commits
TEAM_04,2026.1,-46,0.0,Lower evaluator score / weaker planning,1.9583333333333333,True,4.382026634673881,14.0,0.0,commits
TEAM_04,2026.1,-45,0.0,Lower evaluator score / weaker planning,1.9583333333333333,True,4.382026634673881,14.0,0.0,commits
TEAM_04,2026.1,-44,0.0,Lower evaluator score / weaker planning,1.9583333333333333,True,4.382026634673881,14.0,0.0,commits
TEAM_04,2026.1,-43,0.0,Lower evaluator score / weaker planning,1.9583333333333333,True,4.382026634673881,14.0,0.0,commits
TEAM_04,2026.1,-42,0.0,Lower evaluator score / weaker planning,1.9583333333333333,True,4.382026634673881,14.0,0.0,commits
TEAM_04,2026.1,-41,0.0,Lower evaluator score / weaker planning,1.9583333333333333,True,4.382026634673881,14.0,0.0,commits
TEAM_04,2026.1,-40,0.0,Lower evaluator score / weaker planning,1.9583333333333333,True,4.382026634673881,14.0,0.0,commits
TEAM_04,2026.1,-39,0.0,Lower evaluator score / weaker planning,1.9583333333333333,True,4.382026634673881,14.0,0.0,commits
TEAM_04,2026.1,-38,0.0,Lower evaluator score / weaker planning,1.9583333333333333,True,4.382026634673881,14.0,0.0,commits
TEAM_04,2026.1,-37,0.0,Lower evaluator score / weaker planning,1.9583333333333333,True,4.382026634673881,14.0,0.0,commits
TEAM_04,2026.1,-36,0.0,Lower evaluator score / weaker planning,1.9583333333333333,True,4.382026634673881,14.0,0.0,commits
TEAM_04,2026.1,-35,0.0,Lower evaluator score / weaker planning,1.9583333333333333,True,4.382026634673881,14.0,0.0,commits
TEAM_04,2026.1,-34,0.0,Lower evaluator score / weaker planning,1.9583333333333333,True,4.382026634673881,14.0,0.0,commits
TEAM_04,2026.1,-33,0.0,Lower evaluator score / weaker planning,1.9583333333333333,True,4.382026634673881,14.0,0.0,commits
TEAM_04,2026.1,-32,0.0,Lower evaluator score / weaker planning,1.9583333333333333,True,4.382026634673881,14.0,0.0,commits
TEAM_04,2026.1,-31,0.0,Lower evaluator score / weaker planning,1.9583333333333333,True,4.382026634673881,14.0,0.0,commits
TEAM_04,2026.1,-30,0.0,Lower evaluator score / weaker planning,1.9583333333333333,True,4.382026634673881,14.0,0.0,commits
TEAM_04,2026.1,-29,0.0,Lower evaluator score / weaker planning,1.9583333333333333,True,4.382026634673881,14.0,0.0,commits
TEAM_04,2026.1,-28,0.0,Lower evaluator score / weaker planning,1.9583333333333333,True,4.382026634673881,14.0,0.0,commits
TEAM_04,2026.1,-27,0.0,Lower evaluator score / weaker planning,1.9583333333333333,True,4.382026634673881,14.0,0.0,commits
TEAM_04,2026.1,-26,0.0,Lower evaluator score / weaker planning,1.9583333333333333,True,4.382026634673881,14.0,0.0,commits
TEAM_04,2026.1,-25,0.0,Lower evaluator score / weaker planning,1.9583333333333333,True,4.382026634673881,14.0,0.0,commits
TEAM_04,2026.1,-24,0.0,Lower evaluator score / weaker planning,1.9583333333333333,True,4.382026634673881,14.0,0.0,commits
TEAM_04,2026.1,-23,0.0,Lower evaluator score / weaker planning,1.9583333333333333,True,4.382026634673881,14.0,0.0,commits
TEAM_04,2026.1,-22,0.0,Lower evaluator score / weaker planning,1.9583333333333333,True,4.382026634673881,14.0,0.0,commits
TEAM_04,2026.1,-21,0.0,Lower evaluator score / weaker planning,1.9583333333333333,True,4.382026634673881,14.0,0.0,commits
TEAM_04,2026.1,-20,0.0,Lower evaluator score / weaker planning,1.9583333333333333,True,4.382026634673881,14.0,0.0,commits
TEAM_04,2026.1,-19,0.0,Lower evaluator score / weaker planning,1.9583333333333333,True,4.382026634673881,14.0,0.0,commits
TEAM_04,2026.1,-18,0.0,Lower evaluator score / weaker planning,1.9583333333333333,True,4.382026634673881,14.0,0.0,commits
TEAM_04,2026.1,-17,0.0,Lower evaluator score / weaker planning,1.9583333333333333,True,4.382026634673881,14.0,0.0,commits
TEAM_04,2026.1,-16,0.0,Lower evaluator score / weaker planning,1.9583333333333333,True,4.382026634673881,14.0,0.0,commits
TEAM_04,2026.1,-15,0.0,Lower evaluator score / weaker planning,1.9583333333333333,True,4.382026634673881,14.0,0.0,commits
TEAM_04,2026.1,-14,0.0,Lower evaluator score / weaker planning,1.9583333333333333,True,4.382026634673881,14.0,0.0,commits
TEAM_04,2026.1,-13,0.0,Lower evaluator score / weaker planning,1.9583333333333333,True,4.382026634673881,14.0,0.0,commits
TEAM_04,2026.1,-12,0.0,Lower evaluator score / weaker planning,1.9583333333333333,True,4.382026634673881,14.0,0.0,commits
TEAM_04,2026.1,-11,0.0,Lower evaluator score / weaker planning,1.9583333333333333,True,4.382026634673881,14.0,0.0,commits
TEAM_04,2026.1,-10,0.0,Lower evaluator score / weaker planning,1.9583333333333333,True,4.382026634673881,14.0,0.0,commits
TEAM_04,2026.1,-9,0.0,Lower evaluator score / weaker planning,1.9583333333333333,True,4.382026634673881,14.0,0.0,commits
TEAM_04,2026.1,-8,0.0,Lower evaluator score / weaker planning,1.9583333333333333,True,4.382026634673881,14.0,0.0,commits
TEAM_04,2026.1,-7,0.0,Lower evaluator score / weaker planning,1.9583333333333333,True,4.382026634673881,14.0,0.0,commits
TEAM_04,2026.1,-6,0.0,Lower evaluator score / weaker planning,1.9583333333333333,True,4.382026634673881,14.0,0.0,commits
TEAM_04,2026.1,-5,0.0,Lower evaluator score / weaker planning,1.9583333333333333,True,4.382026634673881,14.0,0.0,commits
TEAM_04,2026.1,-4,3.0,Lower evaluator score / weaker planning,1.9583333333333333,True,4.382026634673881,14.0,21.428571428571427,commits
TEAM_04,2026.1,-3,3.0,Lower evaluator score / weaker planning,1.9583333333333333,True,4.382026634673881,14.0,21.428571428571427,commits
TEAM_04,2026.1,-2,3.0,Lower evaluator score / weaker planning,1.9583333333333333,True,4.382026634673881,14.0,21.428571428571427,commits
TEAM_04,2026.1,-1,9.0,Lower evaluator score / weaker planning,1.9583333333333333,True,4.382026634673881,14.0,64.28571428571429,commits
TEAM_04,2026.1,0,14.0,Lower evaluator score / weaker planning,1.9583333333333333,True,4.382026634673881,14.0,100.0,commits
TEAM_05,2025.2,-110,0.0,Lower evaluator score / weaker planning,2.28125,False,0.0,1.0,0.0,commits
TEAM_05,2025.2,-109,0.0,Lower evaluator score / weaker planning,2.28125,False,0.0,1.0,0.0,commits
TEAM_05,2025.2,-108,0.0,Lower evaluator score / weaker planning,2.28125,False,0.0,1.0,0.0,commits
TEAM_05,2025.2,-107,0.0,Lower evaluator score / weaker planning,2.28125,False,0.0,1.0,0.0,commits
TEAM_05,2025.2,-106,0.0,Lower evaluator score / weaker planning,2.28125,False,0.0,1.0,0.0,commits
TEAM_05,2025.2,-105,0.0,Lower evaluator score / weaker planning,2.28125,False,0.0,1.0,0.0,commits
TEAM_05,2025.2,-104,0.0,Lower evaluator score / weaker planning,2.28125,False,0.0,1.0,0.0,commits
TEAM_05,2025.2,-103,0.0,Lower evaluator score / weaker planning,2.28125,False,0.0,1.0,0.0,commits
TEAM_05,2025.2,-102,0.0,Lower evaluator score / weaker planning,2.28125,False,0.0,1.0,0.0,commits
TEAM_05,2025.2,-101,0.0,Lower evaluator score / weaker planning,2.28125,False,0.0,1.0,0.0,commits
TEAM_05,2025.2,-100,0.0,Lower evaluator score / weaker planning,2.28125,False,0.0,1.0,0.0,commits
TEAM_05,2025.2,-99,0.0,Lower evaluator score / weaker planning,2.28125,False,0.0,1.0,0.0,commits
TEAM_05,2025.2,-98,0.0,Lower evaluator score / weaker planning,2.28125,False,0.0,1.0,0.0,commits
TEAM_05,2025.2,-97,0.0,Lower evaluator score / weaker planning,2.28125,False,0.0,1.0,0.0,commits
TEAM_05,2025.2,-96,0.0,Lower evaluator score / weaker planning,2.28125,False,0.0,1.0,0.0,commits
TEAM_05,2025.2,-95,0.0,Lower evaluator score / weaker planning,2.28125,False,0.0,1.0,0.0,commits
TEAM_05,2025.2,-94,0.0,Lower evaluator score / weaker planning,2.28125,False,0.0,1.0,0.0,commits
TEAM_05,2025.2,-93,0.0,Lower evaluator score / weaker planning,2.28125,False,0.0,1.0,0.0,commits
TEAM_05,2025.2,-92,0.0,Lower evaluator score / weaker planning,2.28125,False,0.0,1.0,0.0,commits
TEAM_05,2025.2,-91,0.0,Lower evaluator score / weaker planning,2.28125,False,0.0,1.0,0.0,commits
TEAM_05,2025.2,-90,0.0,Lower evaluator score / weaker planning,2.28125,False,0.0,1.0,0.0,commits
TEAM_05,2025.2,-89,0.0,Lower evaluator score / weaker planning,2.28125,False,0.0,1.0,0.0,commits
TEAM_05,2025.2,-88,0.0,Lower evaluator score / weaker planning,2.28125,False,0.0,1.0,0.0,commits
TEAM_05,2025.2,-87,0.0,Lower evaluator score / weaker planning,2.28125,False,0.0,1.0,0.0,commits
TEAM_05,2025.2,-86,0.0,Lower evaluator score / weaker planning,2.28125,False,0.0,1.0,0.0,commits
TEAM_05,2025.2,-85,0.0,Lower evaluator score / weaker planning,2.28125,False,0.0,1.0,0.0,commits
TEAM_05,2025.2,-84,0.0,Lower evaluator score / weaker planning,2.28125,False,0.0,1.0,0.0,commits
TEAM_05,2025.2,-83,0.0,Lower evaluator score / weaker planning,2.28125,False,0.0,1.0,0.0,commits
TEAM_05,2025.2,-82,0.0,Lower evaluator score / weaker planning,2.28125,False,0.0,1.0,0.0,commits
TEAM_05,2025.2,-81,0.0,Lower evaluator score / weaker planning,2.28125,False,0.0,1.0,0.0,commits
TEAM_05,2025.2,-80,0.0,Lower evaluator score / weaker planning,2.28125,False,0.0,1.0,0.0,commits
TEAM_05,2025.2,-79,0.0,Lower evaluator score / weaker planning,2.28125,False,0.0,1.0,0.0,commits
TEAM_05,2025.2,-78,0.0,Lower evaluator score / weaker planning,2.28125,False,0.0,1.0,0.0,commits
TEAM_05,2025.2,-77,0.0,Lower evaluator score / weaker planning,2.28125,False,0.0,1.0,0.0,commits
TEAM_05,2025.2,-76,0.0,Lower evaluator score / weaker planning,2.28125,False,0.0,1.0,0.0,commits
TEAM_05,2025.2,-75,0.0,Lower evaluator score / weaker planning,2.28125,False,0.0,1.0,0.0,commits
TEAM_05,2025.2,-74,0.0,Lower evaluator score / weaker planning,2.28125,False,0.0,1.0,0.0,commits
TEAM_05,2025.2,-73,0.0,Lower evaluator score / weaker planning,2.28125,False,0.0,1.0,0.0,commits
TEAM_05,2025.2,-72,0.0,Lower evaluator score / weaker planning,2.28125,False,0.0,1.0,0.0,commits
TEAM_05,2025.2,-71,0.0,Lower evaluator score / weaker planning,2.28125,False,0.0,1.0,0.0,commits
TEAM_05,2025.2,-70,0.0,Lower evaluator score / weaker planning,2.28125,False,0.0,1.0,0.0,commits
TEAM_05,2025.2,-69,0.0,Lower evaluator score / weaker planning,2.28125,False,0.0,1.0,0.0,commits
TEAM_05,2025.2,-68,0.0,Lower evaluator score / weaker planning,2.28125,False,0.0,1.0,0.0,commits
TEAM_05,2025.2,-67,0.0,Lower evaluator score / weaker planning,2.28125,False,0.0,1.0,0.0,commits
TEAM_05,2025.2,-66,0.0,Lower evaluator score / weaker planning,2.28125,False,0.0,1.0,0.0,commits
TEAM_05,2025.2,-65,0.0,Lower evaluator score / weaker planning,2.28125,False,0.0,1.0,0.0,commits
TEAM_05,2025.2,-64,0.0,Lower evaluator score / weaker planning,2.28125,False,0.0,1.0,0.0,commits
TEAM_05,2025.2,-63,0.0,Lower evaluator score / weaker planning,2.28125,False,0.0,1.0,0.0,commits
TEAM_05,2025.2,-62,0.0,Lower evaluator score / weaker planning,2.28125,False,0.0,1.0,0.0,commits
TEAM_05,2025.2,-61,0.0,Lower evaluator score / weaker planning,2.28125,False,0.0,1.0,0.0,commits
TEAM_05,2025.2,-60,0.0,Lower evaluator score / weaker planning,2.28125,False,0.0,1.0,0.0,commits
TEAM_05,2025.2,-59,0.0,Lower evaluator score / weaker planning,2.28125,False,0.0,1.0,0.0,commits
TEAM_05,2025.2,-58,0.0,Lower evaluator score / weaker planning,2.28125,False,0.0,1.0,0.0,commits
TEAM_05,2025.2,-57,0.0,Lower evaluator score / weaker planning,2.28125,False,0.0,1.0,0.0,commits
TEAM_05,2025.2,-56,0.0,Lower evaluator score / weaker planning,2.28125,False,0.0,1.0,0.0,commits
TEAM_05,2025.2,-55,0.0,Lower evaluator score / weaker planning,2.28125,False,0.0,1.0,0.0,commits
TEAM_05,2025.2,-54,0.0,Lower evaluator score / weaker planning,2.28125,False,0.0,1.0,0.0,commits
TEAM_05,2025.2,-53,0.0,Lower evaluator score / weaker planning,2.28125,False,0.0,1.0,0.0,commits
TEAM_05,2025.2,-52,0.0,Lower evaluator score / weaker planning,2.28125,False,0.0,1.0,0.0,commits
TEAM_05,2025.2,-51,0.0,Lower evaluator score / weaker planning,2.28125,False,0.0,1.0,0.0,commits
TEAM_05,2025.2,-50,0.0,Lower evaluator score / weaker planning,2.28125,False,0.0,1.0,0.0,commits
TEAM_05,2025.2,-49,0.0,Lower evaluator score / weaker planning,2.28125,False,0.0,1.0,0.0,commits
TEAM_05,2025.2,-48,0.0,Lower evaluator score / weaker planning,2.28125,False,0.0,1.0,0.0,commits
TEAM_05,2025.2,-47,0.0,Lower evaluator score / weaker planning,2.28125,False,0.0,1.0,0.0,commits
TEAM_05,2025.2,-46,0.0,Lower evaluator score / weaker planning,2.28125,False,0.0,1.0,0.0,commits
TEAM_05,2025.2,-45,0.0,Lower evaluator score / weaker planning,2.28125,False,0.0,1.0,0.0,commits
TEAM_05,2025.2,-44,0.0,Lower evaluator score / weaker planning,2.28125,False,0.0,1.0,0.0,commits
TEAM_05,2025.2,-43,0.0,Lower evaluator score / weaker planning,2.28125,False,0.0,1.0,0.0,commits
TEAM_05,2025.2,-42,0.0,Lower evaluator score / weaker planning,2.28125,False,0.0,1.0,0.0,commits
TEAM_05,2025.2,-41,0.0,Lower evaluator score / weaker planning,2.28125,False,0.0,1.0,0.0,commits
TEAM_05,2025.2,-40,0.0,Lower evaluator score / weaker planning,2.28125,False,0.0,1.0,0.0,commits
TEAM_05,2025.2,-39,0.0,Lower evaluator score / weaker planning,2.28125,False,0.0,1.0,0.0,commits
TEAM_05,2025.2,-38,0.0,Lower evaluator score / weaker planning,2.28125,False,0.0,1.0,0.0,commits
TEAM_05,2025.2,-37,0.0,Lower evaluator score / weaker planning,2.28125,False,0.0,1.0,0.0,commits
TEAM_05,2025.2,-36,0.0,Lower evaluator score / weaker planning,2.28125,False,0.0,1.0,0.0,commits
TEAM_05,2025.2,-35,0.0,Lower evaluator score / weaker planning,2.28125,False,0.0,1.0,0.0,commits
TEAM_05,2025.2,-34,0.0,Lower evaluator score / weaker planning,2.28125,False,0.0,1.0,0.0,commits
TEAM_05,2025.2,-33,0.0,Lower evaluator score / weaker planning,2.28125,False,0.0,1.0,0.0,commits
TEAM_05,2025.2,-32,0.0,Lower evaluator score / weaker planning,2.28125,False,0.0,1.0,0.0,commits
TEAM_05,2025.2,-31,0.0,Lower evaluator score / weaker planning,2.28125,False,0.0,1.0,0.0,commits
TEAM_05,2025.2,-30,0.0,Lower evaluator score / weaker planning,2.28125,False,0.0,1.0,0.0,commits
TEAM_05,2025.2,-29,0.0,Lower evaluator score / weaker planning,2.28125,False,0.0,1.0,0.0,commits
TEAM_05,2025.2,-28,0.0,Lower evaluator score / weaker planning,2.28125,False,0.0,1.0,0.0,commits
TEAM_05,2025.2,-27,0.0,Lower evaluator score / weaker planning,2.28125,False,0.0,1.0,0.0,commits
TEAM_05,2025.2,-26,0.0,Lower evaluator score / weaker planning,2.28125,False,0.0,1.0,0.0,commits
TEAM_05,2025.2,-25,0.0,Lower evaluator score / weaker planning,2.28125,False,0.0,1.0,0.0,commits
TEAM_05,2025.2,-24,0.0,Lower evaluator score / weaker planning,2.28125,False,0.0,1.0,0.0,commits
TEAM_05,2025.2,-23,0.0,Lower evaluator score / weaker planning,2.28125,False,0.0,1.0,0.0,commits
TEAM_05,2025.2,-22,0.0,Lower evaluator score / weaker planning,2.28125,False,0.0,1.0,0.0,commits
TEAM_05,2025.2,-21,0.0,Lower evaluator score / weaker planning,2.28125,False,0.0,1.0,0.0,commits
TEAM_05,2025.2,-20,0.0,Lower evaluator score / weaker planning,2.28125,False,0.0,1.0,0.0,commits
TEAM_05,2025.2,-19,0.0,Lower evaluator score / weaker planning,2.28125,False,0.0,1.0,0.0,commits
TEAM_05,2025.2,-18,0.0,Lower evaluator score / weaker planning,2.28125,False,0.0,1.0,0.0,commits
TEAM_05,2025.2,-17,0.0,Lower evaluator score / weaker planning,2.28125,False,0.0,1.0,0.0,commits
TEAM_05,2025.2,-16,0.0,Lower evaluator score / weaker planning,2.28125,False,0.0,1.0,0.0,commits
TEAM_05,2025.2,-15,0.0,Lower evaluator score / weaker planning,2.28125,False,0.0,1.0,0.0,commits
TEAM_05,2025.2,-14,0.0,Lower evaluator score / weaker planning,2.28125,False,0.0,1.0,0.0,commits
TEAM_05,2025.2,-13,0.0,Lower evaluator score / weaker planning,2.28125,False,0.0,1.0,0.0,commits
TEAM_05,2025.2,-12,0.0,Lower evaluator score / weaker planning,2.28125,False,0.0,1.0,0.0,commits
TEAM_05,2025.2,-11,0.0,Lower evaluator score / weaker planning,2.28125,False,0.0,1.0,0.0,commits
TEAM_05,2025.2,-10,0.0,Lower evaluator score / weaker planning,2.28125,False,0.0,1.0,0.0,commits
TEAM_05,2025.2,-9,0.0,Lower evaluator score / weaker planning,2.28125,False,0.0,1.0,0.0,commits
TEAM_05,2025.2,-8,0.0,Lower evaluator score / weaker planning,2.28125,False,0.0,1.0,0.0,commits
TEAM_05,2025.2,-7,0.0,Lower evaluator score / weaker planning,2.28125,False,0.0,1.0,0.0,commits
TEAM_05,2025.2,-6,0.0,Lower evaluator score / weaker planning,2.28125,False,0.0,1.0,0.0,commits
TEAM_05,2025.2,-5,0.0,Lower evaluator score / weaker planning,2.28125,False,0.0,1.0,0.0,commits
TEAM_05,2025.2,-4,0.0,Lower evaluator score / weaker planning,2.28125,False,0.0,1.0,0.0,commits
TEAM_05,2025.2,-3,0.0,Lower evaluator score / weaker planning,2.28125,False,0.0,1.0,0.0,commits
TEAM_05,2025.2,-2,0.0,Lower evaluator score / weaker planning,2.28125,False,0.0,1.0,0.0,commits
TEAM_05,2025.2,-1,0.0,Lower evaluator score / weaker planning,2.28125,False,0.0,1.0,0.0,commits
TEAM_05,2025.2,0,1.0,Lower evaluator score / weaker planning,2.28125,False,0.0,1.0,100.0,commits
TEAM_05,2026.1,-110,0.0,Lower evaluator score / weaker planning,2.291666666666667,True,5.407171771460119,27.0,0.0,commits
TEAM_05,2026.1,-109,0.0,Lower evaluator score / weaker planning,2.291666666666667,True,5.407171771460119,27.0,0.0,commits
TEAM_05,2026.1,-108,0.0,Lower evaluator score / weaker planning,2.291666666666667,True,5.407171771460119,27.0,0.0,commits
TEAM_05,2026.1,-107,0.0,Lower evaluator score / weaker planning,2.291666666666667,True,5.407171771460119,27.0,0.0,commits
TEAM_05,2026.1,-106,0.0,Lower evaluator score / weaker planning,2.291666666666667,True,5.407171771460119,27.0,0.0,commits
TEAM_05,2026.1,-105,0.0,Lower evaluator score / weaker planning,2.291666666666667,True,5.407171771460119,27.0,0.0,commits
TEAM_05,2026.1,-104,0.0,Lower evaluator score / weaker planning,2.291666666666667,True,5.407171771460119,27.0,0.0,commits
TEAM_05,2026.1,-103,0.0,Lower evaluator score / weaker planning,2.291666666666667,True,5.407171771460119,27.0,0.0,commits
TEAM_05,2026.1,-102,0.0,Lower evaluator score / weaker planning,2.291666666666667,True,5.407171771460119,27.0,0.0,commits
TEAM_05,2026.1,-101,0.0,Lower evaluator score / weaker planning,2.291666666666667,True,5.407171771460119,27.0,0.0,commits
TEAM_05,2026.1,-100,0.0,Lower evaluator score / weaker planning,2.291666666666667,True,5.407171771460119,27.0,0.0,commits
TEAM_05,2026.1,-99,0.0,Lower evaluator score / weaker planning,2.291666666666667,True,5.407171771460119,27.0,0.0,commits
TEAM_05,2026.1,-98,0.0,Lower evaluator score / weaker planning,2.291666666666667,True,5.407171771460119,27.0,0.0,commits
TEAM_05,2026.1,-97,0.0,Lower evaluator score / weaker planning,2.291666666666667,True,5.407171771460119,27.0,0.0,commits
TEAM_05,2026.1,-96,0.0,Lower evaluator score / weaker planning,2.291666666666667,True,5.407171771460119,27.0,0.0,commits
TEAM_05,2026.1,-95,0.0,Lower evaluator score / weaker planning,2.291666666666667,True,5.407171771460119,27.0,0.0,commits
TEAM_05,2026.1,-94,2.0,Lower evaluator score / weaker planning,2.291666666666667,True,5.407171771460119,27.0,7.407407407407407,commits
TEAM_05,2026.1,-93,2.0,Lower evaluator score / weaker planning,2.291666666666667,True,5.407171771460119,27.0,7.407407407407407,commits
TEAM_05,2026.1,-92,2.0,Lower evaluator score / weaker planning,2.291666666666667,True,5.407171771460119,27.0,7.407407407407407,commits
TEAM_05,2026.1,-91,2.0,Lower evaluator score / weaker planning,2.291666666666667,True,5.407171771460119,27.0,7.407407407407407,commits
TEAM_05,2026.1,-90,2.0,Lower evaluator score / weaker planning,2.291666666666667,True,5.407171771460119,27.0,7.407407407407407,commits
TEAM_05,2026.1,-89,3.0,Lower evaluator score / weaker planning,2.291666666666667,True,5.407171771460119,27.0,11.11111111111111,commits
TEAM_05,2026.1,-88,3.0,Lower evaluator score / weaker planning,2.291666666666667,True,5.407171771460119,27.0,11.11111111111111,commits
TEAM_05,2026.1,-87,1.0,Lower evaluator score / weaker planning,2.291666666666667,True,5.407171771460119,27.0,3.7037037037037037,commits
TEAM_05,2026.1,-86,1.0,Lower evaluator score / weaker planning,2.291666666666667,True,5.407171771460119,27.0,3.7037037037037037,commits
TEAM_05,2026.1,-85,1.0,Lower evaluator score / weaker planning,2.291666666666667,True,5.407171771460119,27.0,3.7037037037037037,commits
TEAM_05,2026.1,-84,1.0,Lower evaluator score / weaker planning,2.291666666666667,True,5.407171771460119,27.0,3.7037037037037037,commits
TEAM_05,2026.1,-83,6.0,Lower evaluator score / weaker planning,2.291666666666667,True,5.407171771460119,27.0,22.22222222222222,commits
TEAM_05,2026.1,-82,5.0,Lower evaluator score / weaker planning,2.291666666666667,True,5.407171771460119,27.0,18.51851851851852,commits
TEAM_05,2026.1,-81,5.0,Lower evaluator score / weaker planning,2.291666666666667,True,5.407171771460119,27.0,18.51851851851852,commits
TEAM_05,2026.1,-80,5.0,Lower evaluator score / weaker planning,2.291666666666667,True,5.407171771460119,27.0,18.51851851851852,commits
TEAM_05,2026.1,-79,6.0,Lower evaluator score / weaker planning,2.291666666666667,True,5.407171771460119,27.0,22.22222222222222,commits
TEAM_05,2026.1,-78,7.0,Lower evaluator score / weaker planning,2.291666666666667,True,5.407171771460119,27.0,25.925925925925927,commits
TEAM_05,2026.1,-77,8.0,Lower evaluator score / weaker planning,2.291666666666667,True,5.407171771460119,27.0,29.62962962962963,commits
TEAM_05,2026.1,-76,5.0,Lower evaluator score / weaker planning,2.291666666666667,True,5.407171771460119,27.0,18.51851851851852,commits
TEAM_05,2026.1,-75,5.0,Lower evaluator score / weaker planning,2.291666666666667,True,5.407171771460119,27.0,18.51851851851852,commits
TEAM_05,2026.1,-74,5.0,Lower evaluator score / weaker planning,2.291666666666667,True,5.407171771460119,27.0,18.51851851851852,commits
TEAM_05,2026.1,-73,5.0,Lower evaluator score / weaker planning,2.291666666666667,True,5.407171771460119,27.0,18.51851851851852,commits
TEAM_05,2026.1,-72,4.0,Lower evaluator score / weaker planning,2.291666666666667,True,5.407171771460119,27.0,14.814814814814815,commits
TEAM_05,2026.1,-71,3.0,Lower evaluator score / weaker planning,2.291666666666667,True,5.407171771460119,27.0,11.11111111111111,commits
TEAM_05,2026.1,-70,2.0,Lower evaluator score / weaker planning,2.291666666666667,True,5.407171771460119,27.0,7.407407407407407,commits
TEAM_05,2026.1,-69,1.0,Lower evaluator score / weaker planning,2.291666666666667,True,5.407171771460119,27.0,3.7037037037037037,commits
TEAM_05,2026.1,-68,6.0,Lower evaluator score / weaker planning,2.291666666666667,True,5.407171771460119,27.0,22.22222222222222,commits
TEAM_05,2026.1,-67,6.0,Lower evaluator score / weaker planning,2.291666666666667,True,5.407171771460119,27.0,22.22222222222222,commits
TEAM_05,2026.1,-66,6.0,Lower evaluator score / weaker planning,2.291666666666667,True,5.407171771460119,27.0,22.22222222222222,commits
TEAM_05,2026.1,-65,6.0,Lower evaluator score / weaker planning,2.291666666666667,True,5.407171771460119,27.0,22.22222222222222,commits
TEAM_05,2026.1,-64,8.0,Lower evaluator score / weaker planning,2.291666666666667,True,5.407171771460119,27.0,29.62962962962963,commits
TEAM_05,2026.1,-63,27.0,Lower evaluator score / weaker planning,2.291666666666667,True,5.407171771460119,27.0,100.0,commits
TEAM_05,2026.1,-62,26.0,Lower evaluator score / weaker planning,2.291666666666667,True,5.407171771460119,27.0,96.29629629629629,commits
TEAM_05,2026.1,-61,21.0,Lower evaluator score / weaker planning,2.291666666666667,True,5.407171771460119,27.0,77.77777777777777,commits
TEAM_05,2026.1,-60,21.0,Lower evaluator score / weaker planning,2.291666666666667,True,5.407171771460119,27.0,77.77777777777777,commits
TEAM_05,2026.1,-59,21.0,Lower evaluator score / weaker planning,2.291666666666667,True,5.407171771460119,27.0,77.77777777777777,commits
TEAM_05,2026.1,-58,21.0,Lower evaluator score / weaker planning,2.291666666666667,True,5.407171771460119,27.0,77.77777777777777,commits
TEAM_05,2026.1,-57,19.0,Lower evaluator score / weaker planning,2.291666666666667,True,5.407171771460119,27.0,70.37037037037037,commits
TEAM_05,2026.1,-56,0.0,Lower evaluator score / weaker planning,2.291666666666667,True,5.407171771460119,27.0,0.0,commits
TEAM_05,2026.1,-55,0.0,Lower evaluator score / weaker planning,2.291666666666667,True,5.407171771460119,27.0,0.0,commits
TEAM_05,2026.1,-54,0.0,Lower evaluator score / weaker planning,2.291666666666667,True,5.407171771460119,27.0,0.0,commits
TEAM_05,2026.1,-53,0.0,Lower evaluator score / weaker planning,2.291666666666667,True,5.407171771460119,27.0,0.0,commits
TEAM_05,2026.1,-52,0.0,Lower evaluator score / weaker planning,2.291666666666667,True,5.407171771460119,27.0,0.0,commits
TEAM_05,2026.1,-51,0.0,Lower evaluator score / weaker planning,2.291666666666667,True,5.407171771460119,27.0,0.0,commits
TEAM_05,2026.1,-50,0.0,Lower evaluator score / weaker planning,2.291666666666667,True,5.407171771460119,27.0,0.0,commits
TEAM_05,2026.1,-49,3.0,Lower evaluator score / weaker planning,2.291666666666667,True,5.407171771460119,27.0,11.11111111111111,commits
TEAM_05,2026.1,-48,5.0,Lower evaluator score / weaker planning,2.291666666666667,True,5.407171771460119,27.0,18.51851851851852,commits
TEAM_05,2026.1,-47,9.0,Lower evaluator score / weaker planning,2.291666666666667,True,5.407171771460119,27.0,33.333333333333336,commits
TEAM_05,2026.1,-46,15.0,Lower evaluator score / weaker planning,2.291666666666667,True,5.407171771460119,27.0,55.55555555555556,commits
TEAM_05,2026.1,-45,15.0,Lower evaluator score / weaker planning,2.291666666666667,True,5.407171771460119,27.0,55.55555555555556,commits
TEAM_05,2026.1,-44,15.0,Lower evaluator score / weaker planning,2.291666666666667,True,5.407171771460119,27.0,55.55555555555556,commits
TEAM_05,2026.1,-43,15.0,Lower evaluator score / weaker planning,2.291666666666667,True,5.407171771460119,27.0,55.55555555555556,commits
TEAM_05,2026.1,-42,16.0,Lower evaluator score / weaker planning,2.291666666666667,True,5.407171771460119,27.0,59.25925925925926,commits
TEAM_05,2026.1,-41,16.0,Lower evaluator score / weaker planning,2.291666666666667,True,5.407171771460119,27.0,59.25925925925926,commits
TEAM_05,2026.1,-40,12.0,Lower evaluator score / weaker planning,2.291666666666667,True,5.407171771460119,27.0,44.44444444444444,commits
TEAM_05,2026.1,-39,6.0,Lower evaluator score / weaker planning,2.291666666666667,True,5.407171771460119,27.0,22.22222222222222,commits
TEAM_05,2026.1,-38,6.0,Lower evaluator score / weaker planning,2.291666666666667,True,5.407171771460119,27.0,22.22222222222222,commits
TEAM_05,2026.1,-37,6.0,Lower evaluator score / weaker planning,2.291666666666667,True,5.407171771460119,27.0,22.22222222222222,commits
TEAM_05,2026.1,-36,6.0,Lower evaluator score / weaker planning,2.291666666666667,True,5.407171771460119,27.0,22.22222222222222,commits
TEAM_05,2026.1,-35,2.0,Lower evaluator score / weaker planning,2.291666666666667,True,5.407171771460119,27.0,7.407407407407407,commits
TEAM_05,2026.1,-34,0.0,Lower evaluator score / weaker planning,2.291666666666667,True,5.407171771460119,27.0,0.0,commits
TEAM_05,2026.1,-33,0.0,Lower evaluator score / weaker planning,2.291666666666667,True,5.407171771460119,27.0,0.0,commits
TEAM_05,2026.1,-32,0.0,Lower evaluator score / weaker planning,2.291666666666667,True,5.407171771460119,27.0,0.0,commits
TEAM_05,2026.1,-31,3.0,Lower evaluator score / weaker planning,2.291666666666667,True,5.407171771460119,27.0,11.11111111111111,commits
TEAM_05,2026.1,-30,4.0,Lower evaluator score / weaker planning,2.291666666666667,True,5.407171771460119,27.0,14.814814814814815,commits
TEAM_05,2026.1,-29,8.0,Lower evaluator score / weaker planning,2.291666666666667,True,5.407171771460119,27.0,29.62962962962963,commits
TEAM_05,2026.1,-28,21.0,Lower evaluator score / weaker planning,2.291666666666667,True,5.407171771460119,27.0,77.77777777777777,commits
TEAM_05,2026.1,-27,22.0,Lower evaluator score / weaker planning,2.291666666666667,True,5.407171771460119,27.0,81.48148148148148,commits
TEAM_05,2026.1,-26,22.0,Lower evaluator score / weaker planning,2.291666666666667,True,5.407171771460119,27.0,81.48148148148148,commits
TEAM_05,2026.1,-25,22.0,Lower evaluator score / weaker planning,2.291666666666667,True,5.407171771460119,27.0,81.48148148148148,commits
TEAM_05,2026.1,-24,19.0,Lower evaluator score / weaker planning,2.291666666666667,True,5.407171771460119,27.0,70.37037037037037,commits
TEAM_05,2026.1,-23,19.0,Lower evaluator score / weaker planning,2.291666666666667,True,5.407171771460119,27.0,70.37037037037037,commits
TEAM_05,2026.1,-22,15.0,Lower evaluator score / weaker planning,2.291666666666667,True,5.407171771460119,27.0,55.55555555555556,commits
TEAM_05,2026.1,-21,6.0,Lower evaluator score / weaker planning,2.291666666666667,True,5.407171771460119,27.0,22.22222222222222,commits
TEAM_05,2026.1,-20,5.0,Lower evaluator score / weaker planning,2.291666666666667,True,5.407171771460119,27.0,18.51851851851852,commits
TEAM_05,2026.1,-19,6.0,Lower evaluator score / weaker planning,2.291666666666667,True,5.407171771460119,27.0,22.22222222222222,commits
TEAM_05,2026.1,-18,8.0,Lower evaluator score / weaker planning,2.291666666666667,True,5.407171771460119,27.0,29.62962962962963,commits
TEAM_05,2026.1,-17,15.0,Lower evaluator score / weaker planning,2.291666666666667,True,5.407171771460119,27.0,55.55555555555556,commits
TEAM_05,2026.1,-16,14.0,Lower evaluator score / weaker planning,2.291666666666667,True,5.407171771460119,27.0,51.851851851851855,commits
TEAM_05,2026.1,-15,18.0,Lower evaluator score / weaker planning,2.291666666666667,True,5.407171771460119,27.0,66.66666666666667,commits
TEAM_05,2026.1,-14,17.0,Lower evaluator score / weaker planning,2.291666666666667,True,5.407171771460119,27.0,62.96296296296296,commits
TEAM_05,2026.1,-13,17.0,Lower evaluator score / weaker planning,2.291666666666667,True,5.407171771460119,27.0,62.96296296296296,commits
TEAM_05,2026.1,-12,16.0,Lower evaluator score / weaker planning,2.291666666666667,True,5.407171771460119,27.0,59.25925925925926,commits
TEAM_05,2026.1,-11,14.0,Lower evaluator score / weaker planning,2.291666666666667,True,5.407171771460119,27.0,51.851851851851855,commits
TEAM_05,2026.1,-10,7.0,Lower evaluator score / weaker planning,2.291666666666667,True,5.407171771460119,27.0,25.925925925925927,commits
TEAM_05,2026.1,-9,7.0,Lower evaluator score / weaker planning,2.291666666666667,True,5.407171771460119,27.0,25.925925925925927,commits
TEAM_05,2026.1,-8,3.0,Lower evaluator score / weaker planning,2.291666666666667,True,5.407171771460119,27.0,11.11111111111111,commits
TEAM_05,2026.1,-7,2.0,Lower evaluator score / weaker planning,2.291666666666667,True,5.407171771460119,27.0,7.407407407407407,commits
TEAM_05,2026.1,-6,7.0,Lower evaluator score / weaker planning,2.291666666666667,True,5.407171771460119,27.0,25.925925925925927,commits
TEAM_05,2026.1,-5,7.0,Lower evaluator score / weaker planning,2.291666666666667,True,5.407171771460119,27.0,25.925925925925927,commits
TEAM_05,2026.1,-4,7.0,Lower evaluator score / weaker planning,2.291666666666667,True,5.407171771460119,27.0,25.925925925925927,commits
TEAM_05,2026.1,-3,7.0,Lower evaluator score / weaker planning,2.291666666666667,True,5.407171771460119,27.0,25.925925925925927,commits
TEAM_05,2026.1,-2,7.0,Lower evaluator score / weaker planning,2.291666666666667,True,5.407171771460119,27.0,25.925925925925927,commits
TEAM_05,2026.1,-1,11.0,Lower evaluator score / weaker planning,2.291666666666667,True,5.407171771460119,27.0,40.74074074074074,commits
TEAM_05,2026.1,0,14.0,Lower evaluator score / weaker planning,2.291666666666667,True,5.407171771460119,27.0,51.851851851851855,commits
TEAM_07,2025.2,-110,0.0,High evaluator score + good planning,2.5,True,2.4849066497880004,30.0,0.0,commits
TEAM_07,2025.2,-109,0.0,High evaluator score + good planning,2.5,True,2.4849066497880004,30.0,0.0,commits
TEAM_07,2025.2,-108,0.0,High evaluator score + good planning,2.5,True,2.4849066497880004,30.0,0.0,commits
TEAM_07,2025.2,-107,0.0,High evaluator score + good planning,2.5,True,2.4849066497880004,30.0,0.0,commits
TEAM_07,2025.2,-106,0.0,High evaluator score + good planning,2.5,True,2.4849066497880004,30.0,0.0,commits
TEAM_07,2025.2,-105,0.0,High evaluator score + good planning,2.5,True,2.4849066497880004,30.0,0.0,commits
TEAM_07,2025.2,-104,0.0,High evaluator score + good planning,2.5,True,2.4849066497880004,30.0,0.0,commits
TEAM_07,2025.2,-103,0.0,High evaluator score + good planning,2.5,True,2.4849066497880004,30.0,0.0,commits
TEAM_07,2025.2,-102,0.0,High evaluator score + good planning,2.5,True,2.4849066497880004,30.0,0.0,commits
TEAM_07,2025.2,-101,0.0,High evaluator score + good planning,2.5,True,2.4849066497880004,30.0,0.0,commits
TEAM_07,2025.2,-100,0.0,High evaluator score + good planning,2.5,True,2.4849066497880004,30.0,0.0,commits
TEAM_07,2025.2,-99,0.0,High evaluator score + good planning,2.5,True,2.4849066497880004,30.0,0.0,commits
TEAM_07,2025.2,-98,0.0,High evaluator score + good planning,2.5,True,2.4849066497880004,30.0,0.0,commits
TEAM_07,2025.2,-97,0.0,High evaluator score + good planning,2.5,True,2.4849066497880004,30.0,0.0,commits
TEAM_07,2025.2,-96,0.0,High evaluator score + good planning,2.5,True,2.4849066497880004,30.0,0.0,commits
TEAM_07,2025.2,-95,0.0,High evaluator score + good planning,2.5,True,2.4849066497880004,30.0,0.0,commits
TEAM_07,2025.2,-94,0.0,High evaluator score + good planning,2.5,True,2.4849066497880004,30.0,0.0,commits
TEAM_07,2025.2,-93,0.0,High evaluator score + good planning,2.5,True,2.4849066497880004,30.0,0.0,commits
TEAM_07,2025.2,-92,0.0,High evaluator score + good planning,2.5,True,2.4849066497880004,30.0,0.0,commits
TEAM_07,2025.2,-91,0.0,High evaluator score + good planning,2.5,True,2.4849066497880004,30.0,0.0,commits
TEAM_07,2025.2,-90,0.0,High evaluator score + good planning,2.5,True,2.4849066497880004,30.0,0.0,commits
TEAM_07,2025.2,-89,0.0,High evaluator score + good planning,2.5,True,2.4849066497880004,30.0,0.0,commits
TEAM_07,2025.2,-88,0.0,High evaluator score + good planning,2.5,True,2.4849066497880004,30.0,0.0,commits
TEAM_07,2025.2,-87,0.0,High evaluator score + good planning,2.5,True,2.4849066497880004,30.0,0.0,commits
TEAM_07,2025.2,-86,0.0,High evaluator score + good planning,2.5,True,2.4849066497880004,30.0,0.0,commits
TEAM_07,2025.2,-85,0.0,High evaluator score + good planning,2.5,True,2.4849066497880004,30.0,0.0,commits
TEAM_07,2025.2,-84,0.0,High evaluator score + good planning,2.5,True,2.4849066497880004,30.0,0.0,commits
TEAM_07,2025.2,-83,0.0,High evaluator score + good planning,2.5,True,2.4849066497880004,30.0,0.0,commits
TEAM_07,2025.2,-82,0.0,High evaluator score + good planning,2.5,True,2.4849066497880004,30.0,0.0,commits
TEAM_07,2025.2,-81,0.0,High evaluator score + good planning,2.5,True,2.4849066497880004,30.0,0.0,commits
TEAM_07,2025.2,-80,0.0,High evaluator score + good planning,2.5,True,2.4849066497880004,30.0,0.0,commits
TEAM_07,2025.2,-79,0.0,High evaluator score + good planning,2.5,True,2.4849066497880004,30.0,0.0,commits
TEAM_07,2025.2,-78,0.0,High evaluator score + good planning,2.5,True,2.4849066497880004,30.0,0.0,commits
TEAM_07,2025.2,-77,0.0,High evaluator score + good planning,2.5,True,2.4849066497880004,30.0,0.0,commits
TEAM_07,2025.2,-76,0.0,High evaluator score + good planning,2.5,True,2.4849066497880004,30.0,0.0,commits
TEAM_07,2025.2,-75,0.0,High evaluator score + good planning,2.5,True,2.4849066497880004,30.0,0.0,commits
TEAM_07,2025.2,-74,0.0,High evaluator score + good planning,2.5,True,2.4849066497880004,30.0,0.0,commits
TEAM_07,2025.2,-73,0.0,High evaluator score + good planning,2.5,True,2.4849066497880004,30.0,0.0,commits
TEAM_07,2025.2,-72,0.0,High evaluator score + good planning,2.5,True,2.4849066497880004,30.0,0.0,commits
TEAM_07,2025.2,-71,1.0,High evaluator score + good planning,2.5,True,2.4849066497880004,30.0,3.3333333333333335,commits
TEAM_07,2025.2,-70,1.0,High evaluator score + good planning,2.5,True,2.4849066497880004,30.0,3.3333333333333335,commits
TEAM_07,2025.2,-69,1.0,High evaluator score + good planning,2.5,True,2.4849066497880004,30.0,3.3333333333333335,commits
TEAM_07,2025.2,-68,1.0,High evaluator score + good planning,2.5,True,2.4849066497880004,30.0,3.3333333333333335,commits
TEAM_07,2025.2,-67,1.0,High evaluator score + good planning,2.5,True,2.4849066497880004,30.0,3.3333333333333335,commits
TEAM_07,2025.2,-66,1.0,High evaluator score + good planning,2.5,True,2.4849066497880004,30.0,3.3333333333333335,commits
TEAM_07,2025.2,-65,1.0,High evaluator score + good planning,2.5,True,2.4849066497880004,30.0,3.3333333333333335,commits
TEAM_07,2025.2,-64,0.0,High evaluator score + good planning,2.5,True,2.4849066497880004,30.0,0.0,commits
TEAM_07,2025.2,-63,0.0,High evaluator score + good planning,2.5,True,2.4849066497880004,30.0,0.0,commits
TEAM_07,2025.2,-62,0.0,High evaluator score + good planning,2.5,True,2.4849066497880004,30.0,0.0,commits
TEAM_07,2025.2,-61,0.0,High evaluator score + good planning,2.5,True,2.4849066497880004,30.0,0.0,commits
TEAM_07,2025.2,-60,0.0,High evaluator score + good planning,2.5,True,2.4849066497880004,30.0,0.0,commits
TEAM_07,2025.2,-59,1.0,High evaluator score + good planning,2.5,True,2.4849066497880004,30.0,3.3333333333333335,commits
TEAM_07,2025.2,-58,6.0,High evaluator score + good planning,2.5,True,2.4849066497880004,30.0,20.0,commits
TEAM_07,2025.2,-57,6.0,High evaluator score + good planning,2.5,True,2.4849066497880004,30.0,20.0,commits
TEAM_07,2025.2,-56,6.0,High evaluator score + good planning,2.5,True,2.4849066497880004,30.0,20.0,commits
TEAM_07,2025.2,-55,8.0,High evaluator score + good planning,2.5,True,2.4849066497880004,30.0,26.666666666666668,commits
TEAM_07,2025.2,-54,8.0,High evaluator score + good planning,2.5,True,2.4849066497880004,30.0,26.666666666666668,commits
TEAM_07,2025.2,-53,8.0,High evaluator score + good planning,2.5,True,2.4849066497880004,30.0,26.666666666666668,commits
TEAM_07,2025.2,-52,19.0,High evaluator score + good planning,2.5,True,2.4849066497880004,30.0,63.333333333333336,commits
TEAM_07,2025.2,-51,21.0,High evaluator score + good planning,2.5,True,2.4849066497880004,30.0,70.0,commits
TEAM_07,2025.2,-50,21.0,High evaluator score + good planning,2.5,True,2.4849066497880004,30.0,70.0,commits
TEAM_07,2025.2,-49,30.0,High evaluator score + good planning,2.5,True,2.4849066497880004,30.0,100.0,commits
TEAM_07,2025.2,-48,28.0,High evaluator score + good planning,2.5,True,2.4849066497880004,30.0,93.33333333333333,commits
TEAM_07,2025.2,-47,28.0,High evaluator score + good planning,2.5,True,2.4849066497880004,30.0,93.33333333333333,commits
TEAM_07,2025.2,-46,28.0,High evaluator score + good planning,2.5,True,2.4849066497880004,30.0,93.33333333333333,commits
TEAM_07,2025.2,-45,16.0,High evaluator score + good planning,2.5,True,2.4849066497880004,30.0,53.333333333333336,commits
TEAM_07,2025.2,-44,9.0,High evaluator score + good planning,2.5,True,2.4849066497880004,30.0,30.0,commits
TEAM_07,2025.2,-43,9.0,High evaluator score + good planning,2.5,True,2.4849066497880004,30.0,30.0,commits
TEAM_07,2025.2,-42,0.0,High evaluator score + good planning,2.5,True,2.4849066497880004,30.0,0.0,commits
TEAM_07,2025.2,-41,0.0,High evaluator score + good planning,2.5,True,2.4849066497880004,30.0,0.0,commits
TEAM_07,2025.2,-40,0.0,High evaluator score + good planning,2.5,True,2.4849066497880004,30.0,0.0,commits
TEAM_07,2025.2,-39,0.0,High evaluator score + good planning,2.5,True,2.4849066497880004,30.0,0.0,commits
TEAM_07,2025.2,-38,0.0,High evaluator score + good planning,2.5,True,2.4849066497880004,30.0,0.0,commits
TEAM_07,2025.2,-37,0.0,High evaluator score + good planning,2.5,True,2.4849066497880004,30.0,0.0,commits
TEAM_07,2025.2,-36,0.0,High evaluator score + good planning,2.5,True,2.4849066497880004,30.0,0.0,commits
TEAM_07,2025.2,-35,0.0,High evaluator score + good planning,2.5,True,2.4849066497880004,30.0,0.0,commits
TEAM_07,2025.2,-34,0.0,High evaluator score + good planning,2.5,True,2.4849066497880004,30.0,0.0,commits
TEAM_07,2025.2,-33,0.0,High evaluator score + good planning,2.5,True,2.4849066497880004,30.0,0.0,commits
TEAM_07,2025.2,-32,0.0,High evaluator score + good planning,2.5,True,2.4849066497880004,30.0,0.0,commits
TEAM_07,2025.2,-31,0.0,High evaluator score + good planning,2.5,True,2.4849066497880004,30.0,0.0,commits
TEAM_07,2025.2,-30,0.0,High evaluator score + good planning,2.5,True,2.4849066497880004,30.0,0.0,commits
TEAM_07,2025.2,-29,0.0,High evaluator score + good planning,2.5,True,2.4849066497880004,30.0,0.0,commits
TEAM_07,2025.2,-28,0.0,High evaluator score + good planning,2.5,True,2.4849066497880004,30.0,0.0,commits
TEAM_07,2025.2,-27,8.0,High evaluator score + good planning,2.5,True,2.4849066497880004,30.0,26.666666666666668,commits
TEAM_07,2025.2,-26,9.0,High evaluator score + good planning,2.5,True,2.4849066497880004,30.0,30.0,commits
TEAM_07,2025.2,-25,9.0,High evaluator score + good planning,2.5,True,2.4849066497880004,30.0,30.0,commits
TEAM_07,2025.2,-24,15.0,High evaluator score + good planning,2.5,True,2.4849066497880004,30.0,50.0,commits
TEAM_07,2025.2,-23,16.0,High evaluator score + good planning,2.5,True,2.4849066497880004,30.0,53.333333333333336,commits
TEAM_07,2025.2,-22,21.0,High evaluator score + good planning,2.5,True,2.4849066497880004,30.0,70.0,commits
TEAM_07,2025.2,-21,30.0,High evaluator score + good planning,2.5,True,2.4849066497880004,30.0,100.0,commits
TEAM_07,2025.2,-20,22.0,High evaluator score + good planning,2.5,True,2.4849066497880004,30.0,73.33333333333333,commits
TEAM_07,2025.2,-19,21.0,High evaluator score + good planning,2.5,True,2.4849066497880004,30.0,70.0,commits
TEAM_07,2025.2,-18,21.0,High evaluator score + good planning,2.5,True,2.4849066497880004,30.0,70.0,commits
TEAM_07,2025.2,-17,15.0,High evaluator score + good planning,2.5,True,2.4849066497880004,30.0,50.0,commits
TEAM_07,2025.2,-16,14.0,High evaluator score + good planning,2.5,True,2.4849066497880004,30.0,46.666666666666664,commits
TEAM_07,2025.2,-15,9.0,High evaluator score + good planning,2.5,True,2.4849066497880004,30.0,30.0,commits
TEAM_07,2025.2,-14,0.0,High evaluator score + good planning,2.5,True,2.4849066497880004,30.0,0.0,commits
TEAM_07,2025.2,-13,0.0,High evaluator score + good planning,2.5,True,2.4849066497880004,30.0,0.0,commits
TEAM_07,2025.2,-12,0.0,High evaluator score + good planning,2.5,True,2.4849066497880004,30.0,0.0,commits
TEAM_07,2025.2,-11,0.0,High evaluator score + good planning,2.5,True,2.4849066497880004,30.0,0.0,commits
TEAM_07,2025.2,-10,0.0,High evaluator score + good planning,2.5,True,2.4849066497880004,30.0,0.0,commits
TEAM_07,2025.2,-9,0.0,High evaluator score + good planning,2.5,True,2.4849066497880004,30.0,0.0,commits
TEAM_07,2025.2,-8,0.0,High evaluator score + good planning,2.5,True,2.4849066497880004,30.0,0.0,commits
TEAM_07,2025.2,-7,0.0,High evaluator score + good planning,2.5,True,2.4849066497880004,30.0,0.0,commits
TEAM_07,2025.2,-6,0.0,High evaluator score + good planning,2.5,True,2.4849066497880004,30.0,0.0,commits
TEAM_07,2025.2,-5,0.0,High evaluator score + good planning,2.5,True,2.4849066497880004,30.0,0.0,commits
TEAM_07,2025.2,-4,0.0,High evaluator score + good planning,2.5,True,2.4849066497880004,30.0,0.0,commits
TEAM_07,2025.2,-3,0.0,High evaluator score + good planning,2.5,True,2.4849066497880004,30.0,0.0,commits
TEAM_07,2025.2,-2,2.0,High evaluator score + good planning,2.5,True,2.4849066497880004,30.0,6.666666666666667,commits
TEAM_07,2025.2,-1,4.0,High evaluator score + good planning,2.5,True,2.4849066497880004,30.0,13.333333333333334,commits
TEAM_07,2025.2,0,6.0,High evaluator score + good planning,2.5,True,2.4849066497880004,30.0,20.0,commits
TEAM_08,2025.2,-110,0.0,Lower evaluator score / weaker planning,2.416666666666667,False,0.0,21.0,0.0,commits
TEAM_08,2025.2,-109,0.0,Lower evaluator score / weaker planning,2.416666666666667,False,0.0,21.0,0.0,commits
TEAM_08,2025.2,-108,0.0,Lower evaluator score / weaker planning,2.416666666666667,False,0.0,21.0,0.0,commits
TEAM_08,2025.2,-107,0.0,Lower evaluator score / weaker planning,2.416666666666667,False,0.0,21.0,0.0,commits
TEAM_08,2025.2,-106,0.0,Lower evaluator score / weaker planning,2.416666666666667,False,0.0,21.0,0.0,commits
TEAM_08,2025.2,-105,0.0,Lower evaluator score / weaker planning,2.416666666666667,False,0.0,21.0,0.0,commits
TEAM_08,2025.2,-104,0.0,Lower evaluator score / weaker planning,2.416666666666667,False,0.0,21.0,0.0,commits
TEAM_08,2025.2,-103,0.0,Lower evaluator score / weaker planning,2.416666666666667,False,0.0,21.0,0.0,commits
TEAM_08,2025.2,-102,0.0,Lower evaluator score / weaker planning,2.416666666666667,False,0.0,21.0,0.0,commits
TEAM_08,2025.2,-101,0.0,Lower evaluator score / weaker planning,2.416666666666667,False,0.0,21.0,0.0,commits
TEAM_08,2025.2,-100,0.0,Lower evaluator score / weaker planning,2.416666666666667,False,0.0,21.0,0.0,commits
TEAM_08,2025.2,-99,0.0,Lower evaluator score / weaker planning,2.416666666666667,False,0.0,21.0,0.0,commits
TEAM_08,2025.2,-98,0.0,Lower evaluator score / weaker planning,2.416666666666667,False,0.0,21.0,0.0,commits
TEAM_08,2025.2,-97,0.0,Lower evaluator score / weaker planning,2.416666666666667,False,0.0,21.0,0.0,commits
TEAM_08,2025.2,-96,0.0,Lower evaluator score / weaker planning,2.416666666666667,False,0.0,21.0,0.0,commits
TEAM_08,2025.2,-95,0.0,Lower evaluator score / weaker planning,2.416666666666667,False,0.0,21.0,0.0,commits
TEAM_08,2025.2,-94,0.0,Lower evaluator score / weaker planning,2.416666666666667,False,0.0,21.0,0.0,commits
TEAM_08,2025.2,-93,0.0,Lower evaluator score / weaker planning,2.416666666666667,False,0.0,21.0,0.0,commits
TEAM_08,2025.2,-92,0.0,Lower evaluator score / weaker planning,2.416666666666667,False,0.0,21.0,0.0,commits
TEAM_08,2025.2,-91,0.0,Lower evaluator score / weaker planning,2.416666666666667,False,0.0,21.0,0.0,commits
TEAM_08,2025.2,-90,0.0,Lower evaluator score / weaker planning,2.416666666666667,False,0.0,21.0,0.0,commits
TEAM_08,2025.2,-89,0.0,Lower evaluator score / weaker planning,2.416666666666667,False,0.0,21.0,0.0,commits
TEAM_08,2025.2,-88,0.0,Lower evaluator score / weaker planning,2.416666666666667,False,0.0,21.0,0.0,commits
TEAM_08,2025.2,-87,0.0,Lower evaluator score / weaker planning,2.416666666666667,False,0.0,21.0,0.0,commits
TEAM_08,2025.2,-86,0.0,Lower evaluator score / weaker planning,2.416666666666667,False,0.0,21.0,0.0,commits
TEAM_08,2025.2,-85,0.0,Lower evaluator score / weaker planning,2.416666666666667,False,0.0,21.0,0.0,commits
TEAM_08,2025.2,-84,0.0,Lower evaluator score / weaker planning,2.416666666666667,False,0.0,21.0,0.0,commits
TEAM_08,2025.2,-83,0.0,Lower evaluator score / weaker planning,2.416666666666667,False,0.0,21.0,0.0,commits
TEAM_08,2025.2,-82,0.0,Lower evaluator score / weaker planning,2.416666666666667,False,0.0,21.0,0.0,commits
TEAM_08,2025.2,-81,0.0,Lower evaluator score / weaker planning,2.416666666666667,False,0.0,21.0,0.0,commits
TEAM_08,2025.2,-80,0.0,Lower evaluator score / weaker planning,2.416666666666667,False,0.0,21.0,0.0,commits
TEAM_08,2025.2,-79,0.0,Lower evaluator score / weaker planning,2.416666666666667,False,0.0,21.0,0.0,commits
TEAM_08,2025.2,-78,0.0,Lower evaluator score / weaker planning,2.416666666666667,False,0.0,21.0,0.0,commits
TEAM_08,2025.2,-77,0.0,Lower evaluator score / weaker planning,2.416666666666667,False,0.0,21.0,0.0,commits
TEAM_08,2025.2,-76,0.0,Lower evaluator score / weaker planning,2.416666666666667,False,0.0,21.0,0.0,commits
TEAM_08,2025.2,-75,0.0,Lower evaluator score / weaker planning,2.416666666666667,False,0.0,21.0,0.0,commits
TEAM_08,2025.2,-74,0.0,Lower evaluator score / weaker planning,2.416666666666667,False,0.0,21.0,0.0,commits
TEAM_08,2025.2,-73,0.0,Lower evaluator score / weaker planning,2.416666666666667,False,0.0,21.0,0.0,commits
TEAM_08,2025.2,-72,0.0,Lower evaluator score / weaker planning,2.416666666666667,False,0.0,21.0,0.0,commits
TEAM_08,2025.2,-71,0.0,Lower evaluator score / weaker planning,2.416666666666667,False,0.0,21.0,0.0,commits
TEAM_08,2025.2,-70,0.0,Lower evaluator score / weaker planning,2.416666666666667,False,0.0,21.0,0.0,commits
TEAM_08,2025.2,-69,0.0,Lower evaluator score / weaker planning,2.416666666666667,False,0.0,21.0,0.0,commits
TEAM_08,2025.2,-68,0.0,Lower evaluator score / weaker planning,2.416666666666667,False,0.0,21.0,0.0,commits
TEAM_08,2025.2,-67,0.0,Lower evaluator score / weaker planning,2.416666666666667,False,0.0,21.0,0.0,commits
TEAM_08,2025.2,-66,0.0,Lower evaluator score / weaker planning,2.416666666666667,False,0.0,21.0,0.0,commits
TEAM_08,2025.2,-65,0.0,Lower evaluator score / weaker planning,2.416666666666667,False,0.0,21.0,0.0,commits
TEAM_08,2025.2,-64,0.0,Lower evaluator score / weaker planning,2.416666666666667,False,0.0,21.0,0.0,commits
TEAM_08,2025.2,-63,0.0,Lower evaluator score / weaker planning,2.416666666666667,False,0.0,21.0,0.0,commits
TEAM_08,2025.2,-62,0.0,Lower evaluator score / weaker planning,2.416666666666667,False,0.0,21.0,0.0,commits
TEAM_08,2025.2,-61,0.0,Lower evaluator score / weaker planning,2.416666666666667,False,0.0,21.0,0.0,commits
TEAM_08,2025.2,-60,0.0,Lower evaluator score / weaker planning,2.416666666666667,False,0.0,21.0,0.0,commits
TEAM_08,2025.2,-59,0.0,Lower evaluator score / weaker planning,2.416666666666667,False,0.0,21.0,0.0,commits
TEAM_08,2025.2,-58,0.0,Lower evaluator score / weaker planning,2.416666666666667,False,0.0,21.0,0.0,commits
TEAM_08,2025.2,-57,0.0,Lower evaluator score / weaker planning,2.416666666666667,False,0.0,21.0,0.0,commits
TEAM_08,2025.2,-56,0.0,Lower evaluator score / weaker planning,2.416666666666667,False,0.0,21.0,0.0,commits
TEAM_08,2025.2,-55,0.0,Lower evaluator score / weaker planning,2.416666666666667,False,0.0,21.0,0.0,commits
TEAM_08,2025.2,-54,0.0,Lower evaluator score / weaker planning,2.416666666666667,False,0.0,21.0,0.0,commits
TEAM_08,2025.2,-53,0.0,Lower evaluator score / weaker planning,2.416666666666667,False,0.0,21.0,0.0,commits
TEAM_08,2025.2,-52,0.0,Lower evaluator score / weaker planning,2.416666666666667,False,0.0,21.0,0.0,commits
TEAM_08,2025.2,-51,0.0,Lower evaluator score / weaker planning,2.416666666666667,False,0.0,21.0,0.0,commits
TEAM_08,2025.2,-50,0.0,Lower evaluator score / weaker planning,2.416666666666667,False,0.0,21.0,0.0,commits
TEAM_08,2025.2,-49,0.0,Lower evaluator score / weaker planning,2.416666666666667,False,0.0,21.0,0.0,commits
TEAM_08,2025.2,-48,0.0,Lower evaluator score / weaker planning,2.416666666666667,False,0.0,21.0,0.0,commits
TEAM_08,2025.2,-47,0.0,Lower evaluator score / weaker planning,2.416666666666667,False,0.0,21.0,0.0,commits
TEAM_08,2025.2,-46,0.0,Lower evaluator score / weaker planning,2.416666666666667,False,0.0,21.0,0.0,commits
TEAM_08,2025.2,-45,0.0,Lower evaluator score / weaker planning,2.416666666666667,False,0.0,21.0,0.0,commits
TEAM_08,2025.2,-44,0.0,Lower evaluator score / weaker planning,2.416666666666667,False,0.0,21.0,0.0,commits
TEAM_08,2025.2,-43,0.0,Lower evaluator score / weaker planning,2.416666666666667,False,0.0,21.0,0.0,commits
TEAM_08,2025.2,-42,0.0,Lower evaluator score / weaker planning,2.416666666666667,False,0.0,21.0,0.0,commits
TEAM_08,2025.2,-41,2.0,Lower evaluator score / weaker planning,2.416666666666667,False,0.0,21.0,9.523809523809524,commits
TEAM_08,2025.2,-40,2.0,Lower evaluator score / weaker planning,2.416666666666667,False,0.0,21.0,9.523809523809524,commits
TEAM_08,2025.2,-39,2.0,Lower evaluator score / weaker planning,2.416666666666667,False,0.0,21.0,9.523809523809524,commits
TEAM_08,2025.2,-38,2.0,Lower evaluator score / weaker planning,2.416666666666667,False,0.0,21.0,9.523809523809524,commits
TEAM_08,2025.2,-37,2.0,Lower evaluator score / weaker planning,2.416666666666667,False,0.0,21.0,9.523809523809524,commits
TEAM_08,2025.2,-36,2.0,Lower evaluator score / weaker planning,2.416666666666667,False,0.0,21.0,9.523809523809524,commits
TEAM_08,2025.2,-35,2.0,Lower evaluator score / weaker planning,2.416666666666667,False,0.0,21.0,9.523809523809524,commits
TEAM_08,2025.2,-34,0.0,Lower evaluator score / weaker planning,2.416666666666667,False,0.0,21.0,0.0,commits
TEAM_08,2025.2,-33,0.0,Lower evaluator score / weaker planning,2.416666666666667,False,0.0,21.0,0.0,commits
TEAM_08,2025.2,-32,0.0,Lower evaluator score / weaker planning,2.416666666666667,False,0.0,21.0,0.0,commits
TEAM_08,2025.2,-31,2.0,Lower evaluator score / weaker planning,2.416666666666667,False,0.0,21.0,9.523809523809524,commits
TEAM_08,2025.2,-30,5.0,Lower evaluator score / weaker planning,2.416666666666667,False,0.0,21.0,23.80952380952381,commits
TEAM_08,2025.2,-29,18.0,Lower evaluator score / weaker planning,2.416666666666667,False,0.0,21.0,85.71428571428571,commits
TEAM_08,2025.2,-28,18.0,Lower evaluator score / weaker planning,2.416666666666667,False,0.0,21.0,85.71428571428571,commits
TEAM_08,2025.2,-27,21.0,Lower evaluator score / weaker planning,2.416666666666667,False,0.0,21.0,100.0,commits
TEAM_08,2025.2,-26,21.0,Lower evaluator score / weaker planning,2.416666666666667,False,0.0,21.0,100.0,commits
TEAM_08,2025.2,-25,21.0,Lower evaluator score / weaker planning,2.416666666666667,False,0.0,21.0,100.0,commits
TEAM_08,2025.2,-24,19.0,Lower evaluator score / weaker planning,2.416666666666667,False,0.0,21.0,90.47619047619048,commits
TEAM_08,2025.2,-23,16.0,Lower evaluator score / weaker planning,2.416666666666667,False,0.0,21.0,76.19047619047619,commits
TEAM_08,2025.2,-22,3.0,Lower evaluator score / weaker planning,2.416666666666667,False,0.0,21.0,14.285714285714286,commits
TEAM_08,2025.2,-21,3.0,Lower evaluator score / weaker planning,2.416666666666667,False,0.0,21.0,14.285714285714286,commits
TEAM_08,2025.2,-20,0.0,Lower evaluator score / weaker planning,2.416666666666667,False,0.0,21.0,0.0,commits
TEAM_08,2025.2,-19,0.0,Lower evaluator score / weaker planning,2.416666666666667,False,0.0,21.0,0.0,commits
TEAM_08,2025.2,-18,2.0,Lower evaluator score / weaker planning,2.416666666666667,False,0.0,21.0,9.523809523809524,commits
TEAM_08,2025.2,-17,2.0,Lower evaluator score / weaker planning,2.416666666666667,False,0.0,21.0,9.523809523809524,commits
TEAM_08,2025.2,-16,2.0,Lower evaluator score / weaker planning,2.416666666666667,False,0.0,21.0,9.523809523809524,commits
TEAM_08,2025.2,-15,2.0,Lower evaluator score / weaker planning,2.416666666666667,False,0.0,21.0,9.523809523809524,commits
TEAM_08,2025.2,-14,2.0,Lower evaluator score / weaker planning,2.416666666666667,False,0.0,21.0,9.523809523809524,commits
TEAM_08,2025.2,-13,2.0,Lower evaluator score / weaker planning,2.416666666666667,False,0.0,21.0,9.523809523809524,commits
TEAM_08,2025.2,-12,2.0,Lower evaluator score / weaker planning,2.416666666666667,False,0.0,21.0,9.523809523809524,commits
TEAM_08,2025.2,-11,0.0,Lower evaluator score / weaker planning,2.416666666666667,False,0.0,21.0,0.0,commits
TEAM_08,2025.2,-10,0.0,Lower evaluator score / weaker planning,2.416666666666667,False,0.0,21.0,0.0,commits
TEAM_08,2025.2,-9,0.0,Lower evaluator score / weaker planning,2.416666666666667,False,0.0,21.0,0.0,commits
TEAM_08,2025.2,-8,0.0,Lower evaluator score / weaker planning,2.416666666666667,False,0.0,21.0,0.0,commits
TEAM_08,2025.2,-7,0.0,Lower evaluator score / weaker planning,2.416666666666667,False,0.0,21.0,0.0,commits
TEAM_08,2025.2,-6,0.0,Lower evaluator score / weaker planning,2.416666666666667,False,0.0,21.0,0.0,commits
TEAM_08,2025.2,-5,0.0,Lower evaluator score / weaker planning,2.416666666666667,False,0.0,21.0,0.0,commits
TEAM_08,2025.2,-4,0.0,Lower evaluator score / weaker planning,2.416666666666667,False,0.0,21.0,0.0,commits
TEAM_08,2025.2,-3,0.0,Lower evaluator score / weaker planning,2.416666666666667,False,0.0,21.0,0.0,commits
TEAM_08,2025.2,-2,0.0,Lower evaluator score / weaker planning,2.416666666666667,False,0.0,21.0,0.0,commits
TEAM_08,2025.2,-1,0.0,Lower evaluator score / weaker planning,2.416666666666667,False,0.0,21.0,0.0,commits
TEAM_08,2025.2,0,1.0,Lower evaluator score / weaker planning,2.416666666666667,False,0.0,21.0,4.761904761904762,commits
TEAM_09,2025.2,-110,0.0,Lower evaluator score / weaker planning,2.2083333333333335,True,1.0986122886681096,52.0,0.0,commits
TEAM_09,2025.2,-109,0.0,Lower evaluator score / weaker planning,2.2083333333333335,True,1.0986122886681096,52.0,0.0,commits
TEAM_09,2025.2,-108,0.0,Lower evaluator score / weaker planning,2.2083333333333335,True,1.0986122886681096,52.0,0.0,commits
TEAM_09,2025.2,-107,0.0,Lower evaluator score / weaker planning,2.2083333333333335,True,1.0986122886681096,52.0,0.0,commits
TEAM_09,2025.2,-106,0.0,Lower evaluator score / weaker planning,2.2083333333333335,True,1.0986122886681096,52.0,0.0,commits
TEAM_09,2025.2,-105,0.0,Lower evaluator score / weaker planning,2.2083333333333335,True,1.0986122886681096,52.0,0.0,commits
TEAM_09,2025.2,-104,0.0,Lower evaluator score / weaker planning,2.2083333333333335,True,1.0986122886681096,52.0,0.0,commits
TEAM_09,2025.2,-103,0.0,Lower evaluator score / weaker planning,2.2083333333333335,True,1.0986122886681096,52.0,0.0,commits
TEAM_09,2025.2,-102,0.0,Lower evaluator score / weaker planning,2.2083333333333335,True,1.0986122886681096,52.0,0.0,commits
TEAM_09,2025.2,-101,0.0,Lower evaluator score / weaker planning,2.2083333333333335,True,1.0986122886681096,52.0,0.0,commits
TEAM_09,2025.2,-100,0.0,Lower evaluator score / weaker planning,2.2083333333333335,True,1.0986122886681096,52.0,0.0,commits
TEAM_09,2025.2,-99,0.0,Lower evaluator score / weaker planning,2.2083333333333335,True,1.0986122886681096,52.0,0.0,commits
TEAM_09,2025.2,-98,0.0,Lower evaluator score / weaker planning,2.2083333333333335,True,1.0986122886681096,52.0,0.0,commits
TEAM_09,2025.2,-97,0.0,Lower evaluator score / weaker planning,2.2083333333333335,True,1.0986122886681096,52.0,0.0,commits
TEAM_09,2025.2,-96,0.0,Lower evaluator score / weaker planning,2.2083333333333335,True,1.0986122886681096,52.0,0.0,commits
TEAM_09,2025.2,-95,0.0,Lower evaluator score / weaker planning,2.2083333333333335,True,1.0986122886681096,52.0,0.0,commits
TEAM_09,2025.2,-94,0.0,Lower evaluator score / weaker planning,2.2083333333333335,True,1.0986122886681096,52.0,0.0,commits
TEAM_09,2025.2,-93,0.0,Lower evaluator score / weaker planning,2.2083333333333335,True,1.0986122886681096,52.0,0.0,commits
TEAM_09,2025.2,-92,0.0,Lower evaluator score / weaker planning,2.2083333333333335,True,1.0986122886681096,52.0,0.0,commits
TEAM_09,2025.2,-91,0.0,Lower evaluator score / weaker planning,2.2083333333333335,True,1.0986122886681096,52.0,0.0,commits
TEAM_09,2025.2,-90,0.0,Lower evaluator score / weaker planning,2.2083333333333335,True,1.0986122886681096,52.0,0.0,commits
TEAM_09,2025.2,-89,0.0,Lower evaluator score / weaker planning,2.2083333333333335,True,1.0986122886681096,52.0,0.0,commits
TEAM_09,2025.2,-88,0.0,Lower evaluator score / weaker planning,2.2083333333333335,True,1.0986122886681096,52.0,0.0,commits
TEAM_09,2025.2,-87,0.0,Lower evaluator score / weaker planning,2.2083333333333335,True,1.0986122886681096,52.0,0.0,commits
TEAM_09,2025.2,-86,0.0,Lower evaluator score / weaker planning,2.2083333333333335,True,1.0986122886681096,52.0,0.0,commits
TEAM_09,2025.2,-85,0.0,Lower evaluator score / weaker planning,2.2083333333333335,True,1.0986122886681096,52.0,0.0,commits
TEAM_09,2025.2,-84,0.0,Lower evaluator score / weaker planning,2.2083333333333335,True,1.0986122886681096,52.0,0.0,commits
TEAM_09,2025.2,-83,0.0,Lower evaluator score / weaker planning,2.2083333333333335,True,1.0986122886681096,52.0,0.0,commits
TEAM_09,2025.2,-82,0.0,Lower evaluator score / weaker planning,2.2083333333333335,True,1.0986122886681096,52.0,0.0,commits
TEAM_09,2025.2,-81,0.0,Lower evaluator score / weaker planning,2.2083333333333335,True,1.0986122886681096,52.0,0.0,commits
TEAM_09,2025.2,-80,0.0,Lower evaluator score / weaker planning,2.2083333333333335,True,1.0986122886681096,52.0,0.0,commits
TEAM_09,2025.2,-79,0.0,Lower evaluator score / weaker planning,2.2083333333333335,True,1.0986122886681096,52.0,0.0,commits
TEAM_09,2025.2,-78,0.0,Lower evaluator score / weaker planning,2.2083333333333335,True,1.0986122886681096,52.0,0.0,commits
TEAM_09,2025.2,-77,0.0,Lower evaluator score / weaker planning,2.2083333333333335,True,1.0986122886681096,52.0,0.0,commits
TEAM_09,2025.2,-76,0.0,Lower evaluator score / weaker planning,2.2083333333333335,True,1.0986122886681096,52.0,0.0,commits
TEAM_09,2025.2,-75,0.0,Lower evaluator score / weaker planning,2.2083333333333335,True,1.0986122886681096,52.0,0.0,commits
TEAM_09,2025.2,-74,0.0,Lower evaluator score / weaker planning,2.2083333333333335,True,1.0986122886681096,52.0,0.0,commits
TEAM_09,2025.2,-73,0.0,Lower evaluator score / weaker planning,2.2083333333333335,True,1.0986122886681096,52.0,0.0,commits
TEAM_09,2025.2,-72,0.0,Lower evaluator score / weaker planning,2.2083333333333335,True,1.0986122886681096,52.0,0.0,commits
TEAM_09,2025.2,-71,0.0,Lower evaluator score / weaker planning,2.2083333333333335,True,1.0986122886681096,52.0,0.0,commits
TEAM_09,2025.2,-70,1.0,Lower evaluator score / weaker planning,2.2083333333333335,True,1.0986122886681096,52.0,1.9230769230769231,commits
TEAM_09,2025.2,-69,1.0,Lower evaluator score / weaker planning,2.2083333333333335,True,1.0986122886681096,52.0,1.9230769230769231,commits
TEAM_09,2025.2,-68,1.0,Lower evaluator score / weaker planning,2.2083333333333335,True,1.0986122886681096,52.0,1.9230769230769231,commits
TEAM_09,2025.2,-67,1.0,Lower evaluator score / weaker planning,2.2083333333333335,True,1.0986122886681096,52.0,1.9230769230769231,commits
TEAM_09,2025.2,-66,1.0,Lower evaluator score / weaker planning,2.2083333333333335,True,1.0986122886681096,52.0,1.9230769230769231,commits
TEAM_09,2025.2,-65,1.0,Lower evaluator score / weaker planning,2.2083333333333335,True,1.0986122886681096,52.0,1.9230769230769231,commits
TEAM_09,2025.2,-64,1.0,Lower evaluator score / weaker planning,2.2083333333333335,True,1.0986122886681096,52.0,1.9230769230769231,commits
TEAM_09,2025.2,-63,0.0,Lower evaluator score / weaker planning,2.2083333333333335,True,1.0986122886681096,52.0,0.0,commits
TEAM_09,2025.2,-62,0.0,Lower evaluator score / weaker planning,2.2083333333333335,True,1.0986122886681096,52.0,0.0,commits
TEAM_09,2025.2,-61,0.0,Lower evaluator score / weaker planning,2.2083333333333335,True,1.0986122886681096,52.0,0.0,commits
TEAM_09,2025.2,-60,0.0,Lower evaluator score / weaker planning,2.2083333333333335,True,1.0986122886681096,52.0,0.0,commits
TEAM_09,2025.2,-59,0.0,Lower evaluator score / weaker planning,2.2083333333333335,True,1.0986122886681096,52.0,0.0,commits
TEAM_09,2025.2,-58,0.0,Lower evaluator score / weaker planning,2.2083333333333335,True,1.0986122886681096,52.0,0.0,commits
TEAM_09,2025.2,-57,0.0,Lower evaluator score / weaker planning,2.2083333333333335,True,1.0986122886681096,52.0,0.0,commits
TEAM_09,2025.2,-56,0.0,Lower evaluator score / weaker planning,2.2083333333333335,True,1.0986122886681096,52.0,0.0,commits
TEAM_09,2025.2,-55,0.0,Lower evaluator score / weaker planning,2.2083333333333335,True,1.0986122886681096,52.0,0.0,commits
TEAM_09,2025.2,-54,0.0,Lower evaluator score / weaker planning,2.2083333333333335,True,1.0986122886681096,52.0,0.0,commits
TEAM_09,2025.2,-53,0.0,Lower evaluator score / weaker planning,2.2083333333333335,True,1.0986122886681096,52.0,0.0,commits
TEAM_09,2025.2,-52,0.0,Lower evaluator score / weaker planning,2.2083333333333335,True,1.0986122886681096,52.0,0.0,commits
TEAM_09,2025.2,-51,0.0,Lower evaluator score / weaker planning,2.2083333333333335,True,1.0986122886681096,52.0,0.0,commits
TEAM_09,2025.2,-50,0.0,Lower evaluator score / weaker planning,2.2083333333333335,True,1.0986122886681096,52.0,0.0,commits
TEAM_09,2025.2,-49,0.0,Lower evaluator score / weaker planning,2.2083333333333335,True,1.0986122886681096,52.0,0.0,commits
TEAM_09,2025.2,-48,0.0,Lower evaluator score / weaker planning,2.2083333333333335,True,1.0986122886681096,52.0,0.0,commits
TEAM_09,2025.2,-47,0.0,Lower evaluator score / weaker planning,2.2083333333333335,True,1.0986122886681096,52.0,0.0,commits
TEAM_09,2025.2,-46,0.0,Lower evaluator score / weaker planning,2.2083333333333335,True,1.0986122886681096,52.0,0.0,commits
TEAM_09,2025.2,-45,4.0,Lower evaluator score / weaker planning,2.2083333333333335,True,1.0986122886681096,52.0,7.6923076923076925,commits
TEAM_09,2025.2,-44,4.0,Lower evaluator score / weaker planning,2.2083333333333335,True,1.0986122886681096,52.0,7.6923076923076925,commits
TEAM_09,2025.2,-43,4.0,Lower evaluator score / weaker planning,2.2083333333333335,True,1.0986122886681096,52.0,7.6923076923076925,commits
TEAM_09,2025.2,-42,16.0,Lower evaluator score / weaker planning,2.2083333333333335,True,1.0986122886681096,52.0,30.76923076923077,commits
TEAM_09,2025.2,-41,16.0,Lower evaluator score / weaker planning,2.2083333333333335,True,1.0986122886681096,52.0,30.76923076923077,commits
TEAM_09,2025.2,-40,16.0,Lower evaluator score / weaker planning,2.2083333333333335,True,1.0986122886681096,52.0,30.76923076923077,commits
TEAM_09,2025.2,-39,16.0,Lower evaluator score / weaker planning,2.2083333333333335,True,1.0986122886681096,52.0,30.76923076923077,commits
TEAM_09,2025.2,-38,12.0,Lower evaluator score / weaker planning,2.2083333333333335,True,1.0986122886681096,52.0,23.076923076923077,commits
TEAM_09,2025.2,-37,12.0,Lower evaluator score / weaker planning,2.2083333333333335,True,1.0986122886681096,52.0,23.076923076923077,commits
TEAM_09,2025.2,-36,13.0,Lower evaluator score / weaker planning,2.2083333333333335,True,1.0986122886681096,52.0,25.0,commits
TEAM_09,2025.2,-35,1.0,Lower evaluator score / weaker planning,2.2083333333333335,True,1.0986122886681096,52.0,1.9230769230769231,commits
TEAM_09,2025.2,-34,1.0,Lower evaluator score / weaker planning,2.2083333333333335,True,1.0986122886681096,52.0,1.9230769230769231,commits
TEAM_09,2025.2,-33,1.0,Lower evaluator score / weaker planning,2.2083333333333335,True,1.0986122886681096,52.0,1.9230769230769231,commits
TEAM_09,2025.2,-32,1.0,Lower evaluator score / weaker planning,2.2083333333333335,True,1.0986122886681096,52.0,1.9230769230769231,commits
TEAM_09,2025.2,-31,1.0,Lower evaluator score / weaker planning,2.2083333333333335,True,1.0986122886681096,52.0,1.9230769230769231,commits
TEAM_09,2025.2,-30,1.0,Lower evaluator score / weaker planning,2.2083333333333335,True,1.0986122886681096,52.0,1.9230769230769231,commits
TEAM_09,2025.2,-29,1.0,Lower evaluator score / weaker planning,2.2083333333333335,True,1.0986122886681096,52.0,1.9230769230769231,commits
TEAM_09,2025.2,-28,1.0,Lower evaluator score / weaker planning,2.2083333333333335,True,1.0986122886681096,52.0,1.9230769230769231,commits
TEAM_09,2025.2,-27,1.0,Lower evaluator score / weaker planning,2.2083333333333335,True,1.0986122886681096,52.0,1.9230769230769231,commits
TEAM_09,2025.2,-26,3.0,Lower evaluator score / weaker planning,2.2083333333333335,True,1.0986122886681096,52.0,5.769230769230769,commits
TEAM_09,2025.2,-25,4.0,Lower evaluator score / weaker planning,2.2083333333333335,True,1.0986122886681096,52.0,7.6923076923076925,commits
TEAM_09,2025.2,-24,5.0,Lower evaluator score / weaker planning,2.2083333333333335,True,1.0986122886681096,52.0,9.615384615384615,commits
TEAM_09,2025.2,-23,5.0,Lower evaluator score / weaker planning,2.2083333333333335,True,1.0986122886681096,52.0,9.615384615384615,commits
TEAM_09,2025.2,-22,6.0,Lower evaluator score / weaker planning,2.2083333333333335,True,1.0986122886681096,52.0,11.538461538461538,commits
TEAM_09,2025.2,-21,11.0,Lower evaluator score / weaker planning,2.2083333333333335,True,1.0986122886681096,52.0,21.153846153846153,commits
TEAM_09,2025.2,-20,11.0,Lower evaluator score / weaker planning,2.2083333333333335,True,1.0986122886681096,52.0,21.153846153846153,commits
TEAM_09,2025.2,-19,9.0,Lower evaluator score / weaker planning,2.2083333333333335,True,1.0986122886681096,52.0,17.307692307692307,commits
TEAM_09,2025.2,-18,8.0,Lower evaluator score / weaker planning,2.2083333333333335,True,1.0986122886681096,52.0,15.384615384615385,commits
TEAM_09,2025.2,-17,9.0,Lower evaluator score / weaker planning,2.2083333333333335,True,1.0986122886681096,52.0,17.307692307692307,commits
TEAM_09,2025.2,-16,28.0,Lower evaluator score / weaker planning,2.2083333333333335,True,1.0986122886681096,52.0,53.84615384615385,commits
TEAM_09,2025.2,-15,27.0,Lower evaluator score / weaker planning,2.2083333333333335,True,1.0986122886681096,52.0,51.92307692307692,commits
TEAM_09,2025.2,-14,25.0,Lower evaluator score / weaker planning,2.2083333333333335,True,1.0986122886681096,52.0,48.07692307692308,commits
TEAM_09,2025.2,-13,25.0,Lower evaluator score / weaker planning,2.2083333333333335,True,1.0986122886681096,52.0,48.07692307692308,commits
TEAM_09,2025.2,-12,25.0,Lower evaluator score / weaker planning,2.2083333333333335,True,1.0986122886681096,52.0,48.07692307692308,commits
TEAM_09,2025.2,-11,25.0,Lower evaluator score / weaker planning,2.2083333333333335,True,1.0986122886681096,52.0,48.07692307692308,commits
TEAM_09,2025.2,-10,23.0,Lower evaluator score / weaker planning,2.2083333333333335,True,1.0986122886681096,52.0,44.23076923076923,commits
TEAM_09,2025.2,-9,4.0,Lower evaluator score / weaker planning,2.2083333333333335,True,1.0986122886681096,52.0,7.6923076923076925,commits
TEAM_09,2025.2,-8,3.0,Lower evaluator score / weaker planning,2.2083333333333335,True,1.0986122886681096,52.0,5.769230769230769,commits
TEAM_09,2025.2,-7,0.0,Lower evaluator score / weaker planning,2.2083333333333335,True,1.0986122886681096,52.0,0.0,commits
TEAM_09,2025.2,-6,0.0,Lower evaluator score / weaker planning,2.2083333333333335,True,1.0986122886681096,52.0,0.0,commits
TEAM_09,2025.2,-5,0.0,Lower evaluator score / weaker planning,2.2083333333333335,True,1.0986122886681096,52.0,0.0,commits
TEAM_09,2025.2,-4,0.0,Lower evaluator score / weaker planning,2.2083333333333335,True,1.0986122886681096,52.0,0.0,commits
TEAM_09,2025.2,-3,6.0,Lower evaluator score / weaker planning,2.2083333333333335,True,1.0986122886681096,52.0,11.538461538461538,commits
TEAM_09,2025.2,-2,6.0,Lower evaluator score / weaker planning,2.2083333333333335,True,1.0986122886681096,52.0,11.538461538461538,commits
TEAM_09,2025.2,-1,19.0,Lower evaluator score / weaker planning,2.2083333333333335,True,1.0986122886681096,52.0,36.53846153846154,commits
TEAM_09,2025.2,0,52.0,Lower evaluator score / weaker planning,2.2083333333333335,True,1.0986122886681096,52.0,100.0,commits
TEAM_10,2025.2,-110,0.0,Lower evaluator score / weaker planning,2.4375,False,0.0,8.0,0.0,commits
TEAM_10,2025.2,-109,0.0,Lower evaluator score / weaker planning,2.4375,False,0.0,8.0,0.0,commits
TEAM_10,2025.2,-108,0.0,Lower evaluator score / weaker planning,2.4375,False,0.0,8.0,0.0,commits
TEAM_10,2025.2,-107,0.0,Lower evaluator score / weaker planning,2.4375,False,0.0,8.0,0.0,commits
TEAM_10,2025.2,-106,0.0,Lower evaluator score / weaker planning,2.4375,False,0.0,8.0,0.0,commits
TEAM_10,2025.2,-105,0.0,Lower evaluator score / weaker planning,2.4375,False,0.0,8.0,0.0,commits
TEAM_10,2025.2,-104,0.0,Lower evaluator score / weaker planning,2.4375,False,0.0,8.0,0.0,commits
TEAM_10,2025.2,-103,0.0,Lower evaluator score / weaker planning,2.4375,False,0.0,8.0,0.0,commits
TEAM_10,2025.2,-102,0.0,Lower evaluator score / weaker planning,2.4375,False,0.0,8.0,0.0,commits
TEAM_10,2025.2,-101,0.0,Lower evaluator score / weaker planning,2.4375,False,0.0,8.0,0.0,commits
TEAM_10,2025.2,-100,0.0,Lower evaluator score / weaker planning,2.4375,False,0.0,8.0,0.0,commits
TEAM_10,2025.2,-99,0.0,Lower evaluator score / weaker planning,2.4375,False,0.0,8.0,0.0,commits
TEAM_10,2025.2,-98,0.0,Lower evaluator score / weaker planning,2.4375,False,0.0,8.0,0.0,commits
TEAM_10,2025.2,-97,0.0,Lower evaluator score / weaker planning,2.4375,False,0.0,8.0,0.0,commits
TEAM_10,2025.2,-96,0.0,Lower evaluator score / weaker planning,2.4375,False,0.0,8.0,0.0,commits
TEAM_10,2025.2,-95,0.0,Lower evaluator score / weaker planning,2.4375,False,0.0,8.0,0.0,commits
TEAM_10,2025.2,-94,0.0,Lower evaluator score / weaker planning,2.4375,False,0.0,8.0,0.0,commits
TEAM_10,2025.2,-93,0.0,Lower evaluator score / weaker planning,2.4375,False,0.0,8.0,0.0,commits
TEAM_10,2025.2,-92,0.0,Lower evaluator score / weaker planning,2.4375,False,0.0,8.0,0.0,commits
TEAM_10,2025.2,-91,0.0,Lower evaluator score / weaker planning,2.4375,False,0.0,8.0,0.0,commits
TEAM_10,2025.2,-90,0.0,Lower evaluator score / weaker planning,2.4375,False,0.0,8.0,0.0,commits
TEAM_10,2025.2,-89,0.0,Lower evaluator score / weaker planning,2.4375,False,0.0,8.0,0.0,commits
TEAM_10,2025.2,-88,0.0,Lower evaluator score / weaker planning,2.4375,False,0.0,8.0,0.0,commits
TEAM_10,2025.2,-87,0.0,Lower evaluator score / weaker planning,2.4375,False,0.0,8.0,0.0,commits
TEAM_10,2025.2,-86,0.0,Lower evaluator score / weaker planning,2.4375,False,0.0,8.0,0.0,commits
TEAM_10,2025.2,-85,0.0,Lower evaluator score / weaker planning,2.4375,False,0.0,8.0,0.0,commits
TEAM_10,2025.2,-84,0.0,Lower evaluator score / weaker planning,2.4375,False,0.0,8.0,0.0,commits
TEAM_10,2025.2,-83,0.0,Lower evaluator score / weaker planning,2.4375,False,0.0,8.0,0.0,commits
TEAM_10,2025.2,-82,0.0,Lower evaluator score / weaker planning,2.4375,False,0.0,8.0,0.0,commits
TEAM_10,2025.2,-81,0.0,Lower evaluator score / weaker planning,2.4375,False,0.0,8.0,0.0,commits
TEAM_10,2025.2,-80,0.0,Lower evaluator score / weaker planning,2.4375,False,0.0,8.0,0.0,commits
TEAM_10,2025.2,-79,0.0,Lower evaluator score / weaker planning,2.4375,False,0.0,8.0,0.0,commits
TEAM_10,2025.2,-78,0.0,Lower evaluator score / weaker planning,2.4375,False,0.0,8.0,0.0,commits
TEAM_10,2025.2,-77,0.0,Lower evaluator score / weaker planning,2.4375,False,0.0,8.0,0.0,commits
TEAM_10,2025.2,-76,0.0,Lower evaluator score / weaker planning,2.4375,False,0.0,8.0,0.0,commits
TEAM_10,2025.2,-75,0.0,Lower evaluator score / weaker planning,2.4375,False,0.0,8.0,0.0,commits
TEAM_10,2025.2,-74,0.0,Lower evaluator score / weaker planning,2.4375,False,0.0,8.0,0.0,commits
TEAM_10,2025.2,-73,0.0,Lower evaluator score / weaker planning,2.4375,False,0.0,8.0,0.0,commits
TEAM_10,2025.2,-72,0.0,Lower evaluator score / weaker planning,2.4375,False,0.0,8.0,0.0,commits
TEAM_10,2025.2,-71,0.0,Lower evaluator score / weaker planning,2.4375,False,0.0,8.0,0.0,commits
TEAM_10,2025.2,-70,0.0,Lower evaluator score / weaker planning,2.4375,False,0.0,8.0,0.0,commits
TEAM_10,2025.2,-69,0.0,Lower evaluator score / weaker planning,2.4375,False,0.0,8.0,0.0,commits
TEAM_10,2025.2,-68,0.0,Lower evaluator score / weaker planning,2.4375,False,0.0,8.0,0.0,commits
TEAM_10,2025.2,-67,0.0,Lower evaluator score / weaker planning,2.4375,False,0.0,8.0,0.0,commits
TEAM_10,2025.2,-66,0.0,Lower evaluator score / weaker planning,2.4375,False,0.0,8.0,0.0,commits
TEAM_10,2025.2,-65,0.0,Lower evaluator score / weaker planning,2.4375,False,0.0,8.0,0.0,commits
TEAM_10,2025.2,-64,0.0,Lower evaluator score / weaker planning,2.4375,False,0.0,8.0,0.0,commits
TEAM_10,2025.2,-63,0.0,Lower evaluator score / weaker planning,2.4375,False,0.0,8.0,0.0,commits
TEAM_10,2025.2,-62,0.0,Lower evaluator score / weaker planning,2.4375,False,0.0,8.0,0.0,commits
TEAM_10,2025.2,-61,0.0,Lower evaluator score / weaker planning,2.4375,False,0.0,8.0,0.0,commits
TEAM_10,2025.2,-60,0.0,Lower evaluator score / weaker planning,2.4375,False,0.0,8.0,0.0,commits
TEAM_10,2025.2,-59,0.0,Lower evaluator score / weaker planning,2.4375,False,0.0,8.0,0.0,commits
TEAM_10,2025.2,-58,0.0,Lower evaluator score / weaker planning,2.4375,False,0.0,8.0,0.0,commits
TEAM_10,2025.2,-57,0.0,Lower evaluator score / weaker planning,2.4375,False,0.0,8.0,0.0,commits
TEAM_10,2025.2,-56,0.0,Lower evaluator score / weaker planning,2.4375,False,0.0,8.0,0.0,commits
TEAM_10,2025.2,-55,0.0,Lower evaluator score / weaker planning,2.4375,False,0.0,8.0,0.0,commits
TEAM_10,2025.2,-54,0.0,Lower evaluator score / weaker planning,2.4375,False,0.0,8.0,0.0,commits
TEAM_10,2025.2,-53,0.0,Lower evaluator score / weaker planning,2.4375,False,0.0,8.0,0.0,commits
TEAM_10,2025.2,-52,0.0,Lower evaluator score / weaker planning,2.4375,False,0.0,8.0,0.0,commits
TEAM_10,2025.2,-51,0.0,Lower evaluator score / weaker planning,2.4375,False,0.0,8.0,0.0,commits
TEAM_10,2025.2,-50,0.0,Lower evaluator score / weaker planning,2.4375,False,0.0,8.0,0.0,commits
TEAM_10,2025.2,-49,0.0,Lower evaluator score / weaker planning,2.4375,False,0.0,8.0,0.0,commits
TEAM_10,2025.2,-48,0.0,Lower evaluator score / weaker planning,2.4375,False,0.0,8.0,0.0,commits
TEAM_10,2025.2,-47,0.0,Lower evaluator score / weaker planning,2.4375,False,0.0,8.0,0.0,commits
TEAM_10,2025.2,-46,0.0,Lower evaluator score / weaker planning,2.4375,False,0.0,8.0,0.0,commits
TEAM_10,2025.2,-45,0.0,Lower evaluator score / weaker planning,2.4375,False,0.0,8.0,0.0,commits
TEAM_10,2025.2,-44,0.0,Lower evaluator score / weaker planning,2.4375,False,0.0,8.0,0.0,commits
TEAM_10,2025.2,-43,0.0,Lower evaluator score / weaker planning,2.4375,False,0.0,8.0,0.0,commits
TEAM_10,2025.2,-42,0.0,Lower evaluator score / weaker planning,2.4375,False,0.0,8.0,0.0,commits
TEAM_10,2025.2,-41,0.0,Lower evaluator score / weaker planning,2.4375,False,0.0,8.0,0.0,commits
TEAM_10,2025.2,-40,0.0,Lower evaluator score / weaker planning,2.4375,False,0.0,8.0,0.0,commits
TEAM_10,2025.2,-39,0.0,Lower evaluator score / weaker planning,2.4375,False,0.0,8.0,0.0,commits
TEAM_10,2025.2,-38,0.0,Lower evaluator score / weaker planning,2.4375,False,0.0,8.0,0.0,commits
TEAM_10,2025.2,-37,0.0,Lower evaluator score / weaker planning,2.4375,False,0.0,8.0,0.0,commits
TEAM_10,2025.2,-36,0.0,Lower evaluator score / weaker planning,2.4375,False,0.0,8.0,0.0,commits
TEAM_10,2025.2,-35,0.0,Lower evaluator score / weaker planning,2.4375,False,0.0,8.0,0.0,commits
TEAM_10,2025.2,-34,0.0,Lower evaluator score / weaker planning,2.4375,False,0.0,8.0,0.0,commits
TEAM_10,2025.2,-33,0.0,Lower evaluator score / weaker planning,2.4375,False,0.0,8.0,0.0,commits
TEAM_10,2025.2,-32,0.0,Lower evaluator score / weaker planning,2.4375,False,0.0,8.0,0.0,commits
TEAM_10,2025.2,-31,0.0,Lower evaluator score / weaker planning,2.4375,False,0.0,8.0,0.0,commits
TEAM_10,2025.2,-30,3.0,Lower evaluator score / weaker planning,2.4375,False,0.0,8.0,37.5,commits
TEAM_10,2025.2,-29,3.0,Lower evaluator score / weaker planning,2.4375,False,0.0,8.0,37.5,commits
TEAM_10,2025.2,-28,3.0,Lower evaluator score / weaker planning,2.4375,False,0.0,8.0,37.5,commits
TEAM_10,2025.2,-27,3.0,Lower evaluator score / weaker planning,2.4375,False,0.0,8.0,37.5,commits
TEAM_10,2025.2,-26,3.0,Lower evaluator score / weaker planning,2.4375,False,0.0,8.0,37.5,commits
TEAM_10,2025.2,-25,3.0,Lower evaluator score / weaker planning,2.4375,False,0.0,8.0,37.5,commits
TEAM_10,2025.2,-24,3.0,Lower evaluator score / weaker planning,2.4375,False,0.0,8.0,37.5,commits
TEAM_10,2025.2,-23,0.0,Lower evaluator score / weaker planning,2.4375,False,0.0,8.0,0.0,commits
TEAM_10,2025.2,-22,6.0,Lower evaluator score / weaker planning,2.4375,False,0.0,8.0,75.0,commits
TEAM_10,2025.2,-21,8.0,Lower evaluator score / weaker planning,2.4375,False,0.0,8.0,100.0,commits
TEAM_10,2025.2,-20,8.0,Lower evaluator score / weaker planning,2.4375,False,0.0,8.0,100.0,commits
TEAM_10,2025.2,-19,8.0,Lower evaluator score / weaker planning,2.4375,False,0.0,8.0,100.0,commits
TEAM_10,2025.2,-18,8.0,Lower evaluator score / weaker planning,2.4375,False,0.0,8.0,100.0,commits
TEAM_10,2025.2,-17,8.0,Lower evaluator score / weaker planning,2.4375,False,0.0,8.0,100.0,commits
TEAM_10,2025.2,-16,8.0,Lower evaluator score / weaker planning,2.4375,False,0.0,8.0,100.0,commits
TEAM_10,2025.2,-15,2.0,Lower evaluator score / weaker planning,2.4375,False,0.0,8.0,25.0,commits
TEAM_10,2025.2,-14,0.0,Lower evaluator score / weaker planning,2.4375,False,0.0,8.0,0.0,commits
TEAM_10,2025.2,-13,0.0,Lower evaluator score / weaker planning,2.4375,False,0.0,8.0,0.0,commits
TEAM_10,2025.2,-12,0.0,Lower evaluator score / weaker planning,2.4375,False,0.0,8.0,0.0,commits
TEAM_10,2025.2,-11,0.0,Lower evaluator score / weaker planning,2.4375,False,0.0,8.0,0.0,commits
TEAM_10,2025.2,-10,0.0,Lower evaluator score / weaker planning,2.4375,False,0.0,8.0,0.0,commits
TEAM_10,2025.2,-9,0.0,Lower evaluator score / weaker planning,2.4375,False,0.0,8.0,0.0,commits
TEAM_10,2025.2,-8,0.0,Lower evaluator score / weaker planning,2.4375,False,0.0,8.0,0.0,commits
TEAM_10,2025.2,-7,0.0,Lower evaluator score / weaker planning,2.4375,False,0.0,8.0,0.0,commits
TEAM_10,2025.2,-6,0.0,Lower evaluator score / weaker planning,2.4375,False,0.0,8.0,0.0,commits
TEAM_10,2025.2,-5,1.0,Lower evaluator score / weaker planning,2.4375,False,0.0,8.0,12.5,commits
TEAM_10,2025.2,-4,1.0,Lower evaluator score / weaker planning,2.4375,False,0.0,8.0,12.5,commits
TEAM_10,2025.2,-3,1.0,Lower evaluator score / weaker planning,2.4375,False,0.0,8.0,12.5,commits
TEAM_10,2025.2,-2,1.0,Lower evaluator score / weaker planning,2.4375,False,0.0,8.0,12.5,commits
TEAM_10,2025.2,-1,1.0,Lower evaluator score / weaker planning,2.4375,False,0.0,8.0,12.5,commits
TEAM_10,2025.2,0,7.0,Lower evaluator score / weaker planning,2.4375,False,0.0,8.0,87.5,commits
